read_img,300.1325652599335,302.5127594470978,bigbrain_3076_1809_0.nii,soen499-worker-14.novalocal,139982757062400,31879
read_img,302.51389932632446,303.75635957717896,bigbrain_3076_2412_2776.nii,soen499-worker-14.novalocal,139981660284672,31879
save_incremented,680.34961104393,734.318151473999,bigbrain_2307_2412_1388.nii,soen499-worker-5.novalocal,139918272214784,27636
read_img,261.61799478530884,304.55784034729004,bigbrain_3076_1809_2082.nii,soen499-worker-13.novalocal,140535451834112,28770
increment,264.04115653038025,267.585280418396,bigbrain_2307_603_1388.nii,soen499-worker-13.novalocal,140535443441408,28770
read_img,261.73969054222107,304.55876779556274,bigbrain_3076_603_0.nii,soen499-worker-13.novalocal,140535012517632,28770
save_incremented,223.38847160339355,304.4447250366211,bigbrain_2307_1809_2776.nii,soen499-worker-13.novalocal,140535435048704,28770
read_img,305.3897957801819,306.65224170684814,bigbrain_769_1809_1388.nii,soen499-worker-13.novalocal,140535004124928,28770
read_img,304.56198835372925,307.2802896499634,bigbrain_769_0_2776.nii,soen499-worker-13.novalocal,140534987339520,28770
read_img,306.93381214141846,307.8891291618347,bigbrain_769_0_1388.nii,soen499-worker-14.novalocal,139981668677376,31879
read_img,165.68139815330505,308.1408705711365,bigbrain_3076_0_694.nii,soen499-worker-13.novalocal,140535020910336,28770
increment,274.5097267627716,278.04489040374756,bigbrain_769_1206_2082.nii,soen499-worker-9.novalocal,140602504746752,28357
increment,305.2675566673279,308.80551838874817,bigbrain_3076_0_2082.nii,soen499-worker-14.novalocal,139982748669696,31879
read_img,308.52872347831726,310.44459867477417,bigbrain_769_1206_694.nii,soen499-worker-14.novalocal,139982731884288,31879
save_incremented,711.9024119377136,741.7477912902832,bigbrain_769_603_1388.nii,soen499-worker-5.novalocal,139918238643968,27636
save_incremented,690.9950075149536,741.7516839504242,bigbrain_769_603_2082.nii,soen499-worker-6.novalocal,140128821876480,27339
save_incremented,709.6739394664764,741.7996492385864,bigbrain_769_1206_1388.nii,soen499-worker-5.novalocal,139918255429376,27636
increment,311.0566842556,314.59879755973816,bigbrain_3076_1809_2082.nii,soen499-worker-13.novalocal,140535451834112,28770
save_incremented,228.10269951820374,314.622346162796,bigbrain_0_2412_0.nii,soen499-worker-13.novalocal,140534995732224,28770
increment,313.8109931945801,317.3475911617279,bigbrain_2307_2412_694.nii,soen499-worker-14.novalocal,139982765455104,31879
read_img,291.8134322166443,294.5123116970062,bigbrain_2307_1809_694.nii,soen499-worker-16.novalocal,140545666041600,27595
read_img,316.75742745399475,319.8429832458496,bigbrain_769_2412_2082.nii,soen499-worker-14.novalocal,139982740276992,31879
save_incremented,238.02898573875427,316.7374966144562,bigbrain_0_2412_1388.nii,soen499-worker-16.novalocal,140545657648896,27595
read_img,316.7418370246887,321.0404727458954,bigbrain_2307_603_2082.nii,soen499-worker-16.novalocal,140545674434304,27595
read_img,320.10744190216064,321.46957445144653,bigbrain_3076_1206_0.nii,soen499-worker-16.novalocal,140545682827008,27595
read_img,321.47389578819275,322.4828541278839,bigbrain_3076_1809_2776.nii,soen499-worker-16.novalocal,140545649256192,27595
read_img,324.330863237381,325.25836515426636,bigbrain_3076_603_1388.nii,soen499-worker-16.novalocal,140546104706816,27595
save_incremented,282.2290983200073,327.5745244026184,bigbrain_0_1206_2776.nii,soen499-worker-16.novalocal,140545640863488,27595
save_incremented,17.7906973361969,268.93233370780945,bigbrain_1538_0_0.nii,soen499-worker-6.novalocal,140128847054592,27339
increment,322.860232591629,326.4070620536804,bigbrain_3076_1809_0.nii,soen499-worker-14.novalocal,139982757062400,31879
save_incremented,67.14582753181458,273.4124128818512,bigbrain_1538_2412_1388.nii,soen499-worker-6.novalocal,140127957608192,27339
save_incremented,67.23389410972595,327.59332299232483,bigbrain_0_0_1388.nii,soen499-worker-6.novalocal,140127966000896,27339
save_incremented,63.103078842163086,273.4290657043457,bigbrain_0_1206_694.nii,soen499-worker-6.novalocal,140128821876480,27339
save_incremented,76.94879722595215,329.70496106147766,bigbrain_1538_1206_2776.nii,soen499-worker-6.novalocal,140127949215488,27339
increment,327.8563959598541,331.4051685333252,bigbrain_3076_2412_2776.nii,soen499-worker-14.novalocal,139981660284672,31879
increment,330.89343214035034,334.6070787906647,bigbrain_2307_1809_694.nii,soen499-worker-16.novalocal,140545666041600,27595
read_img,332.77390933036804,334.70569109916687,bigbrain_769_1809_2082.nii,soen499-worker-16.novalocal,140545657648896,27595
increment,308.6847367286682,312.2183156013489,bigbrain_769_2412_0.nii,soen499-worker-9.novalocal,140600265996032,28357
increment,332.55162954330444,336.08350443840027,bigbrain_769_0_1388.nii,soen499-worker-14.novalocal,139981668677376,31879
increment,311.07788825035095,314.6103792190552,bigbrain_2307_2412_2082.nii,soen499-worker-9.novalocal,140602513139456,28357
save_incremented,276.8931813240051,339.06250762939453,bigbrain_3076_0_0.nii,soen499-worker-9.novalocal,140602496354048,28357
increment,333.8172335624695,337.35189843177795,bigbrain_2307_603_2082.nii,soen499-worker-16.novalocal,140545674434304,27595
increment,338.3865532875061,341.91923427581787,bigbrain_3076_1206_0.nii,soen499-worker-16.novalocal,140545682827008,27595
increment,341.26619720458984,344.8033187389374,bigbrain_3076_1809_2776.nii,soen499-worker-16.novalocal,140545649256192,27595
increment,344.0771279335022,347.60550570487976,bigbrain_3076_603_1388.nii,soen499-worker-16.novalocal,140546104706816,27595
read_img,329.1478624343872,350.90101432800293,bigbrain_769_0_694.nii,soen499-worker-16.novalocal,140545691219712,27595
increment,344.0950036048889,347.6339542865753,bigbrain_3076_603_0.nii,soen499-worker-13.novalocal,140535012517632,28770
read_img,351.3511154651642,352.6879777908325,bigbrain_769_2412_694.nii,soen499-worker-13.novalocal,140535435048704,28770
save_incremented,279.4343910217285,353.43833446502686,bigbrain_3076_1206_2776.nii,soen499-worker-9.novalocal,140602479568640,28357
read_img,300.12599515914917,315.65276193618774,bigbrain_2307_603_0.nii,soen499-worker-15.novalocal,139620885313280,28687
save_incremented,256.47846579551697,335.40015387535095,bigbrain_0_1809_694.nii,soen499-worker-15.novalocal,139620902098688,28687
save_incremented,296.1866703033447,355.4154291152954,bigbrain_0_603_2082.nii,soen499-worker-15.novalocal,139622550628096,28687
increment,353.49460458755493,357.0443003177643,bigbrain_769_1809_1388.nii,soen499-worker-13.novalocal,140535004124928,28770
increment,354.88624119758606,358.43637013435364,bigbrain_769_0_2776.nii,soen499-worker-13.novalocal,140534987339520,28770
read_img,335.4050884246826,358.2018368244171,bigbrain_3076_0_2776.nii,soen499-worker-15.novalocal,139620893705984,28687
read_img,355.41680550575256,359.46632981300354,bigbrain_3076_1809_1388.nii,soen499-worker-15.novalocal,139620910491392,28687
save_incremented,313.7293448448181,359.6956250667572,bigbrain_2307_603_1388.nii,soen499-worker-13.novalocal,140535443441408,28770
increment,356.9634289741516,360.5081307888031,bigbrain_3076_0_694.nii,soen499-worker-13.novalocal,140535020910336,28770
read_img,359.47085976600647,361.2174437046051,bigbrain_3076_2412_694.nii,soen499-worker-15.novalocal,139620918884096,28687
increment,364.43115615844727,367.972101688385,bigbrain_2307_603_0.nii,soen499-worker-15.novalocal,139620885313280,28687
read_img,366.38710045814514,369.05830454826355,bigbrain_769_1809_0.nii,soen499-worker-15.novalocal,139620902098688,28687
increment,338.1387312412262,341.6729655265808,bigbrain_769_1206_694.nii,soen499-worker-14.novalocal,139982731884288,31879
read_img,319.94720554351807,372.3344407081604,bigbrain_3076_1206_694.nii,soen499-worker-14.novalocal,139982723491584,31879
read_img,369.06197023391724,372.1320917606354,bigbrain_769_2412_2776.nii,soen499-worker-15.novalocal,139622550628096,28687
save_incremented,296.7504229545593,373.0869348049164,bigbrain_1538_1206_0.nii,soen499-worker-15.novalocal,139622559020800,28687
increment,372.00966572761536,375.5782814025879,bigbrain_3076_0_2776.nii,soen499-worker-15.novalocal,139620893705984,28687
increment,373.66145420074463,377.21918201446533,bigbrain_3076_1809_1388.nii,soen499-worker-15.novalocal,139620910491392,28687
increment,353.07580852508545,356.6132776737213,bigbrain_769_603_2776.nii,soen499-worker-9.novalocal,140602521532160,28357
save_incremented,339.0395359992981,378.4082119464874,bigbrain_3076_2412_1388.nii,soen499-worker-9.novalocal,140602487961344,28357
read_img,359.47178649902344,378.6298768520355,bigbrain_769_0_2082.nii,soen499-worker-15.novalocal,139622567413504,28687
increment,376.7464418411255,380.300493478775,bigbrain_3076_2412_694.nii,soen499-worker-15.novalocal,139620918884096,28687
increment,386.4466235637665,389.9840986728668,bigbrain_769_2412_694.nii,soen499-worker-13.novalocal,140535435048704,28770
save_incremented,92.27816128730774,297.63071966171265,bigbrain_0_1809_0.nii,soen499-worker-5.novalocal,139918247036672,27636
save_incremented,158.1443111896515,393.37207865715027,bigbrain_2307_1206_2776.nii,soen499-worker-5.novalocal,139918255429376,27636
save_incremented,157.4252908229828,395.98424315452576,bigbrain_1538_2412_2082.nii,soen499-worker-5.novalocal,139917294491392,27636
save_incremented,353.00715470314026,401.07116413116455,bigbrain_3076_603_694.nii,soen499-worker-9.novalocal,140599539988224,28357
increment,371.5530295372009,375.08850717544556,bigbrain_769_2412_2082.nii,soen499-worker-14.novalocal,139982740276992,31879
save_incremented,334.0598702430725,407.9467375278473,bigbrain_3076_0_2082.nii,soen499-worker-14.novalocal,139982748669696,31879
read_img,350.019091129303,397.4188196659088,bigbrain_3076_1206_2082.nii,soen499-worker-5.novalocal,139918263822080,27636
save_incremented,157.41434931755066,414.44823360443115,bigbrain_1538_1206_694.nii,soen499-worker-5.novalocal,139918238643968,27636
read_img,292.5586552619934,418.4782385826111,bigbrain_2307_2412_2776.nii,soen499-worker-12.novalocal,140363182819072,29531
save_incremented,233.1375949382782,292.5574264526367,bigbrain_2307_1809_0.nii,soen499-worker-12.novalocal,140363166033664,29531
save_incremented,278.67966508865356,418.75547885894775,bigbrain_0_603_0.nii,soen499-worker-12.novalocal,140363191211776,29531
save_incremented,278.6888108253479,417.9073796272278,bigbrain_0_1809_2082.nii,soen499-worker-12.novalocal,140362159150848,29531
save_incremented,282.21127438545227,422.69019293785095,bigbrain_1538_2412_694.nii,soen499-worker-12.novalocal,140362167543552,29531
read_img,407.7896821498871,417.35773611068726,bigbrain_3076_2412_0.nii,soen499-worker-5.novalocal,139917311276800,27636
read_img,417.91126012802124,423.84068989753723,bigbrain_769_0_0.nii,soen499-worker-12.novalocal,140363174426368,29531
read_img,0.2186298370361328,1.4753150939941406,bigbrain_2307_1206_2082.nii,soen499-worker-6.novalocal,140125806327552,27339
read_img,0.21271753311157227,2.294459342956543,bigbrain_1538_0_2082.nii,soen499-worker-9.novalocal,140602479568640,28357
read_img,0.21178126335144043,2.034776210784912,bigbrain_0_0_2082.nii,soen499-worker-5.novalocal,139918272214784,27636
read_img,0.21422815322875977,2.6713218688964844,bigbrain_0_603_0.nii,soen499-worker-12.novalocal,140363191211776,29531
read_img,0.20989489555358887,1.528099775314331,bigbrain_1538_1206_2082.nii,soen499-worker-16.novalocal,140545649256192,27595
read_img,0.21430468559265137,2.1201388835906982,bigbrain_1538_0_2776.nii,soen499-worker-12.novalocal,140363182819072,29531
read_img,0.21662354469299316,2.9875667095184326,bigbrain_1538_603_0.nii,soen499-worker-14.novalocal,139982765455104,31879
read_img,0.2146618366241455,2.523023843765259,bigbrain_0_1809_2776.nii,soen499-worker-14.novalocal,139982748669696,31879
read_img,0.21014666557312012,2.7053380012512207,bigbrain_2307_1206_1388.nii,soen499-worker-16.novalocal,140545666041600,27595
read_img,0.21791362762451172,3.6382060050964355,bigbrain_1538_0_0.nii,soen499-worker-6.novalocal,140128847054592,27339
read_img,0.21246051788330078,3.2608628273010254,bigbrain_0_1809_1388.nii,soen499-worker-9.novalocal,140602504746752,28357
read_img,0.21315693855285645,3.7115814685821533,bigbrain_2307_0_1388.nii,soen499-worker-9.novalocal,140599539988224,28357
read_img,0.21229267120361328,1.9789395332336426,bigbrain_0_0_2776.nii,soen499-worker-9.novalocal,140602496354048,28357
read_img,0.21321797370910645,3.712019920349121,bigbrain_2307_1206_694.nii,soen499-worker-9.novalocal,140602487961344,28357
read_img,0.2130265235900879,3.713143825531006,bigbrain_1538_2412_2776.nii,soen499-worker-9.novalocal,140602513139456,28357
read_img,0.2127981185913086,3.806739091873169,bigbrain_1538_1809_0.nii,soen499-worker-9.novalocal,140600265996032,28357
read_img,0.2099757194519043,2.375950336456299,bigbrain_1538_2412_0.nii,soen499-worker-16.novalocal,140545691219712,27595
read_img,0.20949435234069824,3.128326416015625,bigbrain_0_0_0.nii,soen499-worker-16.novalocal,140545674434304,27595
read_img,0.21400928497314453,2.671396493911743,bigbrain_0_0_694.nii,soen499-worker-12.novalocal,140363174426368,29531
read_img,0.2100508213043213,3.2159252166748047,bigbrain_1538_603_2776.nii,soen499-worker-16.novalocal,140545682827008,27595
read_img,0.20973610877990723,4.13261866569519,bigbrain_0_603_694.nii,soen499-worker-16.novalocal,140546104706816,27595
read_img,0.20965814590454102,4.230650186538696,bigbrain_0_2412_1388.nii,soen499-worker-16.novalocal,140545657648896,27595
read_img,0.2095792293548584,4.235607624053955,bigbrain_0_1206_2776.nii,soen499-worker-16.novalocal,140545640863488,27595
read_img,0.2169504165649414,3.087357997894287,bigbrain_2307_1809_1388.nii,soen499-worker-14.novalocal,139982757062400,31879
read_img,0.21326828002929688,2.9344890117645264,bigbrain_0_2412_2776.nii,soen499-worker-5.novalocal,139917302884096,27636
read_img,0.21344423294067383,2.934931755065918,bigbrain_1538_0_1388.nii,soen499-worker-5.novalocal,139918263822080,27636
read_img,0.21375465393066406,3.748854637145996,bigbrain_2307_0_0.nii,soen499-worker-5.novalocal,139917311276800,27636
read_img,0.2118842601776123,3.9461724758148193,bigbrain_0_1809_0.nii,soen499-worker-5.novalocal,139918247036672,27636
read_img,0.21259713172912598,4.376326084136963,bigbrain_0_2412_694.nii,soen499-worker-9.novalocal,140602521532160,28357
read_img,0.21513724327087402,3.858900308609009,bigbrain_1538_1809_2082.nii,soen499-worker-14.novalocal,139982740276992,31879
read_img,0.21362090110778809,3.8494207859039307,bigbrain_1538_2412_2082.nii,soen499-worker-5.novalocal,139917294491392,27636
read_img,0.216780424118042,3.8592147827148438,bigbrain_2307_0_2776.nii,soen499-worker-14.novalocal,139981660284672,31879
read_img,0.21451520919799805,3.8608670234680176,bigbrain_0_1206_0.nii,soen499-worker-14.novalocal,139982731884288,31879
read_img,0.21484780311584473,4.494580268859863,bigbrain_0_603_1388.nii,soen499-worker-14.novalocal,139982723491584,31879
read_img,0.21501803398132324,4.497443914413452,bigbrain_1538_0_694.nii,soen499-worker-14.novalocal,139981668677376,31879
read_img,0.21355366706848145,4.426846027374268,bigbrain_1538_1206_694.nii,soen499-worker-5.novalocal,139918238643968,27636
read_img,0.2138655185699463,4.426690340042114,bigbrain_2307_1206_2776.nii,soen499-worker-5.novalocal,139918255429376,27636
read_img,0.214508056640625,3.7332897186279297,bigbrain_2307_0_694.nii,soen499-worker-15.novalocal,139620885313280,28687
read_img,0.21441650390625,4.248540878295898,bigbrain_1538_603_1388.nii,soen499-worker-15.novalocal,139620910491392,28687
read_img,0.2177717685699463,3.744919776916504,bigbrain_0_1206_694.nii,soen499-worker-6.novalocal,140128821876480,27339
read_img,0.21785807609558105,4.819396495819092,bigbrain_0_2412_2082.nii,soen499-worker-6.novalocal,140128838661888,27339
read_img,0.2183246612548828,4.818299293518066,bigbrain_1538_2412_1388.nii,soen499-worker-6.novalocal,140127957608192,27339
read_img,0.21814703941345215,4.818750381469727,bigbrain_1538_1206_2776.nii,soen499-worker-6.novalocal,140127949215488,27339
read_img,0.21766400337219238,4.819274663925171,bigbrain_0_0_1388.nii,soen499-worker-6.novalocal,140127966000896,27339
read_img,0.21845149993896484,4.93961238861084,bigbrain_1538_603_694.nii,soen499-worker-6.novalocal,140128830269184,27339
read_img,0.21538829803466797,5.036819219589233,bigbrain_1538_1809_1388.nii,soen499-worker-12.novalocal,140362175936256,29531
read_img,0.21553254127502441,4.660077810287476,bigbrain_2307_0_2082.nii,soen499-worker-12.novalocal,140363199604480,29531
read_img,0.21413183212280273,5.129098892211914,bigbrain_0_1809_2082.nii,soen499-worker-12.novalocal,140362159150848,29531
read_img,0.2155895233154297,5.128647327423096,bigbrain_2307_1809_0.nii,soen499-worker-12.novalocal,140363166033664,29531
read_img,0.21546483039855957,5.1290130615234375,bigbrain_1538_2412_694.nii,soen499-worker-12.novalocal,140362167543552,29531
read_img,0.21431875228881836,4.143206834793091,bigbrain_1538_1809_2776.nii,soen499-worker-15.novalocal,139620893705984,28687
save_incremented,358.8320167064667,424.0055251121521,bigbrain_3076_1809_2082.nii,soen499-worker-13.novalocal,140535451834112,28770
read_img,0.21391773223876953,4.2497406005859375,bigbrain_0_1206_1388.nii,soen499-worker-15.novalocal,139620918884096,28687
read_img,0.21457719802856445,4.762634515762329,bigbrain_2307_1809_2082.nii,soen499-worker-15.novalocal,139622567413504,28687
read_img,0.21422839164733887,5.430279970169067,bigbrain_1538_1206_0.nii,soen499-worker-15.novalocal,139622559020800,28687
read_img,0.21410870552062988,5.430628538131714,bigbrain_0_603_2082.nii,soen499-worker-15.novalocal,139622550628096,28687
read_img,0.2140045166015625,5.430720567703247,bigbrain_0_1809_694.nii,soen499-worker-15.novalocal,139620902098688,28687
read_img,0.21797394752502441,5.026143550872803,bigbrain_1538_603_2082.nii,soen499-worker-13.novalocal,140535020910336,28770
read_img,0.21663308143615723,1.8066320419311523,bigbrain_1538_1809_694.nii,soen499-worker-13.novalocal,140535443441408,28770
read_img,0.21654534339904785,5.025996446609497,bigbrain_1538_1206_1388.nii,soen499-worker-13.novalocal,140535004124928,28770
read_img,0.21644949913024902,5.026081323623657,bigbrain_0_603_2776.nii,soen499-worker-13.novalocal,140535451834112,28770
read_img,0.21621012687683105,5.138487815856934,bigbrain_0_1206_2082.nii,soen499-worker-13.novalocal,140535012517632,28770
read_img,0.21878814697265625,5.025404930114746,bigbrain_2307_1206_0.nii,soen499-worker-13.novalocal,140534987339520,28770
read_img,0.21918511390686035,5.68606972694397,bigbrain_2307_1809_2776.nii,soen499-worker-13.novalocal,140535435048704,28770
read_img,0.21632862091064453,5.687339544296265,bigbrain_0_2412_0.nii,soen499-worker-13.novalocal,140534995732224,28770
increment,382.0280020236969,385.5649645328522,bigbrain_769_1809_0.nii,soen499-worker-15.novalocal,139620902098688,28687
increment,4.132713794708252,7.67251992225647,bigbrain_1538_1206_2082.nii,soen499-worker-16.novalocal,140545649256192,27595
increment,4.222980737686157,7.8208394050598145,bigbrain_1538_0_2082.nii,soen499-worker-9.novalocal,140602479568640,28357
increment,4.417635202407837,7.950488090515137,bigbrain_1538_2412_0.nii,soen499-worker-16.novalocal,140545691219712,27595
increment,4.41652250289917,7.95134162902832,bigbrain_0_0_0.nii,soen499-worker-16.novalocal,140545674434304,27595
increment,4.417699098587036,7.951394081115723,bigbrain_2307_1206_1388.nii,soen499-worker-16.novalocal,140545666041600,27595
increment,4.376162052154541,7.962740659713745,bigbrain_0_1809_1388.nii,soen499-worker-9.novalocal,140602504746752,28357
increment,4.507214546203613,8.035983562469482,bigbrain_0_0_2082.nii,soen499-worker-5.novalocal,139918272214784,27636
increment,4.496258497238159,8.042576313018799,bigbrain_1538_603_0.nii,soen499-worker-14.novalocal,139982765455104,31879
increment,4.580749988555908,8.135741472244263,bigbrain_2307_1206_694.nii,soen499-worker-9.novalocal,140602487961344,28357
increment,4.63319993019104,8.16459035873413,bigbrain_1538_603_2776.nii,soen499-worker-16.novalocal,140545682827008,27595
increment,4.693603515625,8.238847970962524,bigbrain_0_0_2776.nii,soen499-worker-9.novalocal,140602496354048,28357
increment,4.693267822265625,8.23903203010559,bigbrain_1538_2412_2776.nii,soen499-worker-9.novalocal,140602513139456,28357
increment,4.693559885025024,8.238968133926392,bigbrain_2307_0_1388.nii,soen499-worker-9.novalocal,140599539988224,28357
increment,4.216650485992432,8.26221489906311,bigbrain_2307_1206_2082.nii,soen499-worker-6.novalocal,140125806327552,27339
increment,4.771263360977173,8.305145740509033,bigbrain_0_1809_2776.nii,soen499-worker-14.novalocal,139982748669696,31879
increment,4.795773506164551,8.329746961593628,bigbrain_1538_1809_0.nii,soen499-worker-9.novalocal,140600265996032,28357
increment,4.802213430404663,8.344207763671875,bigbrain_0_2412_2776.nii,soen499-worker-5.novalocal,139917302884096,27636
increment,4.82421350479126,8.357579946517944,bigbrain_0_603_694.nii,soen499-worker-16.novalocal,140546104706816,27595
increment,4.951636552810669,8.489412307739258,bigbrain_0_2412_694.nii,soen499-worker-9.novalocal,140602521532160,28357
increment,4.97265100479126,8.512590885162354,bigbrain_2307_1809_1388.nii,soen499-worker-14.novalocal,139982757062400,31879
increment,4.9949867725372314,8.546748399734497,bigbrain_1538_0_0.nii,soen499-worker-6.novalocal,140128847054592,27339
increment,5.011414527893066,8.552003145217896,bigbrain_2307_0_0.nii,soen499-worker-5.novalocal,139917311276800,27636
increment,5.035070896148682,8.59625244140625,bigbrain_0_2412_1388.nii,soen499-worker-16.novalocal,140545657648896,27595
increment,5.062541961669922,8.61466383934021,bigbrain_2307_0_2776.nii,soen499-worker-14.novalocal,139981660284672,31879
increment,5.086838006973267,8.660418510437012,bigbrain_0_1809_0.nii,soen499-worker-5.novalocal,139918247036672,27636
increment,5.0814549922943115,8.661922454833984,bigbrain_0_1206_694.nii,soen499-worker-6.novalocal,140128821876480,27339
increment,5.153237581253052,8.687185287475586,bigbrain_0_1206_2776.nii,soen499-worker-16.novalocal,140545640863488,27595
increment,5.170605421066284,8.750821352005005,bigbrain_1538_1809_2082.nii,soen499-worker-14.novalocal,139982740276992,31879
increment,5.217986106872559,8.753167629241943,bigbrain_1538_0_1388.nii,soen499-worker-5.novalocal,139918263822080,27636
increment,5.2187769412994385,8.76401686668396,bigbrain_1538_2412_1388.nii,soen499-worker-6.novalocal,140127957608192,27339
increment,5.25796103477478,8.786867141723633,bigbrain_0_0_694.nii,soen499-worker-12.novalocal,140363174426368,29531
increment,5.309598207473755,8.85612440109253,bigbrain_0_1206_0.nii,soen499-worker-14.novalocal,139982731884288,31879
increment,5.600185394287109,9.13654375076294,bigbrain_1538_603_1388.nii,soen499-worker-15.novalocal,139620910491392,28687
increment,5.680138349533081,9.221652030944824,bigbrain_1538_0_2776.nii,soen499-worker-12.novalocal,140363182819072,29531
increment,5.759779691696167,9.290823221206665,bigbrain_1538_1809_2776.nii,soen499-worker-15.novalocal,139620893705984,28687
increment,5.884817123413086,9.415901899337769,bigbrain_1538_1809_1388.nii,soen499-worker-12.novalocal,140362175936256,29531
increment,6.066377639770508,9.608345985412598,bigbrain_1538_603_2082.nii,soen499-worker-13.novalocal,140535020910336,28770
increment,6.211721897125244,9.73977017402649,bigbrain_2307_0_694.nii,soen499-worker-15.novalocal,139620885313280,28687
increment,6.408924341201782,9.93459677696228,bigbrain_2307_0_2082.nii,soen499-worker-12.novalocal,140363199604480,29531
increment,6.60691499710083,10.140887022018433,bigbrain_2307_1809_2082.nii,soen499-worker-15.novalocal,139622567413504,28687
increment,6.6004228591918945,10.145930051803589,bigbrain_1538_1809_694.nii,soen499-worker-13.novalocal,140535443441408,28770
increment,6.8390257358551025,10.379206657409668,bigbrain_0_603_2776.nii,soen499-worker-13.novalocal,140535451834112,28770
increment,6.914156913757324,10.450130939483643,bigbrain_0_1206_1388.nii,soen499-worker-15.novalocal,139620918884096,28687
increment,7.067016839981079,10.607188701629639,bigbrain_0_1206_2082.nii,soen499-worker-13.novalocal,140535012517632,28770
read_img,329.645388841629,388.2413296699524,bigbrain_2307_2412_0.nii,soen499-worker-6.novalocal,140125806327552,27339
save_incremented,268.9310004711151,439.3736209869385,bigbrain_1538_603_694.nii,soen499-worker-6.novalocal,140128830269184,27339
save_incremented,381.95090222358704,444.5882396697998,bigbrain_2307_603_0.nii,soen499-worker-15.novalocal,139620885313280,28687
increment,5.601058006286621,9.140139818191528,bigbrain_0_0_1388.nii,soen499-worker-6.novalocal,140127966000896,27339
increment,432.7066140174866,436.23366498947144,bigbrain_2307_2412_2776.nii,soen499-worker-12.novalocal,140363182819072,29531
increment,6.361751317977905,9.910882711410522,bigbrain_1538_1206_2776.nii,soen499-worker-6.novalocal,140127949215488,27339
increment,5.863126039505005,9.411924123764038,bigbrain_0_2412_2082.nii,soen499-worker-6.novalocal,140128838661888,27339
increment,6.733197450637817,10.268311023712158,bigbrain_1538_603_694.nii,soen499-worker-6.novalocal,140128830269184,27339
save_incremented,327.59016513824463,444.69093585014343,bigbrain_0_2412_2082.nii,soen499-worker-6.novalocal,140128838661888,27339
increment,444.5884156227112,448.1301290988922,bigbrain_769_2412_2776.nii,soen499-worker-15.novalocal,139622550628096,28687
read_img,427.6385633945465,441.4674882888794,bigbrain_3076_603_2776.nii,soen499-worker-5.novalocal,139918247036672,27636
increment,5.706912517547607,9.240078210830688,bigbrain_0_603_1388.nii,soen499-worker-14.novalocal,139982723491584,31879
increment,5.980661153793335,9.51713252067566,bigbrain_1538_0_694.nii,soen499-worker-14.novalocal,139981668677376,31879
increment,350.04491567611694,353.5801908969879,bigbrain_769_1809_2082.nii,soen499-worker-16.novalocal,140545657648896,27595
save_incremented,347.75018429756165,449.0329649448395,bigbrain_2307_1809_694.nii,soen499-worker-16.novalocal,140545666041600,27595
save_incremented,351.0769455432892,451.0853214263916,bigbrain_2307_603_2082.nii,soen499-worker-16.novalocal,140545674434304,27595
increment,7.266710042953491,10.82138705253601,bigbrain_2307_1206_0.nii,soen499-worker-13.novalocal,140534987339520,28770
increment,5.558276176452637,9.094189167022705,bigbrain_1538_2412_2082.nii,soen499-worker-5.novalocal,139917294491392,27636
increment,5.780308246612549,9.324434280395508,bigbrain_1538_1206_694.nii,soen499-worker-5.novalocal,139918238643968,27636
increment,6.263764142990112,9.803683280944824,bigbrain_2307_1206_2776.nii,soen499-worker-5.novalocal,139918255429376,27636
read_img,449.1487865447998,458.07862162590027,bigbrain_769_1206_0.nii,soen499-worker-6.novalocal,140127949215488,27339
read_img,454.34490752220154,461.7658839225769,bigbrain_769_603_694.nii,soen499-worker-12.novalocal,140362159150848,29531
read_img,449.3392994403839,458.81779193878174,bigbrain_769_1809_694.nii,soen499-worker-5.novalocal,139917294491392,27636
increment,459.2514433860779,462.7854514122009,bigbrain_3076_1206_2082.nii,soen499-worker-5.novalocal,139918263822080,27636
increment,461.75416231155396,465.30139923095703,bigbrain_3076_2412_0.nii,soen499-worker-5.novalocal,139917311276800,27636
increment,463.44016695022583,466.9777307510376,bigbrain_2307_2412_0.nii,soen499-worker-6.novalocal,140125806327552,27339
increment,465.63094449043274,469.1721968650818,bigbrain_769_0_0.nii,soen499-worker-12.novalocal,140363174426368,29531
increment,467.7919342517853,471.3439004421234,bigbrain_3076_603_2776.nii,soen499-worker-5.novalocal,139918247036672,27636
read_img,300.15152883529663,478.8509633541107,bigbrain_2307_603_694.nii,soen499-worker-5.novalocal,139917302884096,27636
read_img,238.80316472053528,479.4908757209778,bigbrain_2307_2412_1388.nii,soen499-worker-5.novalocal,139918272214784,27636
save_incremented,378.40676164627075,481.67558455467224,bigbrain_769_1206_2082.nii,soen499-worker-9.novalocal,140602504746752,28357
save_incremented,401.0019681453705,485.8542311191559,bigbrain_769_2412_0.nii,soen499-worker-9.novalocal,140600265996032,28357
increment,479.6107475757599,483.13899087905884,bigbrain_769_1809_694.nii,soen499-worker-5.novalocal,139917294491392,27636
increment,481.3422257900238,484.87851333618164,bigbrain_769_1206_0.nii,soen499-worker-6.novalocal,140127949215488,27339
save_incremented,8.416507005691528,63.21604108810425,bigbrain_2307_1206_2082.nii,soen499-worker-6.novalocal,140125806327552,27339
save_incremented,423.9982419013977,513.4876880645752,bigbrain_769_0_2776.nii,soen499-worker-13.novalocal,140534987339520,28770
save_incremented,417.86480474472046,504.6927878856659,bigbrain_769_1809_1388.nii,soen499-worker-13.novalocal,140535004124928,28770
save_incremented,8.424773454666138,84.84121537208557,bigbrain_0_1809_2776.nii,soen499-worker-14.novalocal,139982748669696,31879
save_incremented,8.35442852973938,84.85496926307678,bigbrain_1538_603_0.nii,soen499-worker-14.novalocal,139982765455104,31879
save_incremented,385.33701944351196,495.96312069892883,bigbrain_3076_603_0.nii,soen499-worker-13.novalocal,140535012517632,28770
save_incremented,407.7274193763733,522.9042634963989,bigbrain_3076_1809_0.nii,soen499-worker-14.novalocal,139982757062400,31879
save_incremented,368.7583258152008,522.5307593345642,bigbrain_2307_2412_694.nii,soen499-worker-14.novalocal,139982765455104,31879
save_incremented,8.306629657745361,92.27800250053406,bigbrain_0_0_2082.nii,soen499-worker-5.novalocal,139918272214784,27636
save_incremented,8.467964172363281,92.27923941612244,bigbrain_0_2412_2776.nii,soen499-worker-5.novalocal,139917302884096,27636
save_incremented,403.7484121322632,525.3418312072754,bigbrain_2307_2412_2082.nii,soen499-worker-9.novalocal,140602513139456,28357
save_incremented,484.16271781921387,528.1889996528625,bigbrain_769_603_2776.nii,soen499-worker-9.novalocal,140602521532160,28357
increment,475.1822521686554,478.7179174423218,bigbrain_769_603_694.nii,soen499-worker-12.novalocal,140362159150848,29531
save_incremented,469.89968156814575,532.0567576885223,bigbrain_2307_2412_2776.nii,soen499-worker-12.novalocal,140363182819072,29531
read_img,423.84440302848816,534.7076241970062,bigbrain_769_2412_1388.nii,soen499-worker-12.novalocal,140363199604480,29531
read_img,423.8437623977661,535.2369191646576,bigbrain_769_1206_2776.nii,soen499-worker-12.novalocal,140362175936256,29531
increment,503.5733177661896,507.12542271614075,bigbrain_769_0_2082.nii,soen499-worker-15.novalocal,139622567413504,28687
increment,522.6659252643585,526.2085990905762,bigbrain_3076_1206_694.nii,soen499-worker-14.novalocal,139982723491584,31879
save_incremented,412.369909286499,537.5224053859711,bigbrain_3076_2412_2776.nii,soen499-worker-14.novalocal,139981660284672,31879
save_incremented,445.0803105831146,536.7515952587128,bigbrain_3076_0_2776.nii,soen499-worker-15.novalocal,139620893705984,28687
save_incremented,412.35970640182495,537.5279605388641,bigbrain_769_0_1388.nii,soen499-worker-14.novalocal,139981668677376,31879
read_img,378.6462550163269,550.4745271205902,bigbrain_3076_0_1388.nii,soen499-worker-13.novalocal,140534995732224,28770
read_img,442.8890016078949,555.9715712070465,bigbrain_3076_1809_694.nii,soen499-worker-6.novalocal,140128847054592,27339
read_img,442.8875422477722,554.4436721801758,bigbrain_2307_603_2776.nii,soen499-worker-6.novalocal,140127966000896,27339
read_img,430.67094564437866,558.0956797599792,bigbrain_3076_2412_2082.nii,soen499-worker-13.novalocal,140535443441408,28770
save_incremented,8.491806030273438,123.0001335144043,bigbrain_0_0_2776.nii,soen499-worker-9.novalocal,140602496354048,28357
read_img,444.6942903995514,558.0923764705658,bigbrain_3076_603_2082.nii,soen499-worker-6.novalocal,140127957608192,27339
read_img,454.0471956729889,559.1293158531189,bigbrain_769_603_2082.nii,soen499-worker-6.novalocal,140128821876480,27339
increment,556.5996825695038,560.1461861133575,bigbrain_3076_0_1388.nii,soen499-worker-13.novalocal,140534995732224,28770
save_incremented,8.535954236984253,136.13095903396606,bigbrain_1538_2412_2776.nii,soen499-worker-9.novalocal,140602513139456,28357
save_incremented,7.968870401382446,134.02383399009705,bigbrain_1538_0_2082.nii,soen499-worker-9.novalocal,140602479568640,28357
increment,561.5805456638336,565.1284382343292,bigbrain_3076_2412_2082.nii,soen499-worker-13.novalocal,140535443441408,28770
save_incremented,522.525808095932,561.8763439655304,bigbrain_769_1206_694.nii,soen499-worker-14.novalocal,139982731884288,31879
increment,7.6230316162109375,11.164934396743774,bigbrain_1538_1206_1388.nii,soen499-worker-13.novalocal,140535004124928,28770
increment,7.6231606006622314,11.170180320739746,bigbrain_0_2412_0.nii,soen499-worker-13.novalocal,140534995732224,28770
increment,7.6232640743255615,11.17466425895691,bigbrain_2307_1809_2776.nii,soen499-worker-13.novalocal,140535435048704,28770
save_incremented,10.28470778465271,104.40613150596619,bigbrain_1538_1809_694.nii,soen499-worker-13.novalocal,140535443441408,28770
save_incremented,9.914216995239258,140.38082766532898,bigbrain_1538_603_2082.nii,soen499-worker-13.novalocal,140535020910336,28770
save_incremented,10.517824172973633,140.39661502838135,bigbrain_0_603_2776.nii,soen499-worker-13.novalocal,140535451834112,28770
increment,454.5980417728424,458.13074374198914,bigbrain_769_0_694.nii,soen499-worker-16.novalocal,140545691219712,27595
save_incremented,391.18849420547485,560.0835227966309,bigbrain_3076_1206_0.nii,soen499-worker-16.novalocal,140545682827008,27595
read_img,445.7453615665436,536.2657504081726,bigbrain_3076_1206_1388.nii,soen499-worker-12.novalocal,140363166033664,29531
save_incremented,540.1160025596619,595.4716110229492,bigbrain_769_2412_2082.nii,soen499-worker-14.novalocal,139982740276992,31879
save_incremented,465.82107877731323,570.485221862793,bigbrain_3076_0_694.nii,soen499-worker-13.novalocal,140535020910336,28770
save_incremented,496.28588938713074,595.9832639694214,bigbrain_769_2412_694.nii,soen499-worker-13.novalocal,140535435048704,28770
save_incremented,451.1432206630707,601.7115476131439,bigbrain_3076_1809_1388.nii,soen499-worker-15.novalocal,139620910491392,28687
read_img,435.54503560066223,609.2611863613129,bigbrain_769_1809_2776.nii,soen499-worker-15.novalocal,139622559020800,28687
save_incremented,450.463175535202,615.0187885761261,bigbrain_3076_603_1388.nii,soen499-worker-16.novalocal,140546104706816,27595
read_img,346.09716033935547,588.0179855823517,bigbrain_769_603_0.nii,soen499-worker-16.novalocal,140545640863488,27595
save_incremented,447.2552444934845,615.0313506126404,bigbrain_3076_1809_2776.nii,soen499-worker-16.novalocal,140545649256192,27595
save_incremented,502.50921058654785,613.8110890388489,bigbrain_2307_2412_0.nii,soen499-worker-6.novalocal,140125806327552,27339
increment,615.0804414749146,618.6175963878632,bigbrain_2307_603_2776.nii,soen499-worker-6.novalocal,140127966000896,27339
increment,619.1272547245026,622.6670961380005,bigbrain_3076_1809_694.nii,soen499-worker-6.novalocal,140128847054592,27339
increment,7.299149036407471,10.833561658859253,bigbrain_0_603_2082.nii,soen499-worker-15.novalocal,139622550628096,28687
increment,7.476031303405762,11.007296323776245,bigbrain_0_1809_694.nii,soen499-worker-15.novalocal,139620902098688,28687
increment,7.187009334564209,10.742429733276367,bigbrain_1538_1206_0.nii,soen499-worker-15.novalocal,139622559020800,28687
save_incremented,10.033673763275146,196.6103434562683,bigbrain_2307_0_694.nii,soen499-worker-15.novalocal,139620885313280,28687
save_incremented,9.835319995880127,194.75047087669373,bigbrain_1538_1809_2776.nii,soen499-worker-15.novalocal,139620893705984,28687
save_incremented,9.695936918258667,194.7600839138031,bigbrain_1538_603_1388.nii,soen499-worker-15.novalocal,139620910491392,28687
save_incremented,572.0220749378204,627.6715593338013,bigbrain_3076_1206_694.nii,soen499-worker-14.novalocal,139982723491584,31879
increment,624.8593466281891,628.4002039432526,bigbrain_3076_603_2082.nii,soen499-worker-6.novalocal,140127957608192,27339
save_incremented,528.1157748699188,629.1494073867798,bigbrain_769_1206_0.nii,soen499-worker-6.novalocal,140127949215488,27339
save_incremented,533.6233532428741,630.7163548469543,bigbrain_769_0_0.nii,soen499-worker-12.novalocal,140363174426368,29531
increment,630.1535041332245,633.688857793808,bigbrain_769_1206_2776.nii,soen499-worker-12.novalocal,140362175936256,29531
increment,544.4106206893921,547.9459297657013,bigbrain_2307_603_694.nii,soen499-worker-5.novalocal,139917302884096,27636
read_img,432.13214588165283,591.3785510063171,bigbrain_769_1206_1388.nii,soen499-worker-5.novalocal,139918255429376,27636
increment,635.707288980484,639.2411935329437,bigbrain_769_2412_1388.nii,soen499-worker-12.novalocal,140363199604480,29531
save_incremented,487.08895206451416,638.7714555263519,bigbrain_3076_2412_0.nii,soen499-worker-5.novalocal,139917311276800,27636
increment,591.3784387111664,594.9052860736847,bigbrain_2307_2412_1388.nii,soen499-worker-5.novalocal,139918272214784,27636
save_incremented,489.2852623462677,638.7713279724121,bigbrain_3076_1206_2082.nii,soen499-worker-5.novalocal,139918263822080,27636
read_img,455.2471480369568,639.8098831176758,bigbrain_769_603_1388.nii,soen499-worker-5.novalocal,139918238643968,27636
save_incremented,535.5102670192719,640.5392625331879,bigbrain_769_603_694.nii,soen499-worker-12.novalocal,140362159150848,29531
save_incremented,566.5345921516418,640.71608543396,bigbrain_3076_0_1388.nii,soen499-worker-13.novalocal,140534995732224,28770
save_incremented,542.5880200862885,645.2660732269287,bigbrain_769_1809_2082.nii,soen499-worker-16.novalocal,140545657648896,27595
save_incremented,536.7504823207855,648.5422782897949,bigbrain_3076_2412_694.nii,soen499-worker-15.novalocal,139620918884096,28687
save_incremented,540.7826979160309,648.6146385669708,bigbrain_769_1809_0.nii,soen499-worker-15.novalocal,139620902098688,28687
save_incremented,595.9835495948792,649.9370336532593,bigbrain_3076_2412_2082.nii,soen499-worker-13.novalocal,140535443441408,28770
increment,629.9816534519196,633.5194058418274,bigbrain_769_603_2082.nii,soen499-worker-6.novalocal,140128821876480,27339
increment,648.4647097587585,652.0346331596375,bigbrain_769_603_0.nii,soen499-worker-16.novalocal,140545640863488,27595
increment,638.618072271347,642.15269780159,bigbrain_3076_1206_1388.nii,soen499-worker-12.novalocal,140363166033664,29531
save_incremented,18.068472385406494,223.4615833759308,bigbrain_0_1206_2082.nii,soen499-worker-13.novalocal,140535012517632,28770
read_img,146.81025528907776,168.01680850982666,bigbrain_2307_603_1388.nii,soen499-worker-13.novalocal,140535443441408,28770
save_incremented,144.89278149604797,223.4675087928772,bigbrain_2307_1206_0.nii,soen499-worker-13.novalocal,140534987339520,28770
increment,6.7905189990997314,10.322464227676392,bigbrain_0_603_0.nii,soen499-worker-12.novalocal,140363191211776,29531
increment,7.037121295928955,10.568884134292603,bigbrain_2307_1809_0.nii,soen499-worker-12.novalocal,140363166033664,29531
increment,7.2231690883636475,10.7509024143219,bigbrain_0_1809_2082.nii,soen499-worker-12.novalocal,140362159150848,29531
increment,7.308764934539795,10.845340013504028,bigbrain_1538_2412_694.nii,soen499-worker-12.novalocal,140362167543552,29531
save_incremented,9.791799306869507,227.84255123138428,bigbrain_1538_0_2776.nii,soen499-worker-12.novalocal,140363182819072,29531
save_incremented,9.5298011302948,228.0129292011261,bigbrain_0_0_694.nii,soen499-worker-12.novalocal,140363174426368,29531
increment,656.5609197616577,660.1115243434906,bigbrain_769_1809_2776.nii,soen499-worker-15.novalocal,139622559020800,28687
save_incremented,505.71385979652405,659.2264242172241,bigbrain_3076_603_2776.nii,soen499-worker-5.novalocal,139918247036672,27636
save_incremented,10.007200241088867,234.90588974952698,bigbrain_1538_1809_1388.nii,soen499-worker-12.novalocal,140362175936256,29531
save_incremented,608.7133893966675,662.7533795833588,bigbrain_769_2412_2776.nii,soen499-worker-15.novalocal,139622550628096,28687
save_incremented,30.261144399642944,157.4367241859436,bigbrain_2307_0_0.nii,soen499-worker-5.novalocal,139917311276800,27636
save_incremented,92.27653503417969,235.2242612838745,bigbrain_1538_0_1388.nii,soen499-worker-5.novalocal,139918263822080,27636
save_incremented,615.023001909256,668.8183169364929,bigbrain_769_0_694.nii,soen499-worker-16.novalocal,140545691219712,27595
save_incremented,8.392523288726807,239.14170861244202,bigbrain_2307_1206_1388.nii,soen499-worker-16.novalocal,140545666041600,27595
save_incremented,8.252846002578735,239.12823629379272,bigbrain_0_0_0.nii,soen499-worker-16.novalocal,140545674434304,27595
save_incremented,640.5393488407135,675.0531098842621,bigbrain_769_1206_2776.nii,soen499-worker-12.novalocal,140362175936256,29531
save_incremented,8.403919219970703,243.13061714172363,bigbrain_2307_1206_694.nii,soen499-worker-9.novalocal,140602487961344,28357
save_incremented,13.43937349319458,244.27085876464844,bigbrain_2307_0_1388.nii,soen499-worker-9.novalocal,140599539988224,28357
save_incremented,8.21102261543274,243.1307270526886,bigbrain_0_1809_1388.nii,soen499-worker-9.novalocal,140602504746752,28357
increment,664.694607257843,668.2396318912506,bigbrain_769_1206_1388.nii,soen499-worker-5.novalocal,139918255429376,27636
read_img,243.19255590438843,249.61603927612305,bigbrain_3076_0_0.nii,soen499-worker-9.novalocal,140602496354048,28357
read_img,246.67496347427368,251.89622163772583,bigbrain_3076_1206_2776.nii,soen499-worker-9.novalocal,140602479568640,28357
save_incremented,108.77578115463257,254.04381775856018,bigbrain_1538_1809_0.nii,soen499-worker-9.novalocal,140600265996032,28357
save_incremented,609.1559958457947,681.3160488605499,bigbrain_769_0_2082.nii,soen499-worker-15.novalocal,139622567413504,28687
read_img,253.1332139968872,255.63290524482727,bigbrain_3076_2412_1388.nii,soen499-worker-9.novalocal,140602487961344,28357
save_incremented,128.47719144821167,255.63275122642517,bigbrain_0_2412_694.nii,soen499-worker-9.novalocal,140602521532160,28357
save_incremented,10.240366220474243,256.4824652671814,bigbrain_2307_1809_2082.nii,soen499-worker-15.novalocal,139622567413504,28687
read_img,255.63579559326172,257.5059266090393,bigbrain_3076_603_694.nii,soen499-worker-9.novalocal,140599539988224,28357
read_img,257.5083899497986,260.4763693809509,bigbrain_769_1206_2082.nii,soen499-worker-9.novalocal,140602504746752,28357
increment,685.2741374969482,688.8479337692261,bigbrain_769_603_1388.nii,soen499-worker-5.novalocal,139918238643968,27636
save_incremented,639.1489233970642,690.7017419338226,bigbrain_769_1809_694.nii,soen499-worker-5.novalocal,139917294491392,27636
save_incremented,146.72521114349365,261.73794531822205,bigbrain_1538_1206_1388.nii,soen499-worker-13.novalocal,140535004124928,28770
increment,259.1642837524414,262.69927167892456,bigbrain_3076_0_0.nii,soen499-worker-9.novalocal,140602496354048,28357
increment,261.89793848991394,265.4297904968262,bigbrain_3076_1206_2776.nii,soen499-worker-9.novalocal,140602479568640,28357
read_img,265.04017090797424,267.2125840187073,bigbrain_769_2412_0.nii,soen499-worker-9.novalocal,140600265996032,28357
read_img,243.19234681129456,267.31444215774536,bigbrain_2307_2412_2082.nii,soen499-worker-9.novalocal,140602513139456,28357
increment,267.73661494255066,271.27820110321045,bigbrain_3076_2412_1388.nii,soen499-worker-9.novalocal,140602487961344,28357
read_img,274.5157732963562,276.45725107192993,bigbrain_769_603_2776.nii,soen499-worker-9.novalocal,140602521532160,28357
save_incremented,16.040516138076782,202.3602385520935,bigbrain_2307_1809_1388.nii,soen499-worker-14.novalocal,139982757062400,31879
increment,274.5084490776062,278.0418016910553,bigbrain_3076_603_694.nii,soen499-worker-9.novalocal,140599539988224,28357
save_incremented,655.7453048229218,708.756002664566,bigbrain_769_603_0.nii,soen499-worker-16.novalocal,140545640863488,27595
save_incremented,652.748149394989,714.0432982444763,bigbrain_769_2412_1388.nii,soen499-worker-12.novalocal,140363199604480,29531
save_incremented,630.1392984390259,714.5433790683746,bigbrain_2307_603_2776.nii,soen499-worker-6.novalocal,140127966000896,27339
save_incremented,633.043881893158,714.5432710647583,bigbrain_3076_1809_694.nii,soen499-worker-6.novalocal,140128847054592,27339
save_incremented,664.5947570800781,715.4604775905609,bigbrain_769_1809_2776.nii,soen499-worker-15.novalocal,139622559020800,28687
save_incremented,10.133070468902588,279.42715668678284,bigbrain_2307_0_2082.nii,soen499-worker-12.novalocal,140363199604480,29531
save_incremented,8.496174573898315,286.10315227508545,bigbrain_0_603_694.nii,soen499-worker-16.novalocal,140546104706816,27595
save_incremented,664.5949778556824,721.4377574920654,bigbrain_2307_603_694.nii,soen499-worker-5.novalocal,139917302884096,27636
save_incremented,8.455912113189697,286.1125407218933,bigbrain_1538_603_2776.nii,soen499-worker-16.novalocal,140545682827008,27595
save_incremented,7.898709058761597,286.8154089450836,bigbrain_1538_1206_2082.nii,soen499-worker-16.novalocal,140545649256192,27595
read_img,257.99475288391113,292.96571683883667,bigbrain_3076_0_2082.nii,soen499-worker-14.novalocal,139982748669696,31879
save_incremented,84.5166425704956,218.67198300361633,bigbrain_2307_0_2776.nii,soen499-worker-14.novalocal,139981660284672,31879
save_incremented,137.69559788703918,282.21196389198303,bigbrain_1538_0_694.nii,soen499-worker-14.novalocal,139981668677376,31879
save_incremented,8.082377433776855,290.1588945388794,bigbrain_1538_2412_0.nii,soen499-worker-16.novalocal,140545691219712,27595
save_incremented,87.92798376083374,276.9200985431671,bigbrain_0_1206_0.nii,soen499-worker-14.novalocal,139982731884288,31879
save_incremented,84.82751607894897,276.9268743991852,bigbrain_1538_1809_2082.nii,soen499-worker-14.novalocal,139982740276992,31879
read_img,257.99468183517456,293.6398425102234,bigbrain_2307_2412_694.nii,soen499-worker-14.novalocal,139982765455104,31879
save_incremented,669.2644262313843,724.6925475597382,bigbrain_3076_603_2082.nii,soen499-worker-6.novalocal,140127957608192,27339
save_incremented,675.053186416626,729.5311644077301,bigbrain_3076_1206_1388.nii,soen499-worker-12.novalocal,140363166033664,29531
save_incremented,182.09366488456726,297.62649965286255,bigbrain_0_1206_1388.nii,soen499-worker-15.novalocal,139620918884096,28687
save_incremented,137.69641947746277,300.12855052948,bigbrain_0_603_1388.nii,soen499-worker-14.novalocal,139982723491584,31879
