calculate_histogram,891.1159856319427,1481.0224714279175,bigbrain_3076_1206_694.nii,bin-worker-3.novalocal,139824044427008,17176
read_img,953.385411977768,1037.9078450202942,bigbrain_769_1206_694.nii,bin-worker-8.novalocal,139891648231168,3941
deserialization,1040.2766342163086,1040.6917884349823,bigbrain_3076_1809_0.nii,bin-worker-8.novalocal,139891639838464,3941
read_img,1017.9143528938293,1050.8208355903625,bigbrain_3076_1809_694.nii,bin-worker-1.novalocal,140593246226176,14037
read_img,906.1447265148163,1035.2010114192963,bigbrain_3076_2412_0.nii,bin-worker-7.novalocal,140182987884288,3490
flatten,1029.6495594978333,1029.6931710243225,bigbrain_2307_603_2082.nii,bin-worker-4.novalocal,139996799428352,10805
read_img,1020.4145007133484,1055.3934960365295,bigbrain_769_0_2776.nii,bin-worker-5.novalocal,139770605422336,24154
serialization,1050.4532787799835,1052.0281252861023,bigbrain_3076_2412_2776.nii,bin-worker-8.novalocal,139892000290560,3941
calculate_histogram,373.7049050331116,1063.3212349414825,bigbrain_1538_2412_694.nii,bin-worker-3.novalocal,139824027641600,17176
flatten,1063.0505058765411,1063.2692353725433,bigbrain_3076_1809_694.nii,bin-worker-1.novalocal,140593246226176,14037
flatten,1065.4472634792328,1065.5339615345001,bigbrain_769_0_2776.nii,bin-worker-5.novalocal,139770605422336,24154
calculate_histogram,980.8867251873016,1059.6923234462738,bigbrain_2307_2412_694.nii,bin-worker-8.novalocal,139891614660352,3941
calculate_histogram,949.9458208084106,1499.1734364032745,bigbrain_2307_603_2776.nii,bin-worker-1.novalocal,140593271404288,14037
calculate_histogram,368.1904945373535,1067.3902385234833,bigbrain_1538_603_2082.nii,bin-worker-5.novalocal,139770156009216,24154
calculate_histogram,368.22179794311523,1068.8247864246368,bigbrain_1538_1206_1388.nii,bin-worker-5.novalocal,139770172794624,24154
flatten,1044.464941740036,1044.5280492305756,bigbrain_2307_603_694.nii,bin-worker-7.novalocal,140182565156608,3490
read_img,915.4869623184204,1061.3666124343872,bigbrain_3076_603_2776.nii,bin-worker-7.novalocal,140182556763904,3490
calculate_histogram,368.6591248512268,1068.571133852005,bigbrain_1538_1809_2776.nii,bin-worker-2.novalocal,139669148776192,17182
calculate_histogram,1062.432396888733,1501.4541449546814,bigbrain_3076_0_2082.nii,bin-worker-8.novalocal,139892008683264,3941
serialization,1071.51180768013,1072.4599080085754,bigbrain_3076_1809_694.nii,bin-worker-1.novalocal,140593246226176,14037
flatten,1049.356885433197,1049.398315668106,bigbrain_3076_1206_0.nii,bin-worker-4.novalocal,139996774250240,10805
deserialization,1058.6212584972382,1058.9494187831879,bigbrain_2307_1809_694.nii,bin-worker-4.novalocal,139997153470208,10805
flatten,1067.3761031627655,1067.4712278842926,bigbrain_769_0_1388.nii,bin-worker-8.novalocal,139891623053056,3941
flatten,1073.4084167480469,1073.493411064148,bigbrain_769_1206_694.nii,bin-worker-8.novalocal,139891648231168,3941
read_img,929.9239559173584,1061.366765499115,bigbrain_769_1206_1388.nii,bin-worker-7.novalocal,140182539978496,3490
read_img,985.3504149913788,1076.892498254776,bigbrain_769_2412_2082.nii,bin-worker-8.novalocal,139891606267648,3941
read_img,991.8756792545319,1079.3658952713013,bigbrain_3076_1809_1388.nii,bin-worker-8.novalocal,139891631445760,3941
deserialization,1078.4180381298065,1079.2413806915283,bigbrain_3076_2412_2776.nii,bin-worker-8.novalocal,139892000290560,3941
serialization,1076.1867742538452,1076.7353394031525,bigbrain_769_0_2776.nii,bin-worker-5.novalocal,139770605422336,24154
flatten,1052.162326335907,1052.2266020774841,bigbrain_3076_1206_2082.nii,bin-worker-7.novalocal,140182531585792,3490
read_img,1041.9617567062378,1080.6799767017365,bigbrain_3076_0_2776.nii,bin-worker-2.novalocal,139669165561600,17182
serialization,1079.8150968551636,1080.5343043804169,bigbrain_769_1206_694.nii,bin-worker-8.novalocal,139891648231168,3941
serialization,1080.5348825454712,1081.0631775856018,bigbrain_769_0_1388.nii,bin-worker-8.novalocal,139891623053056,3941
calculate_histogram,374.8068346977234,1075.575008392334,bigbrain_0_1206_694.nii,bin-worker-1.novalocal,140593683052288,14037
flatten,1081.577882528305,1081.6603734493256,bigbrain_3076_1809_1388.nii,bin-worker-8.novalocal,139891631445760,3941
flatten,1081.660016298294,1081.7767751216888,bigbrain_769_2412_2082.nii,bin-worker-8.novalocal,139891606267648,3941
deserialization,1081.8808798789978,1082.159758090973,bigbrain_769_1206_694.nii,bin-worker-8.novalocal,139891648231168,3941
deserialization,1069.677996635437,1069.998396396637,bigbrain_2307_2412_1388.nii,bin-worker-7.novalocal,140182979491584,3490
flatten,1079.1671879291534,1079.238527059555,bigbrain_3076_2412_0.nii,bin-worker-7.novalocal,140182987884288,3490
flatten,1082.8982195854187,1083.0253014564514,bigbrain_3076_0_2776.nii,bin-worker-2.novalocal,139669165561600,17182
deserialization,1082.5739829540253,1084.5746698379517,bigbrain_769_0_1388.nii,bin-worker-8.novalocal,139891623053056,3941
serialization,1082.885662317276,1083.9849832057953,bigbrain_3076_1809_1388.nii,bin-worker-8.novalocal,139891631445760,3941
serialization,1083.9854938983917,1084.5677790641785,bigbrain_769_2412_2082.nii,bin-worker-8.novalocal,139891606267648,3941
deserialization,1081.0272583961487,1081.3030197620392,bigbrain_3076_1809_694.nii,bin-worker-1.novalocal,140593246226176,14037
deserialization,1085.5439853668213,1085.835998058319,bigbrain_769_2412_2082.nii,bin-worker-8.novalocal,139891606267648,3941
deserialization,1085.8362669944763,1086.2253477573395,bigbrain_3076_1809_1388.nii,bin-worker-8.novalocal,139891631445760,3941
calculate_histogram,368.0901162624359,1085.4584681987762,bigbrain_0_1809_694.nii,bin-worker-2.novalocal,139669173954304,17182
read_img,1049.654467344284,1088.215260028839,bigbrain_3076_603_2082.nii,bin-worker-1.novalocal,140593254618880,14037
read_img,1041.0390310287476,1085.4404547214508,bigbrain_769_1206_2776.nii,bin-worker-3.novalocal,139824061212416,17176
flatten,1089.573804616928,1089.6182136535645,bigbrain_3076_603_2082.nii,bin-worker-1.novalocal,140593254618880,14037
combine_histogram,1091.5298700332642,1091.570009469986,all_file,bin-worker-8.novalocal,139891614660352,3941
combine_histogram,1093.1437978744507,1093.734164237976,all_file,bin-worker-8.novalocal,139891614660352,3941
serialization,1086.4766824245453,1087.1143000125885,bigbrain_2307_603_694.nii,bin-worker-7.novalocal,140182565156608,3490
serialization,1091.3702309131622,1091.8875076770782,bigbrain_3076_0_2776.nii,bin-worker-2.novalocal,139669165561600,17182
combine_histogram,1095.2583899497986,1095.2671694755554,all_file,bin-worker-8.novalocal,139891614660352,3941
flatten,1091.1401443481445,1091.193097114563,bigbrain_3076_603_2776.nii,bin-worker-7.novalocal,140182556763904,3490
serialization,1093.2634391784668,1094.3707211017609,bigbrain_3076_603_2082.nii,bin-worker-1.novalocal,140593254618880,14037
combine_histogram,1095.827870130539,1095.8885383605957,all_file,bin-worker-8.novalocal,139891614660352,3941
read_img,985.5399177074432,1095.4800019264221,bigbrain_769_1809_694.nii,bin-worker-7.novalocal,140182523193088,3490
read_img,958.7869124412537,1083.5339016914368,bigbrain_3076_1809_2776.nii,bin-worker-4.novalocal,139996807821056,10805
flatten,1096.1086285114288,1096.1695251464844,bigbrain_769_1206_1388.nii,bin-worker-7.novalocal,140182539978496,3490
flatten,1095.3618414402008,1095.4580097198486,bigbrain_769_1206_2776.nii,bin-worker-3.novalocal,139824061212416,17176
combine_histogram,1096.65216422081,1096.8185000419617,all_file,bin-worker-8.novalocal,139891614660352,3941
deserialization,1092.0509510040283,1092.4600236415863,bigbrain_769_0_2776.nii,bin-worker-5.novalocal,139770605422336,24154
calculate_histogram,1030.038741350174,1526.7350313663483,bigbrain_3076_0_0.nii,bin-worker-6.novalocal,140219256919808,5105
serialization,1096.6740427017212,1097.3578720092773,bigbrain_3076_1206_2082.nii,bin-worker-7.novalocal,140182531585792,3490
read_img,990.3801729679108,1097.364401102066,bigbrain_769_603_2082.nii,bin-worker-7.novalocal,140182548371200,3490
combine_histogram,1097.5206034183502,1097.6147198677063,all_file,bin-worker-8.novalocal,139891614660352,3941
combine_histogram,1098.3576617240906,1098.649335384369,all_file,bin-worker-8.novalocal,139891614660352,3941
serialization,1098.110827445984,1099.8487405776978,bigbrain_3076_2412_0.nii,bin-worker-7.novalocal,140182987884288,3490
flatten,1098.7926943302155,1099.820890903473,bigbrain_769_1809_694.nii,bin-worker-7.novalocal,140182523193088,3490
flatten,1099.820749759674,1100.526531457901,bigbrain_769_603_2082.nii,bin-worker-7.novalocal,140182548371200,3490
deserialization,1099.5002617835999,1100.5267312526703,bigbrain_3076_1206_2082.nii,bin-worker-7.novalocal,140182531585792,3490
serialization,1098.8128108978271,1100.5353047847748,bigbrain_3076_603_2776.nii,bin-worker-7.novalocal,140182556763904,3490
deserialization,1097.7833800315857,1100.5329740047455,bigbrain_2307_603_694.nii,bin-worker-7.novalocal,140182565156608,3490
serialization,1099.8627724647522,1100.5389077663422,bigbrain_769_1206_1388.nii,bin-worker-7.novalocal,140182539978496,3490
deserialization,1101.1793019771576,1101.4897973537445,bigbrain_3076_2412_0.nii,bin-worker-7.novalocal,140182987884288,3490
deserialization,1100.4762651920319,1100.7652578353882,bigbrain_3076_603_2082.nii,bin-worker-1.novalocal,140593254618880,14037
serialization,1101.5522000789642,1102.1603093147278,bigbrain_769_1809_694.nii,bin-worker-7.novalocal,140182523193088,3490
read_img,1049.7871224880219,1097.6593675613403,bigbrain_769_1809_1388.nii,bin-worker-5.novalocal,139770164401920,24154
calculate_histogram,374.7719385623932,1102.5180852413177,bigbrain_1538_603_694.nii,bin-worker-1.novalocal,140593237833472,14037
read_img,964.8968398571014,1088.9526345729828,bigbrain_3076_603_1388.nii,bin-worker-4.novalocal,139996791035648,10805
deserialization,1102.6767463684082,1103.6558361053467,bigbrain_769_1206_1388.nii,bin-worker-7.novalocal,140182539978496,3490
serialization,1102.971599817276,1103.649824142456,bigbrain_769_603_2082.nii,bin-worker-7.novalocal,140182548371200,3490
deserialization,1103.6611804962158,1103.9521107673645,bigbrain_3076_603_2776.nii,bin-worker-7.novalocal,140182556763904,3490
deserialization,1104.2047975063324,1104.540995836258,bigbrain_769_1809_694.nii,bin-worker-7.novalocal,140182523193088,3490
deserialization,1104.8468017578125,1105.2238204479218,bigbrain_769_603_2082.nii,bin-worker-7.novalocal,140182548371200,3490
calculate_histogram,1111.078108549118,1537.1402468681335,bigbrain_769_0_2776.nii,bin-worker-5.novalocal,139770605422336,24154
serialization,1095.592793226242,1096.187181711197,bigbrain_2307_603_2082.nii,bin-worker-4.novalocal,139996799428352,10805
serialization,1102.8234968185425,1103.9543092250824,bigbrain_769_1206_2776.nii,bin-worker-3.novalocal,139824061212416,17176
combine_histogram,1538.089809179306,1538.1766984462738,all_file,bin-worker-3.novalocal,139824052819712,17176
combine_histogram,1538.3345391750336,1538.402104139328,all_file,bin-worker-3.novalocal,139824052819712,17176
combine_histogram,1538.4975354671478,1538.637112379074,all_file,bin-worker-3.novalocal,139824052819712,17176
combine_histogram,1538.6963057518005,1538.8212599754333,all_file,bin-worker-3.novalocal,139824052819712,17176
combine_histogram,1539.0894660949707,1539.2899839878082,all_file,bin-worker-3.novalocal,139824052819712,17176
combine_histogram,1539.3580265045166,1539.4514589309692,all_file,bin-worker-3.novalocal,139824052819712,17176
combine_histogram,1539.538637638092,1539.598337650299,all_file,bin-worker-3.novalocal,139824052819712,17176
deserialization,1109.3541295528412,1109.7442123889923,bigbrain_769_1206_2776.nii,bin-worker-3.novalocal,139824061212416,17176
read_img,1071.6629819869995,1110.2056353092194,bigbrain_769_2412_1388.nii,bin-worker-3.novalocal,139824027641600,17176
flatten,1110.8866851329803,1110.9671804904938,bigbrain_769_2412_1388.nii,bin-worker-3.novalocal,139824027641600,17176
serialization,1103.2649188041687,1103.8580720424652,bigbrain_3076_1206_0.nii,bin-worker-4.novalocal,139996774250240,10805
calculate_histogram,1114.9350488185883,1541.869392633438,bigbrain_769_2412_1388.nii,bin-worker-3.novalocal,139824027641600,17176
serialization,1111.9587166309357,1113.5341749191284,bigbrain_769_2412_1388.nii,bin-worker-3.novalocal,139824027641600,17176
deserialization,1103.0157606601715,1103.2875747680664,bigbrain_3076_0_2776.nii,bin-worker-2.novalocal,139669165561600,17182
deserialization,1114.1941170692444,1114.4759061336517,bigbrain_769_2412_1388.nii,bin-worker-3.novalocal,139824027641600,17176
calculate_histogram,1125.2421894073486,1545.0901205539703,bigbrain_3076_0_2776.nii,bin-worker-2.novalocal,139669165561600,17182
read_img,990.7100577354431,1114.6609983444214,bigbrain_769_0_694.nii,bin-worker-4.novalocal,139996765857536,10805
calculate_histogram,367.96050119400024,1114.9019358158112,bigbrain_1538_1206_0.nii,bin-worker-2.novalocal,139669157168896,17182
flatten,1116.877809047699,1116.945481300354,bigbrain_769_1809_1388.nii,bin-worker-5.novalocal,139770164401920,24154
flatten,1116.6773087978363,1116.7456769943237,bigbrain_3076_1809_2776.nii,bin-worker-4.novalocal,139996807821056,10805
read_img,994.0481953620911,1118.3257293701172,bigbrain_769_1809_2082.nii,bin-worker-4.novalocal,139996757464832,10805
deserialization,1121.0264558792114,1121.313003540039,bigbrain_2307_603_2082.nii,bin-worker-4.novalocal,139996799428352,10805
flatten,1123.2225878238678,1123.2780120372772,bigbrain_3076_603_1388.nii,bin-worker-4.novalocal,139996791035648,10805
calculate_histogram,1110.6091885566711,1556.4839930534363,bigbrain_769_1206_2776.nii,bin-worker-3.novalocal,139824061212416,17176
deserialization,1125.4098603725433,1125.7271666526794,bigbrain_3076_1206_0.nii,bin-worker-4.novalocal,139996774250240,10805
read_img,1080.7405333518982,1126.9182670116425,bigbrain_3076_2412_694.nii,bin-worker-2.novalocal,139669148776192,17182
flatten,1127.539011478424,1127.5924956798553,bigbrain_769_0_694.nii,bin-worker-4.novalocal,139996765857536,10805
read_img,1017.6155235767365,1128.1096019744873,bigbrain_769_603_0.nii,bin-worker-4.novalocal,139996782642944,10805
serialization,1128.196545600891,1128.7932097911835,bigbrain_3076_1809_2776.nii,bin-worker-4.novalocal,139996807821056,10805
read_img,1089.9106359481812,1128.9610097408295,bigbrain_769_1206_0.nii,bin-worker-1.novalocal,140593683052288,14037
flatten,1129.2442181110382,1130.535041809082,bigbrain_769_1809_2082.nii,bin-worker-4.novalocal,139996757464832,10805
serialization,1129.3128924369812,1130.520891904831,bigbrain_769_0_694.nii,bin-worker-4.novalocal,139996765857536,10805
serialization,1129.9231433868408,1130.5348234176636,bigbrain_3076_603_1388.nii,bin-worker-4.novalocal,139996791035648,10805
flatten,1129.2464554309845,1130.5262169837952,bigbrain_769_603_0.nii,bin-worker-4.novalocal,139996782642944,10805
deserialization,1130.5458555221558,1130.8962705135345,bigbrain_3076_1809_2776.nii,bin-worker-4.novalocal,139996807821056,10805
calculate_histogram,1143.5877199172974,1560.836428642273,bigbrain_3076_2412_694.nii,bin-worker-2.novalocal,139669148776192,17182
deserialization,1131.4527192115784,1131.762687921524,bigbrain_769_0_694.nii,bin-worker-4.novalocal,139996765857536,10805
calculate_histogram,373.9987473487854,1130.5129961967468,bigbrain_2307_1206_2082.nii,bin-worker-1.novalocal,140593229440768,14037
deserialization,1132.028873682022,1132.93998503685,bigbrain_3076_603_1388.nii,bin-worker-4.novalocal,139996791035648,10805
serialization,1132.353483915329,1133.5186927318573,bigbrain_769_603_0.nii,bin-worker-4.novalocal,139996782642944,10805
serialization,1132.95556473732,1133.5568244457245,bigbrain_769_1809_2082.nii,bin-worker-4.novalocal,139996757464832,10805
read_img,1105.0115175247192,1133.5241594314575,bigbrain_769_2412_2776.nii,bin-worker-8.novalocal,139891614660352,3941
serialization,1130.1683921813965,1130.7886428833008,bigbrain_769_1809_1388.nii,bin-worker-5.novalocal,139770164401920,24154
flatten,1133.116967201233,1133.3288884162903,bigbrain_3076_2412_694.nii,bin-worker-2.novalocal,139669148776192,17182
flatten,1134.6620554924011,1134.7787351608276,bigbrain_769_2412_2776.nii,bin-worker-8.novalocal,139891614660352,3941
deserialization,1134.5538823604584,1135.130875825882,bigbrain_769_1809_2082.nii,bin-worker-4.novalocal,139996757464832,10805
deserialization,1134.8420658111572,1135.1460974216461,bigbrain_769_603_0.nii,bin-worker-4.novalocal,139996782642944,10805
flatten,1134.6920375823975,1134.7562704086304,bigbrain_769_1206_0.nii,bin-worker-1.novalocal,140593683052288,14037
serialization,1135.469212770462,1136.9910864830017,bigbrain_769_2412_2776.nii,bin-worker-8.novalocal,139891614660352,3941
deserialization,1137.6908011436462,1137.9668357372284,bigbrain_769_2412_2776.nii,bin-worker-8.novalocal,139891614660352,3941
calculate_histogram,1169.4681618213654,1568.205753326416,bigbrain_769_603_694.nii,bin-worker-3.novalocal,139824036034304,17176
read_img,1080.6547935009003,1139.1158850193024,bigbrain_769_2412_694.nii,bin-worker-5.novalocal,139770156009216,24154
deserialization,1139.3797104358673,1139.8419134616852,bigbrain_769_1809_1388.nii,bin-worker-5.novalocal,139770164401920,24154
serialization,1138.8533835411072,1139.7866368293762,bigbrain_769_1206_0.nii,bin-worker-1.novalocal,140593683052288,14037
read_img,1110.0661523342133,1140.6601076126099,bigbrain_769_1809_2776.nii,bin-worker-1.novalocal,140593237833472,14037
calculate_histogram,1042.569640159607,1570.5167663097382,bigbrain_769_2412_0.nii,bin-worker-6.novalocal,140215515608832,5105
read_img,1087.27343583107,1140.4819586277008,bigbrain_769_603_1388.nii,bin-worker-5.novalocal,139770172794624,24154
deserialization,1140.9374356269836,1141.2508745193481,bigbrain_769_1206_0.nii,bin-worker-1.novalocal,140593683052288,14037
serialization,1140.3883485794067,1140.911227464676,bigbrain_3076_2412_694.nii,bin-worker-2.novalocal,139669148776192,17182
flatten,1141.409581899643,1141.4818110466003,bigbrain_769_1809_2776.nii,bin-worker-1.novalocal,140593237833472,14037
flatten,1141.0348362922668,1141.5935847759247,bigbrain_769_2412_694.nii,bin-worker-5.novalocal,139770156009216,24154
read_img,1094.853239774704,1141.5709598064423,bigbrain_769_0_2082.nii,bin-worker-2.novalocal,139669173954304,17182
deserialization,1142.1699781417847,1142.456384420395,bigbrain_3076_2412_694.nii,bin-worker-2.novalocal,139669148776192,17182
serialization,1141.9110832214355,1143.1940717697144,bigbrain_769_1809_2776.nii,bin-worker-1.novalocal,140593237833472,14037
serialization,1142.7269649505615,1143.395438671112,bigbrain_769_2412_694.nii,bin-worker-5.novalocal,139770156009216,24154
flatten,1143.127207994461,1143.2468047142029,bigbrain_769_0_2082.nii,bin-worker-2.novalocal,139669173954304,17182
flatten,1143.6413719654083,1143.7192404270172,bigbrain_769_603_1388.nii,bin-worker-5.novalocal,139770172794624,24154
deserialization,1144.2206854820251,1144.5069558620453,bigbrain_769_1809_2776.nii,bin-worker-1.novalocal,140593237833472,14037
serialization,1144.4223997592926,1144.9461331367493,bigbrain_769_0_2082.nii,bin-worker-2.novalocal,139669173954304,17182
combine_histogram,1145.4003336429596,1145.5763745307922,all_file,bin-worker-1.novalocal,140593229440768,14037
read_img,1128.43492269516,1145.6779561042786,bigbrain_769_1809_0.nii,bin-worker-2.novalocal,139669157168896,17182
deserialization,1145.2555327415466,1145.524003982544,bigbrain_769_0_2082.nii,bin-worker-2.novalocal,139669173954304,17182
calculate_histogram,952.5868034362793,1575.2050077915192,bigbrain_3076_1206_1388.nii,bin-worker-1.novalocal,140593691444992,14037
deserialization,1145.7167534828186,1146.0272281169891,bigbrain_769_2412_694.nii,bin-worker-5.novalocal,139770156009216,24154
serialization,1145.0835444927216,1145.669071674347,bigbrain_769_603_1388.nii,bin-worker-5.novalocal,139770172794624,24154
combine_histogram,1146.0769226551056,1146.2053945064545,all_file,bin-worker-1.novalocal,140593229440768,14037
flatten,1146.0702366828918,1146.2170894145966,bigbrain_769_1809_0.nii,bin-worker-2.novalocal,139669157168896,17182
deserialization,1146.5519511699677,1146.867172241211,bigbrain_769_603_1388.nii,bin-worker-5.novalocal,139770172794624,24154
combine_histogram,1146.9419066905975,1146.987517118454,all_file,bin-worker-1.novalocal,140593229440768,14037
combine_histogram,1147.3338754177094,1147.4322242736816,all_file,bin-worker-1.novalocal,140593229440768,14037
serialization,1146.7740392684937,1147.3251037597656,bigbrain_769_1809_0.nii,bin-worker-2.novalocal,139669157168896,17182
calculate_histogram,1033.2148447036743,1577.1043529510498,bigbrain_3076_1206_2776.nii,bin-worker-6.novalocal,140219223348992,5105
deserialization,1147.966220855713,1148.3854396343231,bigbrain_769_1809_0.nii,bin-worker-2.novalocal,139669157168896,17182
combine_histogram,1147.7082331180573,1148.5665719509125,all_file,bin-worker-1.novalocal,140593229440768,14037
combine_histogram,1148.918249130249,1148.9587302207947,all_file,bin-worker-1.novalocal,140593229440768,14037
combine_histogram,1149.0676436424255,1149.8612179756165,all_file,bin-worker-1.novalocal,140593229440768,14037
calculate_histogram,367.6860785484314,1152.502597808838,bigbrain_2307_1809_2082.nii,bin-worker-2.novalocal,139668578367232,17182
calculate_histogram,373.68956661224365,1154.3645551204681,bigbrain_1538_1809_1388.nii,bin-worker-3.novalocal,139824036034304,17176
calculate_histogram,1036.6990232467651,1592.2637605667114,bigbrain_3076_2412_1388.nii,bin-worker-6.novalocal,140219231741696,5105
calculate_histogram,1146.268381357193,1593.2128925323486,bigbrain_769_2412_694.nii,bin-worker-5.novalocal,139770156009216,24154
calculate_histogram,1081.5087044239044,1594.2118563652039,bigbrain_3076_2412_2776.nii,bin-worker-8.novalocal,139892000290560,3941
calculate_histogram,1146.1150398254395,1594.6437261104584,bigbrain_769_0_2082.nii,bin-worker-2.novalocal,139669173954304,17182
read_img,1155.8545634746552,1165.6089036464691,bigbrain_769_603_694.nii,bin-worker-3.novalocal,139824036034304,17176
flatten,1166.4533059597015,1166.702849149704,bigbrain_769_603_694.nii,bin-worker-3.novalocal,139824036034304,17176
serialization,1167.039553642273,1168.1272468566895,bigbrain_769_603_694.nii,bin-worker-3.novalocal,139824036034304,17176
calculate_histogram,1148.4625642299652,1598.0760083198547,bigbrain_769_1809_0.nii,bin-worker-2.novalocal,139669157168896,17182
deserialization,1168.403896331787,1168.731879234314,bigbrain_769_603_694.nii,bin-worker-3.novalocal,139824036034304,17176
combine_histogram,1170.0453732013702,1170.4474470615387,all_file,bin-worker-1.novalocal,140593229440768,14037
combine_histogram,1171.0788810253143,1171.7306230068207,all_file,bin-worker-1.novalocal,140593229440768,14037
combine_histogram,1172.1559596061707,1172.3593883514404,all_file,bin-worker-1.novalocal,140593229440768,14037
combine_histogram,1172.8351860046387,1172.9867420196533,all_file,bin-worker-1.novalocal,140593229440768,14037
combine_histogram,1173.1581404209137,1173.5109913349152,all_file,bin-worker-1.novalocal,140593229440768,14037
combine_histogram,1173.724040031433,1173.8045635223389,all_file,bin-worker-2.novalocal,139668578367232,17182
combine_histogram,1173.7211213111877,1174.5894794464111,all_file,bin-worker-1.novalocal,140593229440768,14037
combine_histogram,1174.3781371116638,1174.6465198993683,all_file,bin-worker-2.novalocal,139668578367232,17182
combine_histogram,1174.859290599823,1175.0637254714966,all_file,bin-worker-1.novalocal,140593229440768,14037
combine_histogram,1174.9331946372986,1175.0803735256195,all_file,bin-worker-2.novalocal,139668578367232,17182
combine_histogram,1175.386690378189,1175.7996740341187,all_file,bin-worker-2.novalocal,139668578367232,17182
calculate_histogram,1039.8614356517792,1605.4107506275177,bigbrain_3076_603_694.nii,bin-worker-6.novalocal,140219248527104,5105
combine_histogram,1176.4090275764465,1177.0004861354828,all_file,bin-worker-2.novalocal,139668578367232,17182
combine_histogram,1177.4234263896942,1177.5935006141663,all_file,bin-worker-2.novalocal,139668578367232,17182
combine_histogram,1178.1016941070557,1178.4574825763702,all_file,bin-worker-2.novalocal,139668578367232,17182
calculate_histogram,1077.4412412643433,1608.7733240127563,bigbrain_3076_1809_0.nii,bin-worker-8.novalocal,139891639838464,3941
calculate_histogram,1108.04154586792,1610.1473739147186,bigbrain_3076_603_2082.nii,bin-worker-1.novalocal,140593254618880,14037
calculate_histogram,1034.2712121009827,1610.646821975708,bigbrain_2307_2412_2082.nii,bin-worker-6.novalocal,140219273705216,5105
calculate_histogram,1088.8164660930634,1620.3980321884155,bigbrain_3076_1809_694.nii,bin-worker-1.novalocal,140593246226176,14037
calculate_histogram,368.64373898506165,1199.9665088653564,bigbrain_0_1206_1388.nii,bin-worker-2.novalocal,139669182347008,17182
calculate_histogram,368.38267183303833,1202.881337404251,bigbrain_1538_603_1388.nii,bin-worker-2.novalocal,139669140383488,17182
calculate_histogram,1141.4139721393585,1636.6903858184814,bigbrain_769_1809_1388.nii,bin-worker-5.novalocal,139770164401920,24154
calculate_histogram,1144.6450171470642,1637.264369726181,bigbrain_769_1809_2776.nii,bin-worker-1.novalocal,140593237833472,14037
calculate_histogram,1146.9536533355713,1639.311735868454,bigbrain_769_603_1388.nii,bin-worker-5.novalocal,139770172794624,24154
combine_histogram,1210.9817695617676,1211.1917653083801,all_file,bin-worker-2.novalocal,139669140383488,17182
combine_histogram,1211.737497806549,1212.036102771759,all_file,bin-worker-2.novalocal,139669140383488,17182
combine_histogram,1212.3146183490753,1212.5157914161682,all_file,bin-worker-2.novalocal,139669140383488,17182
combine_histogram,1212.8691873550415,1213.3067145347595,all_file,bin-worker-2.novalocal,139669140383488,17182
combine_histogram,1213.9195532798767,1214.0285639762878,all_file,bin-worker-2.novalocal,139669140383488,17182
combine_histogram,1214.461419582367,1214.593007326126,all_file,bin-worker-2.novalocal,139669140383488,17182
combine_histogram,1214.7792818546295,1215.1727285385132,all_file,bin-worker-2.novalocal,139669140383488,17182
calculate_histogram,1141.509132385254,1645.4608135223389,bigbrain_769_1206_0.nii,bin-worker-1.novalocal,140593683052288,14037
calculate_histogram,1042.177447795868,1647.2300641536713,bigbrain_769_603_2776.nii,bin-worker-6.novalocal,140219265312512,5105
read_img,1.4312517642974854,358.8169357776642,bigbrain_0_603_2776.nii,bin-worker-5.novalocal,139770181187328,24154
read_img,1.433363676071167,358.8170716762543,bigbrain_1538_1809_694.nii,bin-worker-5.novalocal,139770164401920,24154
read_img,1.4294722080230713,357.9369013309479,bigbrain_0_2412_1388.nii,bin-worker-4.novalocal,139996799428352,10805
read_img,1.428849220275879,358.06067538261414,bigbrain_0_1206_2082.nii,bin-worker-5.novalocal,139770605422336,24154
read_img,1.4275500774383545,357.430056810379,bigbrain_0_0_0.nii,bin-worker-4.novalocal,139997153470208,10805
read_img,1.4374005794525146,358.81884002685547,bigbrain_2307_1206_0.nii,bin-worker-5.novalocal,139770147616512,24154
read_img,1.4368062019348145,359.44688606262207,bigbrain_1538_603_2082.nii,bin-worker-5.novalocal,139770156009216,24154
read_img,1.4292325973510742,358.73198318481445,bigbrain_0_2412_0.nii,bin-worker-5.novalocal,139770597029632,24154
read_img,1.4367637634277344,359.3733742237091,bigbrain_1538_603_2776.nii,bin-worker-4.novalocal,139996765857536,10805
read_img,1.4371705055236816,359.47686314582825,bigbrain_2307_1206_1388.nii,bin-worker-4.novalocal,139996757464832,10805
read_img,1.4324207305908203,357.83569407463074,bigbrain_0_603_694.nii,bin-worker-4.novalocal,139996791035648,10805
read_img,1.4379584789276123,359.4680829048157,bigbrain_2307_1809_2776.nii,bin-worker-5.novalocal,139770139223808,24154
read_img,1.4362573623657227,359.49367690086365,bigbrain_1538_2412_0.nii,bin-worker-4.novalocal,139996774250240,10805
read_img,1.4462859630584717,336.03614592552185,bigbrain_0_1809_2082.nii,bin-worker-3.novalocal,139824061212416,17176
read_img,1.4331574440002441,357.8357741832733,bigbrain_1538_1206_2082.nii,bin-worker-4.novalocal,139996782642944,10805
read_img,1.432210922241211,357.7554771900177,bigbrain_1538_1206_1388.nii,bin-worker-5.novalocal,139770172794624,24154
read_img,1.4359042644500732,359.203857421875,bigbrain_1538_0_1388.nii,bin-worker-7.novalocal,140182556763904,3490
read_img,1.4312100410461426,359.2040681838989,bigbrain_0_1809_0.nii,bin-worker-7.novalocal,140182979491584,3490
read_img,1.4288864135742188,357.8358328342438,bigbrain_0_1206_2776.nii,bin-worker-4.novalocal,139996807821056,10805
read_img,1.4457123279571533,345.98211884498596,bigbrain_0_603_1388.nii,bin-worker-8.novalocal,139891648231168,3941
read_img,1.4467899799346924,357.7958343029022,bigbrain_1538_1809_2082.nii,bin-worker-8.novalocal,139891631445760,3941
read_img,1.4445066452026367,338.36576890945435,bigbrain_0_1809_2776.nii,bin-worker-8.novalocal,139892000290560,3941
read_img,1.4438726902008057,332.88563776016235,bigbrain_0_1206_0.nii,bin-worker-8.novalocal,139892008683264,3941
combine_histogram,1218.5377659797668,1218.64586186409,all_file,bin-worker-2.novalocal,139669140383488,17182
read_img,1.439887285232544,359.9420702457428,bigbrain_1538_2412_2082.nii,bin-worker-7.novalocal,140182539978496,3490
read_img,1.43062424659729,359.5687737464905,bigbrain_0_0_2082.nii,bin-worker-7.novalocal,140182987884288,3490
read_img,1.440277099609375,359.203980922699,bigbrain_2307_0_0.nii,bin-worker-7.novalocal,140182531585792,3490
flatten,359.65107321739197,360.0887920856476,bigbrain_2307_1206_0.nii,bin-worker-5.novalocal,139770147616512,24154
read_img,1.4330995082855225,358.90666127204895,bigbrain_0_2412_2776.nii,bin-worker-7.novalocal,140182565156608,3490
read_img,1.4408040046691895,360.0873222351074,bigbrain_2307_1206_2776.nii,bin-worker-7.novalocal,140182523193088,3490
read_img,1.4365179538726807,358.37548995018005,bigbrain_1538_1206_694.nii,bin-worker-7.novalocal,140182548371200,3490
flatten,359.7854497432709,360.2574715614319,bigbrain_1538_1206_2082.nii,bin-worker-4.novalocal,139996782642944,10805
read_img,1.4330451488494873,351.5566916465759,bigbrain_0_2412_694.nii,bin-worker-6.novalocal,140219256919808,5105
read_img,1.431976318359375,351.55494713783264,bigbrain_0_1809_1388.nii,bin-worker-6.novalocal,140219265312512,5105
read_img,1.4310317039489746,357.7800540924072,bigbrain_0_0_2776.nii,bin-worker-6.novalocal,140219273705216,5105
read_img,1.4497795104980469,360.2658929824829,bigbrain_2307_1206_694.nii,bin-worker-6.novalocal,140215515608832,5105
flatten,359.69782185554504,360.26888394355774,bigbrain_0_2412_1388.nii,bin-worker-4.novalocal,139996799428352,10805
read_img,1.4456021785736084,333.88336205482483,bigbrain_0_0_694.nii,bin-worker-3.novalocal,139824069605120,17176
read_img,1.4478180408477783,357.76047801971436,bigbrain_1538_1809_1388.nii,bin-worker-3.novalocal,139824036034304,17176
read_img,1.446897268295288,345.89923906326294,bigbrain_0_603_0.nii,bin-worker-3.novalocal,139824052819712,17176
read_img,1.4452245235443115,360.2667739391327,bigbrain_1538_2412_2776.nii,bin-worker-6.novalocal,140219231741696,5105
read_img,1.4484527111053467,360.26709628105164,bigbrain_2307_0_1388.nii,bin-worker-6.novalocal,140219223348992,5105
read_img,1.4472079277038574,359.58169317245483,bigbrain_1538_603_0.nii,bin-worker-8.novalocal,139891623053056,3941
read_img,1.4352538585662842,353.1115620136261,bigbrain_1538_1809_0.nii,bin-worker-6.novalocal,140219240134400,5105
read_img,1.4338340759277344,357.77996945381165,bigbrain_1538_0_2082.nii,bin-worker-6.novalocal,140219248527104,5105
combine_histogram,1219.0840969085693,1219.4115686416626,all_file,bin-worker-2.novalocal,139669140383488,17182
flatten,360.23226380348206,360.8366813659668,bigbrain_0_1809_0.nii,bin-worker-7.novalocal,140182979491584,3490
flatten,360.22704458236694,360.8960053920746,bigbrain_0_2412_2776.nii,bin-worker-7.novalocal,140182565156608,3490
flatten,360.2769169807434,360.897540807724,bigbrain_2307_0_0.nii,bin-worker-7.novalocal,140182531585792,3490
flatten,360.3284707069397,360.8966934680939,bigbrain_1538_1206_694.nii,bin-worker-7.novalocal,140182548371200,3490
read_img,1.433337926864624,360.7701270580292,bigbrain_0_1809_694.nii,bin-worker-2.novalocal,139669173954304,17182
read_img,1.4342434406280518,359.93999123573303,bigbrain_1538_1206_0.nii,bin-worker-2.novalocal,139669157168896,17182
read_img,1.4326791763305664,360.77036809921265,bigbrain_0_1206_1388.nii,bin-worker-2.novalocal,139669182347008,17182
read_img,1.4360284805297852,360.85911536216736,bigbrain_2307_1809_2082.nii,bin-worker-2.novalocal,139668578367232,17182
read_img,1.433760643005371,360.9527292251587,bigbrain_0_603_2082.nii,bin-worker-2.novalocal,139669165561600,17182
flatten,360.24526953697205,360.95800161361694,bigbrain_0_0_2082.nii,bin-worker-7.novalocal,140182987884288,3490
read_img,1.4348301887512207,360.6746301651001,bigbrain_1538_603_1388.nii,bin-worker-2.novalocal,139669140383488,17182
flatten,359.6710948944092,360.9912540912628,bigbrain_1538_1809_694.nii,bin-worker-5.novalocal,139770164401920,24154
flatten,360.63815426826477,360.9913420677185,bigbrain_0_0_2776.nii,bin-worker-6.novalocal,140219273705216,5105
flatten,359.6557447910309,360.990487575531,bigbrain_0_1206_2082.nii,bin-worker-5.novalocal,139770605422336,24154
flatten,360.4820156097412,360.9954283237457,bigbrain_0_1809_1388.nii,bin-worker-6.novalocal,140219265312512,5105
flatten,359.6858687400818,360.9925391674042,bigbrain_0_603_2776.nii,bin-worker-5.novalocal,139770181187328,24154
flatten,359.7336630821228,360.99131655693054,bigbrain_0_2412_0.nii,bin-worker-5.novalocal,139770597029632,24154
serialization,360.13968682289124,360.9951972961426,bigbrain_2307_1206_0.nii,bin-worker-5.novalocal,139770147616512,24154
flatten,359.76565504074097,360.99546003341675,bigbrain_1538_1206_1388.nii,bin-worker-5.novalocal,139770172794624,24154
flatten,359.65358209609985,360.9930610656738,bigbrain_1538_603_2082.nii,bin-worker-5.novalocal,139770156009216,24154
flatten,359.70061922073364,360.99533891677856,bigbrain_2307_1809_2776.nii,bin-worker-5.novalocal,139770139223808,24154
flatten,360.6111741065979,360.9966983795166,bigbrain_0_2412_694.nii,bin-worker-6.novalocal,140219256919808,5105
read_img,1.4351234436035156,360.95505809783936,bigbrain_2307_0_694.nii,bin-worker-2.novalocal,139669131990784,17182
read_img,1.448246955871582,360.2715744972229,bigbrain_1538_2412_694.nii,bin-worker-3.novalocal,139824027641600,17176
read_img,1.4489669799804688,360.38519072532654,bigbrain_2307_0_2082.nii,bin-worker-3.novalocal,139824019248896,17176
read_img,1.4345293045043945,360.770304441452,bigbrain_1538_1809_2776.nii,bin-worker-2.novalocal,139669148776192,17182
read_img,1.450366497039795,361.2325050830841,bigbrain_2307_1809_0.nii,bin-worker-3.novalocal,139823532734208,17176
read_img,1.4473378658294678,352.53708028793335,bigbrain_1538_0_2776.nii,bin-worker-3.novalocal,139824044427008,17176
read_img,1.447585105895996,360.3959596157074,bigbrain_2307_0_2776.nii,bin-worker-8.novalocal,139891614660352,3941
read_img,1.4482848644256592,361.31764578819275,bigbrain_2307_1809_1388.nii,bin-worker-8.novalocal,139891606267648,3941
read_img,1.4463059902191162,352.6870844364166,bigbrain_1538_0_694.nii,bin-worker-8.novalocal,139891639838464,3941
combine_histogram,1219.9463503360748,1220.3381609916687,all_file,bin-worker-2.novalocal,139669140383488,17182
flatten,359.77202701568604,360.3204689025879,bigbrain_1538_603_2776.nii,bin-worker-4.novalocal,139996765857536,10805
flatten,359.7305588722229,360.32197546958923,bigbrain_2307_1206_1388.nii,bin-worker-4.novalocal,139996757464832,10805
serialization,360.32677388191223,361.5980591773987,bigbrain_1538_1206_2082.nii,bin-worker-4.novalocal,139996782642944,10805
serialization,361.01361441612244,361.60090804100037,bigbrain_0_2412_1388.nii,bin-worker-4.novalocal,139996799428352,10805
flatten,359.7957925796509,361.5983033180237,bigbrain_0_1206_2776.nii,bin-worker-4.novalocal,139996807821056,10805
flatten,359.74291491508484,361.60230231285095,bigbrain_0_0_0.nii,bin-worker-4.novalocal,139997153470208,10805
flatten,359.68320393562317,361.5981845855713,bigbrain_0_603_694.nii,bin-worker-4.novalocal,139996791035648,10805
flatten,359.7785701751709,361.60250639915466,bigbrain_1538_2412_0.nii,bin-worker-4.novalocal,139996774250240,10805
serialization,361.08833026885986,361.69429874420166,bigbrain_0_1206_2082.nii,bin-worker-5.novalocal,139770605422336,24154
flatten,361.19163250923157,361.76324939727783,bigbrain_1538_1206_0.nii,bin-worker-2.novalocal,139669157168896,17182
flatten,361.2551851272583,361.77993083000183,bigbrain_0_1809_2082.nii,bin-worker-3.novalocal,139824061212416,17176
flatten,361.2798662185669,361.8348982334137,bigbrain_2307_1809_2082.nii,bin-worker-2.novalocal,139668578367232,17182
flatten,361.4402902126312,361.8322036266327,bigbrain_0_603_0.nii,bin-worker-3.novalocal,139824052819712,17176
flatten,361.3958294391632,361.79055857658386,bigbrain_2307_1809_0.nii,bin-worker-3.novalocal,139823532734208,17176
flatten,361.20341634750366,361.84107851982117,bigbrain_0_1809_694.nii,bin-worker-2.novalocal,139669173954304,17182
flatten,361.1365280151367,361.86091113090515,bigbrain_1538_603_1388.nii,bin-worker-2.novalocal,139669140383488,17182
flatten,361.42022132873535,361.9658455848694,bigbrain_0_1206_0.nii,bin-worker-8.novalocal,139892008683264,3941
flatten,361.58816146850586,361.9654495716095,bigbrain_0_603_1388.nii,bin-worker-8.novalocal,139891648231168,3941
flatten,361.5371952056885,362.030202627182,bigbrain_2307_0_2776.nii,bin-worker-8.novalocal,139891614660352,3941
flatten,361.60146379470825,362.0449466705322,bigbrain_0_1809_2776.nii,bin-worker-8.novalocal,139892000290560,3941
combine_histogram,1220.96746134758,1221.205204486847,all_file,bin-worker-2.novalocal,139669140383488,17182
flatten,360.63624000549316,361.04556155204773,bigbrain_1538_2412_2776.nii,bin-worker-6.novalocal,140219231741696,5105
serialization,361.05015540122986,362.2356400489807,bigbrain_0_0_2776.nii,bin-worker-6.novalocal,140219273705216,5105
flatten,360.6408157348633,362.2364139556885,bigbrain_1538_0_2082.nii,bin-worker-6.novalocal,140219248527104,5105
flatten,360.6090829372406,361.011864900589,bigbrain_2307_1206_694.nii,bin-worker-6.novalocal,140215515608832,5105
flatten,360.606241941452,362.2360746860504,bigbrain_2307_0_1388.nii,bin-worker-6.novalocal,140219223348992,5105
flatten,360.60378432273865,362.2401702404022,bigbrain_1538_1809_0.nii,bin-worker-6.novalocal,140219240134400,5105
serialization,361.7461462020874,362.3555886745453,bigbrain_1538_603_2776.nii,bin-worker-4.novalocal,139996765857536,10805
flatten,360.25157284736633,361.79563903808594,bigbrain_2307_1206_2776.nii,bin-worker-7.novalocal,140182523193088,3490
flatten,360.2383625507355,361.79549074172974,bigbrain_1538_2412_2082.nii,bin-worker-7.novalocal,140182539978496,3490
flatten,360.15193247795105,362.5030233860016,bigbrain_1538_0_1388.nii,bin-worker-7.novalocal,140182556763904,3490
serialization,361.7958941459656,362.50278091430664,bigbrain_0_1809_0.nii,bin-worker-7.novalocal,140182979491584,3490
serialization,360.9617302417755,362.5064857006073,bigbrain_0_2412_2776.nii,bin-worker-7.novalocal,140182565156608,3490
combine_histogram,1221.3874089717865,1221.5011813640594,all_file,bin-worker-2.novalocal,139669140383488,17182
flatten,361.2358214855194,362.41093945503235,bigbrain_2307_0_694.nii,bin-worker-2.novalocal,139669131990784,17182
flatten,361.44400334358215,362.94803404808044,bigbrain_1538_1809_2776.nii,bin-worker-2.novalocal,139669148776192,17182
serialization,361.8778359889984,362.95062947273254,bigbrain_1538_1206_0.nii,bin-worker-2.novalocal,139669157168896,17182
flatten,361.4349660873413,362.94797945022583,bigbrain_0_603_2082.nii,bin-worker-2.novalocal,139669165561600,17182
flatten,361.17992424964905,362.94778633117676,bigbrain_0_1206_1388.nii,bin-worker-2.novalocal,139669182347008,17182
serialization,362.4111416339874,362.95266485214233,bigbrain_2307_1809_2082.nii,bin-worker-2.novalocal,139668578367232,17182
read_img,1.4264426231384277,362.26172852516174,bigbrain_1538_0_0.nii,bin-worker-1.novalocal,140593263011584,14037
read_img,1.4333374500274658,361.3328034877777,bigbrain_1538_603_694.nii,bin-worker-1.novalocal,140593237833472,14037
read_img,1.4267964363098145,361.41896629333496,bigbrain_1538_1206_2776.nii,bin-worker-1.novalocal,140593254618880,14037
read_img,1.427708625793457,362.2621033191681,bigbrain_1538_2412_1388.nii,bin-worker-1.novalocal,140593246226176,14037
read_img,1.425966739654541,363.13639426231384,bigbrain_0_2412_2082.nii,bin-worker-1.novalocal,140593271404288,14037
read_img,1.4367592334747314,363.13716673851013,bigbrain_2307_1206_2082.nii,bin-worker-1.novalocal,140593229440768,14037
read_img,1.4245991706848145,363.13743925094604,bigbrain_0_0_1388.nii,bin-worker-1.novalocal,140593691444992,14037
read_img,1.4250304698944092,362.2619490623474,bigbrain_0_1206_694.nii,bin-worker-1.novalocal,140593683052288,14037
combine_histogram,1222.0617971420288,1222.485339164734,all_file,bin-worker-2.novalocal,139669140383488,17182
flatten,363.41827058792114,363.7283253669739,bigbrain_0_2412_2082.nii,bin-worker-1.novalocal,140593271404288,14037
flatten,363.38061356544495,363.76093220710754,bigbrain_1538_603_694.nii,bin-worker-1.novalocal,140593237833472,14037
flatten,363.38723635673523,363.71993017196655,bigbrain_1538_0_0.nii,bin-worker-1.novalocal,140593263011584,14037
flatten,363.24951434135437,363.7615878582001,bigbrain_1538_2412_1388.nii,bin-worker-1.novalocal,140593246226176,14037
flatten,363.2803132534027,363.7663335800171,bigbrain_1538_1206_2776.nii,bin-worker-1.novalocal,140593254618880,14037
flatten,363.38261318206787,363.80317997932434,bigbrain_0_0_1388.nii,bin-worker-1.novalocal,140593691444992,14037
serialization,362.37344098091125,363.24800658226013,bigbrain_0_2412_694.nii,bin-worker-6.novalocal,140219256919808,5105
flatten,363.43508410453796,363.8759083747864,bigbrain_2307_1206_2082.nii,bin-worker-1.novalocal,140593229440768,14037
flatten,363.5314898490906,363.9302875995636,bigbrain_0_1206_694.nii,bin-worker-1.novalocal,140593683052288,14037
flatten,362.0083849430084,363.6333158016205,bigbrain_1538_0_694.nii,bin-worker-8.novalocal,139891639838464,3941
flatten,361.9811954498291,363.6323256492615,bigbrain_2307_1809_1388.nii,bin-worker-8.novalocal,139891606267648,3941
serialization,362.0829403400421,363.6319360733032,bigbrain_0_1206_0.nii,bin-worker-8.novalocal,139892008683264,3941
serialization,362.05526638031006,364.1446282863617,bigbrain_0_603_1388.nii,bin-worker-8.novalocal,139891648231168,3941
flatten,361.73699617385864,364.1461148262024,bigbrain_1538_603_0.nii,bin-worker-8.novalocal,139891623053056,3941
flatten,361.9658851623535,364.14752173423767,bigbrain_1538_1809_2082.nii,bin-worker-8.novalocal,139891631445760,3941
serialization,363.2485001087189,363.8392987251282,bigbrain_0_1809_1388.nii,bin-worker-6.novalocal,140219265312512,5105
serialization,362.3719162940979,363.6178114414215,bigbrain_0_1206_2776.nii,bin-worker-4.novalocal,139996807821056,10805
combine_histogram,1222.7476344108582,1223.2433514595032,all_file,bin-worker-2.novalocal,139669140383488,17182
serialization,363.743177652359,364.36508440971375,bigbrain_2307_0_0.nii,bin-worker-7.novalocal,140182531585792,3490
serialization,362.54049038887024,364.3680820465088,bigbrain_0_0_2082.nii,bin-worker-7.novalocal,140182987884288,3490
serialization,363.1308960914612,363.742623090744,bigbrain_1538_1206_694.nii,bin-worker-7.novalocal,140182548371200,3490
serialization,362.98597049713135,363.49513149261475,bigbrain_0_1809_694.nii,bin-worker-2.novalocal,139669173954304,17182
serialization,363.5615167617798,364.735826253891,bigbrain_0_603_0.nii,bin-worker-3.novalocal,139824052819712,17176
flatten,361.8409721851349,364.7324888706207,bigbrain_1538_0_2776.nii,bin-worker-3.novalocal,139824044427008,17176
flatten,361.5570020675659,364.73617911338806,bigbrain_0_0_694.nii,bin-worker-3.novalocal,139824069605120,17176
flatten,361.29058742523193,361.88790488243103,bigbrain_1538_1809_1388.nii,bin-worker-3.novalocal,139824036034304,17176
flatten,361.60702252388,364.73672890663147,bigbrain_1538_2412_694.nii,bin-worker-3.novalocal,139824027641600,17176
flatten,361.8322899341583,364.7322270870209,bigbrain_2307_0_2082.nii,bin-worker-3.novalocal,139824019248896,17176
serialization,361.8721880912781,364.74064779281616,bigbrain_0_1809_2082.nii,bin-worker-3.novalocal,139824061212416,17176
serialization,363.4953017234802,364.00196528434753,bigbrain_2307_0_694.nii,bin-worker-2.novalocal,139669131990784,17182
serialization,364.50378465652466,365.01186323165894,bigbrain_0_603_2082.nii,bin-worker-2.novalocal,139669165561600,17182
serialization,364.00423192977905,365.01465129852295,bigbrain_1538_603_1388.nii,bin-worker-2.novalocal,139669140383488,17182
deserialization,363.84085965156555,364.184446811676,bigbrain_0_0_2776.nii,bin-worker-6.novalocal,140219273705216,5105
serialization,361.7460587024689,365.7123248577118,bigbrain_2307_1809_2776.nii,bin-worker-5.novalocal,139770139223808,24154
deserialization,362.94739055633545,365.7096905708313,bigbrain_2307_1206_0.nii,bin-worker-5.novalocal,139770147616512,24154
serialization,364.79927110671997,365.3580787181854,bigbrain_2307_1809_0.nii,bin-worker-3.novalocal,139823532734208,17176
serialization,364.51774740219116,365.7195975780487,bigbrain_0_603_2776.nii,bin-worker-5.novalocal,139770181187328,24154
deserialization,365.3591947555542,365.7199068069458,bigbrain_0_603_0.nii,bin-worker-3.novalocal,139824052819712,17176
serialization,362.3598539829254,365.7158353328705,bigbrain_0_2412_0.nii,bin-worker-5.novalocal,139770597029632,24154
serialization,363.237845659256,365.72205448150635,bigbrain_1538_1206_1388.nii,bin-worker-5.novalocal,139770172794624,24154
serialization,363.84700775146484,365.72612166404724,bigbrain_1538_603_2082.nii,bin-worker-5.novalocal,139770156009216,24154
serialization,365.12976813316345,365.72957944869995,bigbrain_1538_1809_694.nii,bin-worker-5.novalocal,139770164401920,24154
serialization,362.93923830986023,363.62036418914795,bigbrain_1538_2412_0.nii,bin-worker-4.novalocal,139996774250240,10805
deserialization,364.23596930503845,365.83195757865906,bigbrain_0_2412_1388.nii,bin-worker-4.novalocal,139996799428352,10805
serialization,364.05456709861755,365.55325174331665,bigbrain_0_2412_2082.nii,bin-worker-1.novalocal,140593271404288,14037
serialization,365.5548851490021,366.0744078159332,bigbrain_1538_603_694.nii,bin-worker-1.novalocal,140593237833472,14037
deserialization,365.55277585983276,365.8122913837433,bigbrain_2307_1809_2082.nii,bin-worker-2.novalocal,139668578367232,17182
serialization,363.6207745075226,365.8347792625427,bigbrain_0_0_0.nii,bin-worker-4.novalocal,139997153470208,10805
serialization,365.20745301246643,365.83699917793274,bigbrain_2307_1206_1388.nii,bin-worker-4.novalocal,139996757464832,10805
deserialization,365.837110042572,366.1496479511261,bigbrain_1538_1206_2082.nii,bin-worker-4.novalocal,139996782642944,10805
serialization,364.5225830078125,366.1518523693085,bigbrain_0_603_694.nii,bin-worker-4.novalocal,139996791035648,10805
serialization,366.07637190818787,366.59741258621216,bigbrain_0_1206_1388.nii,bin-worker-2.novalocal,139669182347008,17182
deserialization,365.8198311328888,366.0747685432434,bigbrain_1538_1206_0.nii,bin-worker-2.novalocal,139669157168896,17182
deserialization,365.7989091873169,366.0944814682007,bigbrain_0_1206_2082.nii,bin-worker-5.novalocal,139770605422336,24154
deserialization,366.67908573150635,366.9670960903168,bigbrain_1538_603_2082.nii,bin-worker-5.novalocal,139770156009216,24154
deserialization,366.39847707748413,366.96779131889343,bigbrain_1538_1206_1388.nii,bin-worker-5.novalocal,139770172794624,24154
deserialization,366.0964901447296,366.9678382873535,bigbrain_2307_1809_2776.nii,bin-worker-5.novalocal,139770139223808,24154
deserialization,366.48443579673767,367.06724762916565,bigbrain_1538_2412_0.nii,bin-worker-4.novalocal,139996774250240,10805
serialization,364.1623537540436,364.7344880104065,bigbrain_2307_0_2776.nii,bin-worker-8.novalocal,139891614660352,3941
deserialization,365.27266550064087,367.1007480621338,bigbrain_0_1206_0.nii,bin-worker-8.novalocal,139892008683264,3941
serialization,364.7370443344116,367.0999798774719,bigbrain_0_1809_2776.nii,bin-worker-8.novalocal,139892000290560,3941
serialization,365.5241301059723,367.10438299179077,bigbrain_2307_1809_1388.nii,bin-worker-8.novalocal,139891606267648,3941
serialization,365.4060957431793,366.01712107658386,bigbrain_1538_2412_2082.nii,bin-worker-7.novalocal,140182539978496,3490
deserialization,366.76436161994934,367.06714367866516,bigbrain_1538_603_2776.nii,bin-worker-4.novalocal,139996765857536,10805
deserialization,367.0686538219452,367.37013030052185,bigbrain_0_603_694.nii,bin-worker-4.novalocal,139996791035648,10805
deserialization,366.1662948131561,366.484356880188,bigbrain_0_1206_2776.nii,bin-worker-4.novalocal,139996807821056,10805
serialization,365.0437796115875,366.5977382659912,bigbrain_1538_1809_2776.nii,bin-worker-2.novalocal,139669148776192,17182
deserialization,367.1108887195587,367.6329665184021,bigbrain_2307_0_694.nii,bin-worker-2.novalocal,139669131990784,17182
deserialization,366.598112821579,367.1105468273163,bigbrain_1538_603_1388.nii,bin-worker-2.novalocal,139669140383488,17182
deserialization,367.37322306632996,367.63269662857056,bigbrain_0_1809_694.nii,bin-worker-2.novalocal,139669173954304,17182
deserialization,366.8529918193817,367.1108012199402,bigbrain_0_603_2082.nii,bin-worker-2.novalocal,139669165561600,17182
serialization,364.72134280204773,365.40594005584717,bigbrain_2307_1206_2776.nii,bin-worker-7.novalocal,140182523193088,3490
serialization,366.0182225704193,367.63513684272766,bigbrain_1538_0_1388.nii,bin-worker-7.novalocal,140182556763904,3490
deserialization,364.3800938129425,366.01721930503845,bigbrain_0_1809_0.nii,bin-worker-7.novalocal,140182979491584,3490
deserialization,366.90726494789124,367.63669991493225,bigbrain_2307_0_0.nii,bin-worker-7.novalocal,140182531585792,3490
deserialization,366.60915660858154,367.26978850364685,bigbrain_0_0_2082.nii,bin-worker-7.novalocal,140182987884288,3490
deserialization,367.2702651023865,367.63885021209717,bigbrain_0_2412_2776.nii,bin-worker-7.novalocal,140182565156608,3490
deserialization,367.40575909614563,367.7346007823944,bigbrain_0_0_0.nii,bin-worker-4.novalocal,139997153470208,10805
deserialization,367.7353091239929,368.0572917461395,bigbrain_2307_1206_1388.nii,bin-worker-4.novalocal,139996757464832,10805
deserialization,367.38411688804626,367.7269263267517,bigbrain_0_603_2776.nii,bin-worker-5.novalocal,139770181187328,24154
serialization,365.0395805835724,365.90471363067627,bigbrain_1538_0_2082.nii,bin-worker-6.novalocal,140219248527104,5105
serialization,366.5457179546356,367.1911766529083,bigbrain_1538_2412_2776.nii,bin-worker-6.novalocal,140219231741696,5105
serialization,365.9054265022278,366.54561829566956,bigbrain_2307_0_1388.nii,bin-worker-6.novalocal,140219223348992,5105
serialization,364.18500208854675,366.5419673919678,bigbrain_1538_1809_0.nii,bin-worker-6.novalocal,140219240134400,5105
deserialization,367.0665054321289,368.14391326904297,bigbrain_1538_1809_694.nii,bin-worker-5.novalocal,139770164401920,24154
serialization,367.5057010650635,368.19186091423035,bigbrain_2307_1206_694.nii,bin-worker-6.novalocal,140215515608832,5105
deserialization,367.19140434265137,368.18224835395813,bigbrain_0_2412_694.nii,bin-worker-6.novalocal,140219256919808,5105
deserialization,367.7327992916107,368.07602882385254,bigbrain_0_2412_0.nii,bin-worker-5.novalocal,139770597029632,24154
deserialization,367.69153094291687,367.9973177909851,bigbrain_0_1206_1388.nii,bin-worker-2.novalocal,139669182347008,17182
deserialization,368.2296633720398,368.54463934898376,bigbrain_0_1809_1388.nii,bin-worker-6.novalocal,140219265312512,5105
deserialization,368.10030460357666,368.5440101623535,bigbrain_1538_1809_2776.nii,bin-worker-2.novalocal,139669148776192,17182
deserialization,367.65375113487244,368.35267996788025,bigbrain_1538_1206_694.nii,bin-worker-7.novalocal,140182548371200,3490
deserialization,368.35284972190857,368.704537153244,bigbrain_2307_1206_2776.nii,bin-worker-7.novalocal,140182523193088,3490
deserialization,368.00044202804565,368.7075891494751,bigbrain_1538_2412_2082.nii,bin-worker-7.novalocal,140182539978496,3490
serialization,367.65745067596436,368.22364044189453,bigbrain_1538_0_694.nii,bin-worker-8.novalocal,139891639838464,3941
serialization,368.22378158569336,368.78977704048157,bigbrain_1538_1809_2082.nii,bin-worker-8.novalocal,139891631445760,3941
serialization,367.1142809391022,368.79208540916443,bigbrain_1538_603_0.nii,bin-worker-8.novalocal,139891623053056,3941
deserialization,368.79278087615967,369.09365797042847,bigbrain_0_603_1388.nii,bin-worker-8.novalocal,139891648231168,3941
deserialization,368.7836012840271,369.4130873680115,bigbrain_1538_0_1388.nii,bin-worker-7.novalocal,140182556763904,3490
deserialization,369.44445514678955,369.7640166282654,bigbrain_0_1809_2776.nii,bin-worker-8.novalocal,139892000290560,3941
deserialization,369.1584312915802,369.78116178512573,bigbrain_2307_0_2776.nii,bin-worker-8.novalocal,139891614660352,3941
deserialization,368.579745054245,369.3453471660614,bigbrain_1538_0_2082.nii,bin-worker-6.novalocal,140219248527104,5105
deserialization,369.8378574848175,370.84316301345825,bigbrain_2307_0_1388.nii,bin-worker-6.novalocal,140219223348992,5105
deserialization,369.34581446647644,370.8430714607239,bigbrain_1538_2412_2776.nii,bin-worker-6.novalocal,140219231741696,5105
deserialization,368.8740644454956,370.84324884414673,bigbrain_2307_1206_694.nii,bin-worker-6.novalocal,140215515608832,5105
deserialization,370.3320281505585,370.8487184047699,bigbrain_1538_1809_0.nii,bin-worker-6.novalocal,140219240134400,5105
deserialization,366.3627302646637,366.7207725048065,bigbrain_0_1809_2082.nii,bin-worker-3.novalocal,139824061212416,17176
serialization,368.1223213672638,371.1913409233093,bigbrain_2307_0_2082.nii,bin-worker-3.novalocal,139824019248896,17176
serialization,365.79815649986267,371.1935727596283,bigbrain_1538_2412_694.nii,bin-worker-3.novalocal,139824027641600,17176
serialization,369.14816975593567,371.1959602832794,bigbrain_1538_0_2776.nii,bin-worker-3.novalocal,139824044427008,17176
serialization,370.15263509750366,371.202511548996,bigbrain_1538_1809_1388.nii,bin-worker-3.novalocal,139824036034304,17176
serialization,366.7209486961365,371.1997482776642,bigbrain_0_0_694.nii,bin-worker-3.novalocal,139824069605120,17176
deserialization,369.8076329231262,371.3765666484833,bigbrain_1538_1809_2082.nii,bin-worker-8.novalocal,139891631445760,3941
deserialization,371.2156674861908,371.51594972610474,bigbrain_2307_1809_0.nii,bin-worker-3.novalocal,139823532734208,17176
serialization,369.0013310909271,371.61184453964233,bigbrain_1538_1206_2776.nii,bin-worker-1.novalocal,140593254618880,14037
serialization,366.69277119636536,371.6142346858978,bigbrain_1538_0_0.nii,bin-worker-1.novalocal,140593263011584,14037
deserialization,368.7347717285156,371.61442613601685,bigbrain_0_2412_2082.nii,bin-worker-1.novalocal,140593271404288,14037
deserialization,370.62606549263,371.3979320526123,bigbrain_2307_1809_1388.nii,bin-worker-8.novalocal,139891606267648,3941
serialization,366.11315631866455,371.60969829559326,bigbrain_2307_1206_2082.nii,bin-worker-1.novalocal,140593229440768,14037
serialization,367.6965379714966,371.6189947128296,bigbrain_0_1206_694.nii,bin-worker-1.novalocal,140593683052288,14037
serialization,370.55208015441895,371.6166241168976,bigbrain_1538_2412_1388.nii,bin-worker-1.novalocal,140593246226176,14037
serialization,371.619341135025,372.17308831214905,bigbrain_0_0_1388.nii,bin-worker-1.novalocal,140593691444992,14037
deserialization,372.1946358680725,372.5136168003082,bigbrain_1538_1809_1388.nii,bin-worker-3.novalocal,139824036034304,17176
deserialization,371.52932810783386,372.1842453479767,bigbrain_2307_0_2082.nii,bin-worker-3.novalocal,139824019248896,17176
deserialization,372.169890165329,372.89967679977417,bigbrain_1538_0_694.nii,bin-worker-8.novalocal,139891639838464,3941
deserialization,371.3979833126068,372.16981315612793,bigbrain_1538_603_0.nii,bin-worker-8.novalocal,139891623053056,3941
deserialization,372.20059275627136,372.48238372802734,bigbrain_1538_1206_2776.nii,bin-worker-1.novalocal,140593254618880,14037
deserialization,372.8405201435089,373.1516115665436,bigbrain_1538_0_2776.nii,bin-worker-3.novalocal,139824044427008,17176
deserialization,371.8713822364807,372.8403832912445,bigbrain_0_0_694.nii,bin-worker-3.novalocal,139824069605120,17176
deserialization,372.530916929245,373.18143486976624,bigbrain_1538_2412_694.nii,bin-worker-3.novalocal,139824027641600,17176
deserialization,373.0404829978943,373.59265661239624,bigbrain_0_0_1388.nii,bin-worker-1.novalocal,140593691444992,14037
deserialization,372.7601013183594,373.5929870605469,bigbrain_2307_1206_2082.nii,bin-worker-1.novalocal,140593229440768,14037
deserialization,373.3036026954651,373.59507727622986,bigbrain_0_1206_694.nii,bin-worker-1.novalocal,140593683052288,14037
deserialization,372.48290276527405,373.59323167800903,bigbrain_1538_603_694.nii,bin-worker-1.novalocal,140593237833472,14037
calculate_histogram,1040.3433244228363,1662.6181988716125,bigbrain_769_1206_2082.nii,bin-worker-6.novalocal,140219240134400,5105
deserialization,373.66981840133667,373.98469138145447,bigbrain_1538_0_0.nii,bin-worker-1.novalocal,140593263011584,14037
deserialization,374.0197858810425,374.7306113243103,bigbrain_1538_2412_1388.nii,bin-worker-1.novalocal,140593246226176,14037
calculate_histogram,825.1829748153687,1235.111177444458,bigbrain_3076_0_1388.nii,bin-worker-3.novalocal,139824052819712,17176
calculate_histogram,374.58189702033997,808.1672208309174,bigbrain_2307_0_2082.nii,bin-worker-3.novalocal,139824019248896,17176
calculate_histogram,1138.713672876358,1668.537160396576,bigbrain_769_2412_2776.nii,bin-worker-8.novalocal,139891614660352,3941
calculate_histogram,371.20999002456665,812.7193253040314,bigbrain_0_603_0.nii,bin-worker-3.novalocal,139824052819712,17176
calculate_histogram,821.56489777565,1245.1690421104431,bigbrain_2307_2412_2776.nii,bin-worker-3.novalocal,139824019248896,17176
read_img,809.0548739433289,815.8517396450043,bigbrain_2307_2412_2776.nii,bin-worker-3.novalocal,139824019248896,17176
flatten,817.0651807785034,817.1628262996674,bigbrain_2307_2412_2776.nii,bin-worker-3.novalocal,139824019248896,17176
calculate_histogram,368.4503333568573,818.3141164779663,bigbrain_0_2412_0.nii,bin-worker-5.novalocal,139770597029632,24154
serialization,818.0966503620148,819.1051080226898,bigbrain_2307_2412_2776.nii,bin-worker-3.novalocal,139824019248896,17176
deserialization,820.3936784267426,821.1682229042053,bigbrain_2307_2412_2776.nii,bin-worker-3.novalocal,139824019248896,17176
read_img,814.1740620136261,821.491726398468,bigbrain_3076_0_1388.nii,bin-worker-3.novalocal,139824052819712,17176
flatten,821.9448623657227,822.0190372467041,bigbrain_3076_0_1388.nii,bin-worker-3.novalocal,139824052819712,17176
calculate_histogram,369.32671785354614,822.5246288776398,bigbrain_0_2412_694.nii,bin-worker-6.novalocal,140219256919808,5105
serialization,822.3871521949768,823.8909175395966,bigbrain_3076_0_1388.nii,bin-worker-3.novalocal,139824052819712,17176
calculate_histogram,371.22548389434814,823.9651250839233,bigbrain_2307_0_1388.nii,bin-worker-6.novalocal,140219223348992,5105
calculate_histogram,368.18376064300537,823.7549452781677,bigbrain_0_0_2776.nii,bin-worker-6.novalocal,140219273705216,5105
deserialization,824.49498462677,824.8441483974457,bigbrain_3076_0_1388.nii,bin-worker-3.novalocal,139824052819712,17176
read_img,819.7917475700378,827.2683219909668,bigbrain_2307_603_1388.nii,bin-worker-5.novalocal,139770597029632,24154
flatten,828.0069987773895,828.0949556827545,bigbrain_2307_603_1388.nii,bin-worker-5.novalocal,139770597029632,24154
serialization,828.6503307819366,829.3755149841309,bigbrain_2307_603_1388.nii,bin-worker-5.novalocal,139770597029632,24154
deserialization,829.8960962295532,830.2397811412811,bigbrain_2307_603_1388.nii,bin-worker-5.novalocal,139770597029632,24154
calculate_histogram,373.7100405693054,830.5286464691162,bigbrain_1538_0_2776.nii,bin-worker-3.novalocal,139824044427008,17176
calculate_histogram,1087.6336889266968,1689.7093596458435,bigbrain_769_2412_2082.nii,bin-worker-8.novalocal,139891606267648,3941
calculate_histogram,372.1538050174713,832.3822598457336,bigbrain_2307_0_2776.nii,bin-worker-8.novalocal,139891614660352,3941
calculate_histogram,368.3174273967743,833.1189625263214,bigbrain_0_603_2776.nii,bin-worker-5.novalocal,139770181187328,24154
calculate_histogram,375.6227357387543,834.5325014591217,bigbrain_1538_0_0.nii,bin-worker-1.novalocal,140593263011584,14037
calculate_histogram,371.2031271457672,833.9688293933868,bigbrain_1538_2412_2776.nii,bin-worker-6.novalocal,140219231741696,5105
calculate_histogram,867.2607762813568,1267.23020362854,bigbrain_3076_0_694.nii,bin-worker-5.novalocal,139770181187328,24154
calculate_histogram,1087.19007229805,1707.6800150871277,bigbrain_3076_1809_1388.nii,bin-worker-8.novalocal,139891631445760,3941
calculate_histogram,373.69468545913696,848.2229273319244,bigbrain_0_0_694.nii,bin-worker-3.novalocal,139824069605120,17176
calculate_histogram,368.7298023700714,849.928882598877,bigbrain_0_1809_0.nii,bin-worker-7.novalocal,140182979491584,3490
calculate_histogram,369.15299797058105,850.8054735660553,bigbrain_0_1206_0.nii,bin-worker-8.novalocal,139892008683264,3941
calculate_histogram,371.0463273525238,844.0928435325623,bigbrain_1538_0_2082.nii,bin-worker-6.novalocal,140219248527104,5105
calculate_histogram,373.35184812545776,853.8365352153778,bigbrain_1538_0_694.nii,bin-worker-8.novalocal,139891639838464,3941
calculate_histogram,1104.5207297801971,1715.362221479416,bigbrain_3076_2412_0.nii,bin-worker-7.novalocal,140182987884288,3490
calculate_histogram,1105.2249166965485,1715.7279798984528,bigbrain_3076_603_2776.nii,bin-worker-7.novalocal,140182556763904,3490
read_img,832.0715413093567,859.1482014656067,bigbrain_3076_1206_694.nii,bin-worker-3.novalocal,139824044427008,17176
calculate_histogram,1086.189787387848,1719.653626203537,bigbrain_769_0_1388.nii,bin-worker-8.novalocal,139891623053056,3941
calculate_histogram,368.773255109787,862.1615347862244,bigbrain_0_2412_2776.nii,bin-worker-7.novalocal,140182565156608,3490
read_img,834.0194399356842,863.7571103572845,bigbrain_3076_0_694.nii,bin-worker-5.novalocal,139770181187328,24154
flatten,864.7648811340332,864.8414189815521,bigbrain_3076_0_694.nii,bin-worker-5.novalocal,139770181187328,24154
serialization,865.3698451519012,866.1215181350708,bigbrain_3076_0_694.nii,bin-worker-5.novalocal,139770181187328,24154
read_img,836.540849685669,866.6295642852783,bigbrain_2307_2412_0.nii,bin-worker-1.novalocal,140593263011584,14037
deserialization,866.5156812667847,866.8380227088928,bigbrain_3076_0_694.nii,bin-worker-5.novalocal,139770181187328,24154
flatten,866.2663335800171,866.3157932758331,bigbrain_3076_1206_694.nii,bin-worker-3.novalocal,139824044427008,17176
flatten,867.1843693256378,867.2915859222412,bigbrain_2307_2412_0.nii,bin-worker-1.novalocal,140593263011584,14037
calculate_histogram,374.0095317363739,867.9160988330841,bigbrain_0_2412_2082.nii,bin-worker-1.novalocal,140593271404288,14037
calculate_histogram,368.06052923202515,868.0812368392944,bigbrain_2307_1809_2776.nii,bin-worker-5.novalocal,139770139223808,24154
calculate_histogram,368.76184248924255,867.6104667186737,bigbrain_2307_0_0.nii,bin-worker-7.novalocal,140182531585792,3490
read_img,833.4699811935425,864.51802110672,bigbrain_2307_2412_694.nii,bin-worker-8.novalocal,139891614660352,3941
serialization,868.4048795700073,869.8599019050598,bigbrain_2307_2412_0.nii,bin-worker-1.novalocal,140593263011584,14037
calculate_histogram,1084.8839254379272,1729.9691679477692,bigbrain_769_1206_694.nii,bin-worker-8.novalocal,139891648231168,3941
deserialization,870.5613656044006,870.9871957302094,bigbrain_2307_2412_0.nii,bin-worker-1.novalocal,140593263011584,14037
calculate_histogram,373.6095108985901,869.5589454174042,bigbrain_0_1809_2776.nii,bin-worker-8.novalocal,139892000290560,3941
serialization,872.4110405445099,873.1815621852875,bigbrain_3076_1206_694.nii,bin-worker-3.novalocal,139824044427008,17176
calculate_histogram,374.7314784526825,881.3304681777954,bigbrain_0_0_1388.nii,bin-worker-1.novalocal,140593691444992,14037
calculate_histogram,368.39562726020813,884.1372227668762,bigbrain_0_0_0.nii,bin-worker-4.novalocal,139997153470208,10805
calculate_histogram,369.3678250312805,879.6511769294739,bigbrain_0_0_2082.nii,bin-worker-7.novalocal,140182987884288,3490
deserialization,883.2210659980774,883.5429356098175,bigbrain_3076_1206_694.nii,bin-worker-3.novalocal,139824044427008,17176
calculate_histogram,370.265597820282,880.7014014720917,bigbrain_1538_0_1388.nii,bin-worker-7.novalocal,140182556763904,3490
flatten,881.2391550540924,881.3699727058411,bigbrain_2307_2412_694.nii,bin-worker-8.novalocal,139891614660352,3941
read_img,857.2506465911865,890.9832575321198,bigbrain_3076_2412_2082.nii,bin-worker-3.novalocal,139824069605120,17176
flatten,892.1264426708221,892.1914732456207,bigbrain_3076_2412_2082.nii,bin-worker-3.novalocal,139824069605120,17176
calculate_histogram,368.0467994213104,891.3412215709686,bigbrain_0_2412_1388.nii,bin-worker-4.novalocal,139996799428352,10805
serialization,892.929895401001,894.3970022201538,bigbrain_3076_2412_2082.nii,bin-worker-3.novalocal,139824069605120,17176
calculate_histogram,367.7276334762573,891.4816255569458,bigbrain_2307_1206_0.nii,bin-worker-5.novalocal,139770147616512,24154
deserialization,895.6231124401093,895.927410364151,bigbrain_3076_2412_2082.nii,bin-worker-3.novalocal,139824069605120,17176
calculate_histogram,369.39370608329773,894.104866027832,bigbrain_1538_2412_2082.nii,bin-worker-7.novalocal,140182539978496,3490
calculate_histogram,368.0782232284546,898.5795791149139,bigbrain_1538_2412_0.nii,bin-worker-4.novalocal,139996774250240,10805
calculate_histogram,371.24102878570557,885.0542902946472,bigbrain_1538_1809_0.nii,bin-worker-6.novalocal,140219240134400,5105
calculate_histogram,1097.350555896759,1761.7250950336456,bigbrain_2307_2412_1388.nii,bin-worker-7.novalocal,140182979491584,3490
calculate_histogram,876.1364028453827,1332.920562028885,bigbrain_2307_2412_0.nii,bin-worker-1.novalocal,140593263011584,14037
read_img,824.9402296543121,886.03590965271,bigbrain_3076_0_0.nii,bin-worker-6.novalocal,140219256919808,5105
read_img,870.1075527667999,904.5330784320831,bigbrain_3076_1809_2082.nii,bin-worker-5.novalocal,139770139223808,24154
calculate_histogram,896.6826848983765,1336.0228128433228,bigbrain_3076_2412_2082.nii,bin-worker-3.novalocal,139824069605120,17176
calculate_histogram,372.50763845443726,910.4153304100037,bigbrain_2307_1809_0.nii,bin-worker-3.novalocal,139823532734208,17176
read_img,824.6575443744659,890.8135316371918,bigbrain_2307_2412_2082.nii,bin-worker-6.novalocal,140219273705216,5105
flatten,911.8098900318146,911.9619626998901,bigbrain_3076_1809_2082.nii,bin-worker-5.novalocal,139770139223808,24154
calculate_histogram,371.3341498374939,894.7607338428497,bigbrain_2307_1206_694.nii,bin-worker-6.novalocal,140215515608832,5105
read_img,825.4713094234467,895.055272102356,bigbrain_3076_1206_2776.nii,bin-worker-6.novalocal,140219223348992,5105
calculate_histogram,1129.2812445163727,1774.3048934936523,bigbrain_3076_1206_0.nii,bin-worker-4.novalocal,139996774250240,10805
calculate_histogram,370.8955340385437,888.6853077411652,bigbrain_0_1809_1388.nii,bin-worker-6.novalocal,140219265312512,5105
serialization,920.2297887802124,920.8038535118103,bigbrain_3076_1809_2082.nii,bin-worker-5.novalocal,139770139223808,24154
combine_histogram,1781.5900404453278,1781.6382098197937,all_file,bin-worker-8.novalocal,139891639838464,3941
combine_histogram,1781.6985399723053,1781.7495975494385,all_file,bin-worker-8.novalocal,139891639838464,3941
combine_histogram,1781.7648334503174,1781.8031628131866,all_file,bin-worker-8.novalocal,139891639838464,3941
combine_histogram,1781.9101457595825,1781.957123041153,all_file,bin-worker-8.novalocal,139891639838464,3941
combine_histogram,1781.9945662021637,1782.0324840545654,all_file,bin-worker-8.novalocal,139891639838464,3941
combine_histogram,1782.0845694541931,1782.1267039775848,all_file,bin-worker-8.novalocal,139891639838464,3941
combine_histogram,1782.145183801651,1782.1839091777802,all_file,bin-worker-8.novalocal,139891639838464,3941
serialization,907.0479810237885,908.0008869171143,bigbrain_2307_2412_694.nii,bin-worker-8.novalocal,139891614660352,3941
combine_histogram,1782.724992275238,1782.7617719173431,all_file,bin-worker-2.novalocal,139669131990784,17182
combine_histogram,1782.7762172222137,1782.8176889419556,all_file,bin-worker-2.novalocal,139669131990784,17182
combine_histogram,1782.840588569641,1782.890034198761,all_file,bin-worker-2.novalocal,139669131990784,17182
combine_histogram,1782.943207025528,1782.979288816452,all_file,bin-worker-2.novalocal,139669131990784,17182
combine_histogram,1782.994146823883,1783.0337209701538,all_file,bin-worker-2.novalocal,139669131990784,17182
combine_histogram,1783.115986585617,1783.148333787918,all_file,bin-worker-2.novalocal,139669131990784,17182
combine_histogram,1783.1787757873535,1783.205816745758,all_file,bin-worker-2.novalocal,139669131990784,17182
read_img,870.9087777137756,920.5030181407928,bigbrain_2307_603_2776.nii,bin-worker-1.novalocal,140593271404288,14037
calculate_histogram,373.03273463249207,911.9493021965027,bigbrain_1538_603_0.nii,bin-worker-8.novalocal,139891623053056,3941
calculate_histogram,368.0679075717926,921.5502707958221,bigbrain_0_1206_2776.nii,bin-worker-4.novalocal,139996807821056,10805
read_img,852.2190368175507,907.0092632770538,bigbrain_2307_2412_1388.nii,bin-worker-7.novalocal,140182979491584,3490
deserialization,929.8729705810547,930.3327851295471,bigbrain_3076_1809_2082.nii,bin-worker-5.novalocal,139770139223808,24154
calculate_histogram,369.40278673171997,908.8697202205658,bigbrain_2307_1206_2776.nii,bin-worker-7.novalocal,140182523193088,3490
calculate_histogram,368.38394594192505,929.2316172122955,bigbrain_0_603_694.nii,bin-worker-4.novalocal,139996791035648,10805
flatten,935.6872515678406,935.7762410640717,bigbrain_2307_603_2776.nii,bin-worker-1.novalocal,140593271404288,14037
flatten,929.4332845211029,929.4840521812439,bigbrain_3076_0_0.nii,bin-worker-6.novalocal,140219256919808,5105
calculate_histogram,369.3576111793518,929.5519330501556,bigbrain_1538_1206_694.nii,bin-worker-7.novalocal,140182548371200,3490
read_img,889.3871874809265,942.6760439872742,bigbrain_3076_1206_1388.nii,bin-worker-1.novalocal,140593691444992,14037
read_img,904.6018619537354,943.4368150234222,bigbrain_3076_603_0.nii,bin-worker-5.novalocal,139770147616512,24154
calculate_histogram,1103.952335357666,1802.7159368991852,bigbrain_2307_603_694.nii,bin-worker-7.novalocal,140182565156608,3490
serialization,944.1547517776489,945.2135722637177,bigbrain_2307_603_2776.nii,bin-worker-1.novalocal,140593271404288,14037
flatten,945.2047324180603,945.2997179031372,bigbrain_3076_1206_1388.nii,bin-worker-1.novalocal,140593691444992,14037
flatten,945.5183138847351,945.6002507209778,bigbrain_3076_603_0.nii,bin-worker-5.novalocal,139770147616512,24154
calculate_histogram,371.3767387866974,939.0371103286743,bigbrain_0_603_1388.nii,bin-worker-8.novalocal,139891648231168,3941
read_img,860.49245429039,942.5936245918274,bigbrain_3076_0_2082.nii,bin-worker-8.novalocal,139892008683264,3941
calculate_histogram,1102.5430603027344,1806.510891675949,bigbrain_3076_1206_2082.nii,bin-worker-7.novalocal,140182531585792,3490
calculate_histogram,368.38911628723145,947.6794583797455,bigbrain_2307_0_694.nii,bin-worker-2.novalocal,139669131990784,17182
serialization,947.3457353115082,948.0995357036591,bigbrain_3076_603_0.nii,bin-worker-5.novalocal,139770147616512,24154
read_img,863.3639044761658,946.4167222976685,bigbrain_3076_1809_0.nii,bin-worker-8.novalocal,139891639838464,3941
flatten,937.197265625,937.2494692802429,bigbrain_2307_2412_2082.nii,bin-worker-6.novalocal,140219273705216,5105
deserialization,944.6687579154968,945.2633271217346,bigbrain_2307_2412_694.nii,bin-worker-8.novalocal,139891614660352,3941
deserialization,947.3436243534088,947.703063249588,bigbrain_2307_603_2776.nii,bin-worker-1.novalocal,140593271404288,14037
serialization,947.7799317836761,948.7795526981354,bigbrain_3076_1206_1388.nii,bin-worker-1.novalocal,140593691444992,14037
deserialization,948.9374947547913,949.2650616168976,bigbrain_3076_603_0.nii,bin-worker-5.novalocal,139770147616512,24154
calculate_histogram,960.1370129585266,1379.0740194320679,bigbrain_769_0_0.nii,bin-worker-3.novalocal,139823532734208,17176
read_img,912.4909694194794,949.3212344646454,bigbrain_769_0_0.nii,bin-worker-3.novalocal,139823532734208,17176
deserialization,950.6643605232239,950.9662170410156,bigbrain_3076_1206_1388.nii,bin-worker-1.novalocal,140593691444992,14037
combine_histogram,1810.433935880661,1810.4524121284485,all_file,bin-worker-8.novalocal,139892000290560,3941
combine_histogram,1810.5060350894928,1810.5228326320648,all_file,bin-worker-8.novalocal,139892000290560,3941
combine_histogram,1810.572800397873,1810.589971780777,all_file,bin-worker-8.novalocal,139892000290560,3941
combine_histogram,1810.63676404953,1810.6559026241302,all_file,bin-worker-8.novalocal,139892000290560,3941
combine_histogram,1810.692421913147,1810.70849943161,all_file,bin-worker-8.novalocal,139892000290560,3941
combine_histogram,1810.7213213443756,1810.7412865161896,all_file,bin-worker-8.novalocal,139892000290560,3941
combine_histogram,1810.7681014537811,1810.7863447666168,all_file,bin-worker-8.novalocal,139892000290560,3941
flatten,951.9225285053253,951.9968466758728,bigbrain_769_0_0.nii,bin-worker-3.novalocal,139823532734208,17176
calculate_histogram,1132.9403285980225,1811.6984822750092,bigbrain_3076_1809_2776.nii,bin-worker-4.novalocal,139996807821056,10805
serialization,953.5396592617035,954.6584448814392,bigbrain_769_0_0.nii,bin-worker-3.novalocal,139823532734208,17176
calculate_histogram,1111.568222284317,1813.9900863170624,bigbrain_2307_1809_694.nii,bin-worker-4.novalocal,139997153470208,10805
calculate_histogram,1104.8395199775696,1814.031617641449,bigbrain_769_1206_1388.nii,bin-worker-7.novalocal,140182539978496,3490
combine_histogram,1814.3397464752197,1814.3620240688324,all_file,bin-worker-1.novalocal,140593237833472,14037
combine_histogram,1814.3777813911438,1814.387324333191,all_file,bin-worker-1.novalocal,140593237833472,14037
combine_histogram,1814.4177606105804,1814.4323184490204,all_file,bin-worker-1.novalocal,140593237833472,14037
combine_histogram,1814.4937613010406,1814.5029623508453,all_file,bin-worker-1.novalocal,140593237833472,14037
combine_histogram,1814.5145809650421,1814.5234017372131,all_file,bin-worker-1.novalocal,140593237833472,14037
combine_histogram,1814.536064863205,1814.5479097366333,all_file,bin-worker-1.novalocal,140593237833472,14037
combine_histogram,1814.6077094078064,1814.621256351471,all_file,bin-worker-1.novalocal,140593237833472,14037
calculate_histogram,951.3561091423035,1386.4439911842346,bigbrain_3076_603_0.nii,bin-worker-5.novalocal,139770147616512,24154
calculate_histogram,373.1096451282501,953.2945852279663,bigbrain_2307_1809_1388.nii,bin-worker-8.novalocal,139891606267648,3941
deserialization,957.6444435119629,958.051032781601,bigbrain_769_0_0.nii,bin-worker-3.novalocal,139823532734208,17176
combine_histogram,1818.681739807129,1818.7112867832184,all_file,bin-worker-5.novalocal,139770164401920,24154
combine_histogram,1818.7873950004578,1818.8141119480133,all_file,bin-worker-5.novalocal,139770164401920,24154
combine_histogram,1818.829417705536,1818.8511402606964,all_file,bin-worker-5.novalocal,139770164401920,24154
combine_histogram,1819.0398752689362,1819.054025888443,all_file,bin-worker-5.novalocal,139770164401920,24154
combine_histogram,1819.066562652588,1819.088104724884,all_file,bin-worker-5.novalocal,139770164401920,24154
combine_histogram,1819.1044285297394,1819.124451637268,all_file,bin-worker-5.novalocal,139770164401920,24154
combine_histogram,1819.141634464264,1819.1716566085815,all_file,bin-worker-5.novalocal,139770164401920,24154
read_img,885.5324833393097,951.3157155513763,bigbrain_2307_1809_694.nii,bin-worker-4.novalocal,139997153470208,10805
calculate_histogram,368.08330249786377,957.8455548286438,bigbrain_1538_603_2776.nii,bin-worker-4.novalocal,139996765857536,10805
calculate_histogram,1106.1950061321259,1823.9938225746155,bigbrain_769_603_2082.nii,bin-worker-7.novalocal,140182548371200,3490
calculate_histogram,1133.8112950325012,1824.584049463272,bigbrain_769_0_694.nii,bin-worker-4.novalocal,139996765857536,10805
calculate_histogram,369.1025390625,965.0942447185516,bigbrain_2307_1206_1388.nii,bin-worker-4.novalocal,139996757464832,10805
calculate_histogram,373.0018103122711,956.0031399726868,bigbrain_1538_1809_2082.nii,bin-worker-8.novalocal,139891631445760,3941
combine_histogram,1827.1226584911346,1827.163072347641,all_file,bin-worker-2.novalocal,139669165561600,17182
combine_histogram,1827.2656185626984,1827.3055620193481,all_file,bin-worker-2.novalocal,139669165561600,17182
combine_histogram,1827.3469638824463,1827.3992352485657,all_file,bin-worker-2.novalocal,139669165561600,17182
combine_histogram,1827.4207758903503,1827.4570679664612,all_file,bin-worker-2.novalocal,139669165561600,17182
combine_histogram,1827.4897627830505,1827.5402734279633,all_file,bin-worker-2.novalocal,139669165561600,17182
flatten,964.3896539211273,964.4799098968506,bigbrain_3076_0_2082.nii,bin-worker-8.novalocal,139892008683264,3941
combine_histogram,1827.5751123428345,1827.609328508377,all_file,bin-worker-2.novalocal,139669165561600,17182
combine_histogram,1827.8877823352814,1827.9226303100586,all_file,bin-worker-2.novalocal,139669165561600,17182
calculate_histogram,1136.0699336528778,1828.4803671836853,bigbrain_769_603_0.nii,bin-worker-4.novalocal,139996782642944,10805
calculate_histogram,1106.1125085353851,1829.1331815719604,bigbrain_769_1809_694.nii,bin-worker-7.novalocal,140182523193088,3490
combine_histogram,1829.9196367263794,1829.9660365581512,all_file,bin-worker-6.novalocal,140219223348992,5105
combine_histogram,1829.9942672252655,1830.0358152389526,all_file,bin-worker-6.novalocal,140219223348992,5105
combine_histogram,1830.0630238056183,1830.0956780910492,all_file,bin-worker-6.novalocal,140219223348992,5105
combine_histogram,1830.1243915557861,1830.1572699546814,all_file,bin-worker-6.novalocal,140219223348992,5105
calculate_histogram,1134.2658882141113,1832.9827225208282,bigbrain_3076_603_1388.nii,bin-worker-4.novalocal,139996791035648,10805
combine_histogram,1834.828686952591,1834.8486227989197,all_file,bin-worker-8.novalocal,139892000290560,3941
combine_histogram,1835.0358352661133,1835.0480825901031,all_file,bin-worker-8.novalocal,139892000290560,3941
combine_histogram,1835.0606920719147,1835.076528787613,all_file,bin-worker-8.novalocal,139892000290560,3941
combine_histogram,1835.089882850647,1835.0987179279327,all_file,bin-worker-8.novalocal,139892000290560,3941
combine_histogram,1835.141405582428,1835.176040172577,all_file,bin-worker-8.novalocal,139892000290560,3941
combine_histogram,1835.188752412796,1835.2279787063599,all_file,bin-worker-8.novalocal,139892000290560,3941
combine_histogram,1835.2507393360138,1835.292869567871,all_file,bin-worker-8.novalocal,139892000290560,3941
read_img,949.3822548389435,977.8338346481323,bigbrain_2307_603_0.nii,bin-worker-2.novalocal,139669131990784,17182
flatten,964.1853575706482,964.295018196106,bigbrain_3076_1206_2776.nii,bin-worker-6.novalocal,140219223348992,5105
flatten,979.4848172664642,979.5404975414276,bigbrain_2307_603_0.nii,bin-worker-2.novalocal,139669131990784,17182
serialization,980.5611798763275,981.0823361873627,bigbrain_2307_603_0.nii,bin-worker-2.novalocal,139669131990784,17182
calculate_histogram,1129.2047672271729,1840.5497982501984,bigbrain_2307_603_2082.nii,bin-worker-4.novalocal,139996799428352,10805
flatten,972.1286823749542,972.2010824680328,bigbrain_3076_1809_0.nii,bin-worker-8.novalocal,139891639838464,3941
combine_histogram,1841.3175551891327,1841.3544936180115,all_file,bin-worker-7.novalocal,140182539978496,3490
combine_histogram,1841.406750202179,1841.4463455677032,all_file,bin-worker-7.novalocal,140182539978496,3490
combine_histogram,1841.4664165973663,1841.4852068424225,all_file,bin-worker-7.novalocal,140182539978496,3490
read_img,858.1832594871521,964.2951183319092,bigbrain_3076_2412_1388.nii,bin-worker-6.novalocal,140219231741696,5105
combine_histogram,1841.4973773956299,1841.5146420001984,all_file,bin-worker-7.novalocal,140182539978496,3490
combine_histogram,1841.5832543373108,1841.601173400879,all_file,bin-worker-7.novalocal,140182539978496,3490
combine_histogram,1841.641452550888,1841.6593899726868,all_file,bin-worker-7.novalocal,140182539978496,3490
combine_histogram,1841.6723592281342,1841.690400838852,all_file,bin-worker-7.novalocal,140182539978496,3490
deserialization,982.3241918087006,982.6139633655548,bigbrain_2307_603_0.nii,bin-worker-2.novalocal,139669131990784,17182
serialization,972.3659157752991,973.0238931179047,bigbrain_3076_0_0.nii,bin-worker-6.novalocal,140219256919808,5105
read_img,893.7027142047882,983.8315184116364,bigbrain_3076_2412_2776.nii,bin-worker-8.novalocal,139892000290560,3941
flatten,985.224024772644,985.2808222770691,bigbrain_2307_1809_694.nii,bin-worker-4.novalocal,139997153470208,10805
calculate_histogram,368.0518717765808,982.0365283489227,bigbrain_1538_1206_2082.nii,bin-worker-4.novalocal,139996782642944,10805
read_img,877.8401222229004,977.4335513114929,bigbrain_3076_603_694.nii,bin-worker-6.novalocal,140219248527104,5105
serialization,981.6935095787048,982.5043566226959,bigbrain_2307_2412_2082.nii,bin-worker-6.novalocal,140219273705216,5105
flatten,976.3738157749176,976.4362001419067,bigbrain_2307_2412_1388.nii,bin-worker-7.novalocal,140182979491584,3490
calculate_histogram,1135.8172631263733,1851.1770632266998,bigbrain_769_1809_2082.nii,bin-worker-4.novalocal,139996757464832,10805
combine_histogram,1851.5001997947693,1851.5340285301208,all_file,bin-worker-8.novalocal,139892008683264,3941
combine_histogram,1851.6009662151337,1851.627790927887,all_file,bin-worker-8.novalocal,139892008683264,3941
calculate_histogram,831.2888748645782,1422.1060435771942,bigbrain_2307_603_1388.nii,bin-worker-5.novalocal,139770597029632,24154
combine_histogram,1851.6411454677582,1851.6621198654175,all_file,bin-worker-8.novalocal,139892008683264,3941
combine_histogram,1851.6998405456543,1851.7291226387024,all_file,bin-worker-8.novalocal,139892008683264,3941
combine_histogram,1851.8235926628113,1851.852165222168,all_file,bin-worker-8.novalocal,139892008683264,3941
combine_histogram,1851.8832042217255,1851.8995139598846,all_file,bin-worker-8.novalocal,139892008683264,3941
combine_histogram,1851.9365808963776,1851.9629883766174,all_file,bin-worker-8.novalocal,139892008683264,3941
combine_histogram,1852.2848992347717,1852.3086142539978,all_file,bin-worker-8.novalocal,139892000290560,3941
combine_histogram,1852.362642288208,1852.3892991542816,all_file,bin-worker-8.novalocal,139892000290560,3941
combine_histogram,1852.4072272777557,1852.427393913269,all_file,bin-worker-8.novalocal,139892000290560,3941
combine_histogram,1852.43936419487,1852.4748938083649,all_file,bin-worker-8.novalocal,139892000290560,3941
combine_histogram,1852.5339608192444,1852.5596730709076,all_file,bin-worker-8.novalocal,139892000290560,3941
combine_histogram,1852.6007058620453,1852.6279158592224,all_file,bin-worker-8.novalocal,139892000290560,3941
combine_histogram,1852.6402807235718,1852.6659553050995,all_file,bin-worker-8.novalocal,139892000290560,3941
combine_histogram,1852.9266579151154,1852.9686756134033,all_file,bin-worker-2.novalocal,139669165561600,17182
save_histogram,1853.2952013015747,1853.4692335128784,all_file,driver.novalocal,140125766895424,21744
read_img,900.4649848937988,987.070442199707,bigbrain_2307_603_2082.nii,bin-worker-4.novalocal,139996799428352,10805
serialization,993.2050032615662,994.295521736145,bigbrain_3076_0_2082.nii,bin-worker-8.novalocal,139892008683264,3941
serialization,994.9000899791718,995.5948238372803,bigbrain_3076_1206_2776.nii,bin-worker-6.novalocal,140219223348992,5105
read_img,869.1680090427399,979.9927983283997,bigbrain_2307_603_694.nii,bin-worker-7.novalocal,140182565156608,3490
read_img,909.797131061554,998.1214892864227,bigbrain_3076_1206_0.nii,bin-worker-4.novalocal,139996774250240,10805
deserialization,1004.9652717113495,1005.3064024448395,bigbrain_3076_0_0.nii,bin-worker-6.novalocal,140219256919808,5105
read_img,879.9704990386963,998.6249263286591,bigbrain_3076_1206_2082.nii,bin-worker-7.novalocal,140182531585792,3490
serialization,1006.2990429401398,1006.9228363037109,bigbrain_2307_1809_694.nii,bin-worker-4.novalocal,139997153470208,10805
calculate_histogram,941.3550524711609,1441.1587529182434,bigbrain_3076_1809_2082.nii,bin-worker-5.novalocal,139770139223808,24154
flatten,1009.8982291221619,1009.9392721652985,bigbrain_3076_603_694.nii,bin-worker-6.novalocal,140219248527104,5105
flatten,1005.3061130046844,1005.3469185829163,bigbrain_3076_2412_1388.nii,bin-worker-6.novalocal,140219231741696,5105
serialization,1006.1043694019318,1006.8931510448456,bigbrain_3076_1809_0.nii,bin-worker-8.novalocal,139891639838464,3941
calculate_histogram,375.2124056816101,1016.5279085636139,bigbrain_1538_2412_1388.nii,bin-worker-1.novalocal,140593246226176,14037
read_img,918.4528124332428,1013.7213666439056,bigbrain_769_1206_2082.nii,bin-worker-6.novalocal,140219240134400,5105
calculate_histogram,368.08165669441223,1018.5992820262909,bigbrain_0_1206_2082.nii,bin-worker-5.novalocal,139770605422336,24154
deserialization,1017.7721230983734,1018.2653756141663,bigbrain_3076_1206_2776.nii,bin-worker-6.novalocal,140219223348992,5105
deserialization,1014.4663660526276,1014.9328866004944,bigbrain_2307_2412_2082.nii,bin-worker-6.novalocal,140219273705216,5105
flatten,1012.6265406608582,1012.7189466953278,bigbrain_3076_2412_2776.nii,bin-worker-8.novalocal,139892000290560,3941
calculate_histogram,985.1696112155914,1458.4900379180908,bigbrain_2307_603_0.nii,bin-worker-2.novalocal,139669131990784,17182
serialization,1023.0436494350433,1024.0093848705292,bigbrain_3076_603_694.nii,bin-worker-6.novalocal,140219248527104,5105
serialization,1028.2501344680786,1029.280654668808,bigbrain_3076_2412_1388.nii,bin-worker-6.novalocal,140219231741696,5105
read_img,946.4257373809814,1026.91348695755,bigbrain_769_2412_0.nii,bin-worker-6.novalocal,140215515608832,5105
read_img,955.1281168460846,1033.2264864444733,bigbrain_769_603_2776.nii,bin-worker-6.novalocal,140219265312512,5105
flatten,1032.8643057346344,1033.1126804351807,bigbrain_769_1206_2082.nii,bin-worker-6.novalocal,140219240134400,5105
deserialization,1033.7752721309662,1034.262713432312,bigbrain_3076_2412_1388.nii,bin-worker-6.novalocal,140219231741696,5105
serialization,1035.1382706165314,1036.2252988815308,bigbrain_769_1206_2082.nii,bin-worker-6.novalocal,140219240134400,5105
flatten,1034.2866744995117,1034.3996369838715,bigbrain_769_2412_0.nii,bin-worker-6.novalocal,140215515608832,5105
deserialization,1034.6727328300476,1036.2362496852875,bigbrain_3076_603_694.nii,bin-worker-6.novalocal,140219248527104,5105
flatten,1036.2628705501556,1036.339519739151,bigbrain_769_603_2776.nii,bin-worker-6.novalocal,140219265312512,5105
read_img,948.9473996162415,1029.6663219928741,bigbrain_769_0_1388.nii,bin-worker-8.novalocal,139891623053056,3941
deserialization,1022.9406523704529,1023.3126180171967,bigbrain_3076_0_2082.nii,bin-worker-8.novalocal,139892008683264,3941
calculate_histogram,371.5175271034241,1037.8976728916168,bigbrain_0_1809_2082.nii,bin-worker-3.novalocal,139824061212416,17176
deserialization,1037.0006873607635,1038.4001767635345,bigbrain_769_1206_2082.nii,bin-worker-6.novalocal,140219240134400,5105
serialization,1020.171441078186,1020.8525030612946,bigbrain_2307_2412_1388.nii,bin-worker-7.novalocal,140182979491584,3490
serialization,1037.3775551319122,1038.4140753746033,bigbrain_769_2412_0.nii,bin-worker-6.novalocal,140215515608832,5105
serialization,1038.9494631290436,1039.9355986118317,bigbrain_769_603_2776.nii,bin-worker-6.novalocal,140219265312512,5105
calculate_histogram,368.09522891044617,1039.868143081665,bigbrain_0_603_2082.nii,bin-worker-2.novalocal,139669165561600,17182
calculate_histogram,373.97940587997437,1039.7618401050568,bigbrain_1538_1206_2776.nii,bin-worker-1.novalocal,140593254618880,14037
deserialization,1041.2016687393188,1041.6721498966217,bigbrain_769_603_2776.nii,bin-worker-6.novalocal,140219265312512,5105
deserialization,1040.884397983551,1041.7597949504852,bigbrain_769_2412_0.nii,bin-worker-6.novalocal,140215515608832,5105
calculate_histogram,368.3226134777069,1041.1574218273163,bigbrain_1538_1809_694.nii,bin-worker-5.novalocal,139770164401920,24154
