combine_histogram,442.82015776634216,442.9607400894165,all_file,bin-worker-8.novalocal,139634791331648,7917
combine_histogram,464.13044905662537,464.2694208621979,all_file,bin-worker-4.novalocal,139691465021248,14747
combine_histogram,479.27521538734436,479.4291470050812,all_file,bin-worker-6.novalocal,140342419019584,9070
read_img,367.3815791606903,547.2883996963501,bigbrain_2307_603_2082.nii,bin-worker-3.novalocal,140304603862848,21130
read_img,349.2339985370636,560.7083973884583,bigbrain_2307_2412_2776.nii,bin-worker-6.novalocal,140342419019584,9067
read_img,349.15263748168945,573.6999945640564,bigbrain_2307_2412_2082.nii,bin-worker-8.novalocal,139634791331648,7929
read_img,351.17593455314636,594.4276418685913,bigbrain_2307_2412_694.nii,bin-worker-6.novalocal,140342419019584,9058
read_img,349.1166191101074,593.8563108444214,bigbrain_2307_2412_1388.nii,bin-worker-4.novalocal,139691465021248,14737
read_img,348.96606373786926,584.7944266796112,bigbrain_2307_2412_0.nii,bin-worker-8.novalocal,139634791331648,7938
read_img,369.7322647571564,576.8852496147156,bigbrain_2307_603_2776.nii,bin-worker-5.novalocal,140456556955456,28013
read_img,348.95819330215454,600.1436901092529,bigbrain_2307_1809_694.nii,bin-worker-4.novalocal,139691465021248,14729
read_img,352.2012493610382,621.3596267700195,bigbrain_2307_603_0.nii,bin-worker-4.novalocal,139691465021248,14741
read_img,365.0700352191925,633.8448848724365,bigbrain_2307_603_1388.nii,bin-worker-6.novalocal,140342419019584,9064
read_img,379.52597165107727,592.239474773407,bigbrain_3076_1206_2776.nii,bin-worker-7.novalocal,139798932031296,7463
read_img,374.76078152656555,641.3438925743103,bigbrain_3076_0_2776.nii,bin-worker-8.novalocal,139634791331648,7926
flatten,640.8916599750519,640.9662823677063,bigbrain_2307_2412_2082.nii,bin-worker-8.novalocal,139634791331648,7929
read_img,371.4470536708832,638.9093143939972,bigbrain_3076_0_1388.nii,bin-worker-6.novalocal,140342419019584,9076
flatten,638.664449930191,638.7245831489563,bigbrain_2307_2412_2776.nii,bin-worker-6.novalocal,140342419019584,9067
read_img,369.9647614955902,647.8514263629913,bigbrain_2307_603_694.nii,bin-worker-4.novalocal,139691465021248,14735
flatten,647.5039591789246,647.5393192768097,bigbrain_2307_2412_1388.nii,bin-worker-4.novalocal,139691465021248,14737
read_img,374.70019578933716,618.6151039600372,bigbrain_3076_0_2082.nii,bin-worker-3.novalocal,140304603862848,21128
read_img,376.4881830215454,650.3773338794708,bigbrain_3076_1206_0.nii,bin-worker-4.novalocal,139691465021248,14744
read_img,370.84091305732727,643.6829588413239,bigbrain_3076_0_0.nii,bin-worker-8.novalocal,139634791331648,7918
flatten,646.355224609375,646.4009003639221,bigbrain_2307_2412_694.nii,bin-worker-6.novalocal,140342419019584,9058
read_img,378.6204409599304,606.2342646121979,bigbrain_3076_1206_2082.nii,bin-worker-1.novalocal,139962314753856,17969
flatten,649.5009286403656,649.5895547866821,bigbrain_2307_2412_0.nii,bin-worker-8.novalocal,139634791331648,7938
read_img,389.327406167984,659.1180098056793,bigbrain_3076_2412_0.nii,bin-worker-8.novalocal,139634791331648,7923
flatten,658.9045276641846,658.9535970687866,bigbrain_2307_1809_694.nii,bin-worker-4.novalocal,139691465021248,14729
flatten,662.6311657428741,662.7053191661835,bigbrain_3076_0_2776.nii,bin-worker-8.novalocal,139634791331648,7926
read_img,403.39699721336365,664.2482788562775,bigbrain_769_0_1388.nii,bin-worker-8.novalocal,139634791331648,7932
calculate_histogram,665.9840559959412,665.9898035526276,bigbrain_2307_2412_2082.nii,bin-worker-8.novalocal,139634791331648,7929
read_img,378.61714267730713,610.1863915920258,bigbrain_3076_1206_1388.nii,bin-worker-2.novalocal,140645737371456,20998
flatten,664.4148104190826,664.4556572437286,bigbrain_2307_603_0.nii,bin-worker-4.novalocal,139691465021248,14741
read_img,402.36987352371216,663.414712190628,bigbrain_769_0_0.nii,bin-worker-4.novalocal,139691465021248,14750
read_img,418.5064685344696,666.2983200550079,bigbrain_769_1206_694.nii,bin-worker-8.novalocal,139634791331648,7935
flatten,666.5767233371735,666.6535475254059,bigbrain_2307_603_694.nii,bin-worker-4.novalocal,139691465021248,14735
read_img,380.694943189621,651.9594192504883,bigbrain_3076_1206_694.nii,bin-worker-3.novalocal,140304603862848,21137
read_img,424.3326027393341,666.8366477489471,bigbrain_769_1809_2776.nii,bin-worker-4.novalocal,139691465021248,14730
flatten,666.7985949516296,666.8675446510315,bigbrain_3076_0_0.nii,bin-worker-8.novalocal,139634791331648,7918
flatten,665.1946747303009,665.2582893371582,bigbrain_2307_603_1388.nii,bin-worker-6.novalocal,140342419019584,9064
read_img,399.3759775161743,665.4662537574768,bigbrain_3076_603_694.nii,bin-worker-6.novalocal,140342419019584,9073
calculate_histogram,667.8461360931396,667.8516998291016,bigbrain_2307_2412_1388.nii,bin-worker-4.novalocal,139691465021248,14737
read_img,410.6381254196167,666.9869637489319,bigbrain_769_0_694.nii,bin-worker-6.novalocal,140342419019584,9079
calculate_histogram,667.8968787193298,667.9017150402069,bigbrain_2307_2412_0.nii,bin-worker-8.novalocal,139634791331648,7938
flatten,667.9684171676636,668.038498878479,bigbrain_3076_0_1388.nii,bin-worker-6.novalocal,140342419019584,9076
read_img,424.32217812538147,668.3752980232239,bigbrain_769_1809_2082.nii,bin-worker-6.novalocal,140342419019584,9060
flatten,669.0432381629944,669.0862545967102,bigbrain_3076_1206_0.nii,bin-worker-4.novalocal,139691465021248,14744
flatten,669.3260989189148,669.4016401767731,bigbrain_3076_2412_0.nii,bin-worker-8.novalocal,139634791331648,7923
calculate_histogram,669.7540421485901,669.7606775760651,bigbrain_2307_2412_2776.nii,bin-worker-6.novalocal,140342419019584,9067
calculate_histogram,670.1376135349274,670.1424417495728,bigbrain_3076_0_2776.nii,bin-worker-8.novalocal,139634791331648,7926
calculate_histogram,670.058096408844,670.0642235279083,bigbrain_2307_1809_694.nii,bin-worker-4.novalocal,139691465021248,14729
calculate_histogram,670.9898500442505,670.9964210987091,bigbrain_2307_2412_694.nii,bin-worker-6.novalocal,140342419019584,9058
calculate_histogram,671.1233174800873,671.1287124156952,bigbrain_2307_603_0.nii,bin-worker-4.novalocal,139691465021248,14741
read_img,383.1975243091583,658.9720482826233,bigbrain_3076_1809_1388.nii,bin-worker-1.novalocal,139962314753856,17981
calculate_histogram,671.7158851623535,671.7205755710602,bigbrain_2307_603_1388.nii,bin-worker-6.novalocal,140342419019584,9064
flatten,671.6673409938812,671.7380242347717,bigbrain_769_0_1388.nii,bin-worker-8.novalocal,139634791331648,7932
flatten,672.0176696777344,672.0587801933289,bigbrain_769_0_0.nii,bin-worker-4.novalocal,139691465021248,14750
flatten,672.36052775383,672.4105381965637,bigbrain_3076_603_694.nii,bin-worker-6.novalocal,140342419019584,9073
combine_histogram,672.3367547988892,672.4843916893005,all_file,bin-worker-8.novalocal,139634791331648,7929
flatten,652.998961687088,653.0595951080322,bigbrain_2307_603_2082.nii,bin-worker-3.novalocal,140304603862848,21130
calculate_histogram,673.0771284103394,673.0829932689667,bigbrain_2307_603_694.nii,bin-worker-4.novalocal,139691465021248,14735
flatten,673.1549844741821,673.2056932449341,bigbrain_769_0_694.nii,bin-worker-6.novalocal,140342419019584,9079
flatten,673.1570599079132,673.230147600174,bigbrain_769_1206_694.nii,bin-worker-8.novalocal,139634791331648,7935
read_img,389.19494891166687,664.2588601112366,bigbrain_3076_1809_694.nii,bin-worker-3.novalocal,140304603862848,21123
flatten,673.5821580886841,673.6312420368195,bigbrain_769_1809_2776.nii,bin-worker-4.novalocal,139691465021248,14730
calculate_histogram,673.8857774734497,673.8907425403595,bigbrain_3076_0_0.nii,bin-worker-8.novalocal,139634791331648,7918
calculate_histogram,674.2854251861572,674.2923626899719,bigbrain_3076_0_1388.nii,bin-worker-6.novalocal,140342419019584,9076
combine_histogram,674.7868618965149,674.9369595050812,all_file,bin-worker-4.novalocal,139691465021248,14737
combine_histogram,675.1288239955902,675.2818655967712,all_file,bin-worker-8.novalocal,139634791331648,7938
calculate_histogram,675.4527065753937,675.4578104019165,bigbrain_3076_1206_0.nii,bin-worker-4.novalocal,139691465021248,14744
calculate_histogram,675.4581742286682,675.4631114006042,bigbrain_3076_2412_0.nii,bin-worker-8.novalocal,139634791331648,7923
read_img,383.11986565589905,659.2076921463013,bigbrain_3076_1809_0.nii,bin-worker-2.novalocal,140645737371456,20986
flatten,675.3900780677795,675.4289846420288,bigbrain_769_1809_2082.nii,bin-worker-6.novalocal,140342419019584,9060
combine_histogram,676.0560755729675,676.2236423492432,all_file,bin-worker-6.novalocal,140342419019584,9067
combine_histogram,676.2482445240021,676.4346013069153,all_file,bin-worker-4.novalocal,139691465021248,14729
combine_histogram,676.5163197517395,676.6683418750763,all_file,bin-worker-8.novalocal,139634791331648,7926
read_img,376.2598841190338,648.5917863845825,bigbrain_3076_0_694.nii,bin-worker-5.novalocal,140456556955456,28010
combine_histogram,676.734043598175,676.9027941226959,all_file,bin-worker-6.novalocal,140342419019584,9058
combine_histogram,677.2606325149536,677.406950712204,all_file,bin-worker-4.novalocal,139691465021248,14741
calculate_histogram,677.4471504688263,677.4533696174622,bigbrain_769_0_1388.nii,bin-worker-8.novalocal,139634791331648,7932
calculate_histogram,678.1507685184479,678.1556253433228,bigbrain_769_0_0.nii,bin-worker-4.novalocal,139691465021248,14750
combine_histogram,677.9882276058197,678.1485092639923,all_file,bin-worker-6.novalocal,140342419019584,9064
read_img,399.24764704704285,673.5782196521759,bigbrain_3076_603_2776.nii,bin-worker-3.novalocal,140304603862848,21122
calculate_histogram,678.7088446617126,678.7143244743347,bigbrain_3076_603_694.nii,bin-worker-6.novalocal,140342419019584,9073
combine_histogram,678.8985886573792,679.0584168434143,all_file,bin-worker-4.novalocal,139691465021248,14735
calculate_histogram,679.1619544029236,679.166469335556,bigbrain_769_1206_694.nii,bin-worker-8.novalocal,139634791331648,7935
calculate_histogram,679.4617087841034,679.4674379825592,bigbrain_769_1809_2776.nii,bin-worker-4.novalocal,139691465021248,14730
calculate_histogram,679.4939382076263,679.4990940093994,bigbrain_769_0_694.nii,bin-worker-6.novalocal,140342419019584,9079
combine_histogram,679.6927714347839,679.8464887142181,all_file,bin-worker-8.novalocal,139634791331648,7918
combine_histogram,679.7620882987976,679.9298787117004,all_file,bin-worker-6.novalocal,140342419019584,9076
flatten,675.343355178833,675.3758380413055,bigbrain_2307_603_2776.nii,bin-worker-5.novalocal,140456556955456,28013
calculate_histogram,680.6384398937225,680.643413066864,bigbrain_769_1809_2082.nii,bin-worker-6.novalocal,140342419019584,9060
combine_histogram,680.8371720314026,680.9848504066467,all_file,bin-worker-4.novalocal,139691465021248,14744
combine_histogram,681.0231204032898,681.1834006309509,all_file,bin-worker-8.novalocal,139634791331648,7923
flatten,677.4491095542908,677.4928064346313,bigbrain_3076_0_2082.nii,bin-worker-3.novalocal,140304603862848,21128
combine_histogram,683.0080945491791,683.1645836830139,all_file,bin-worker-8.novalocal,139634791331648,7932
combine_histogram,683.2435827255249,683.3893644809723,all_file,bin-worker-4.novalocal,139691465021248,14750
read_img,386.76472759246826,680.0240151882172,bigbrain_3076_1809_2082.nii,bin-worker-5.novalocal,140456556955456,27998
combine_histogram,683.7476532459259,683.8987786769867,all_file,bin-worker-8.novalocal,139634791331648,7935
combine_histogram,684.2982401847839,684.461464881897,all_file,bin-worker-6.novalocal,140342419019584,9073
flatten,680.7353217601776,680.7802720069885,bigbrain_3076_1206_694.nii,bin-worker-3.novalocal,140304603862848,21137
combine_histogram,686.0208466053009,686.1633415222168,all_file,bin-worker-4.novalocal,139691465021248,14730
combine_histogram,686.1023573875427,686.3051533699036,all_file,bin-worker-6.novalocal,140342419019584,9079
combine_histogram,687.4411134719849,687.6035158634186,all_file,bin-worker-6.novalocal,140342419019584,9060
read_img,387.69112753868103,669.2983615398407,bigbrain_3076_1809_2776.nii,bin-worker-7.novalocal,139798932031296,7448
read_img,391.7469141483307,682.5250129699707,bigbrain_3076_2412_1388.nii,bin-worker-1.novalocal,139962314753856,17975
calculate_histogram,687.6547017097473,687.6596286296844,bigbrain_2307_603_2082.nii,bin-worker-3.novalocal,140304603862848,21130
read_img,393.2493724822998,682.5229480266571,bigbrain_3076_2412_2776.nii,bin-worker-7.novalocal,139798932031296,7460
flatten,686.5145692825317,686.5590217113495,bigbrain_3076_1206_2082.nii,bin-worker-1.novalocal,139962314753856,17969
read_img,393.3893532752991,684.8522102832794,bigbrain_3076_2412_694.nii,bin-worker-5.novalocal,140456556955456,27992
flatten,683.715487241745,683.787210226059,bigbrain_3076_1206_2776.nii,bin-worker-7.novalocal,139798932031296,7463
flatten,692.4675273895264,692.5186116695404,bigbrain_3076_1809_694.nii,bin-worker-3.novalocal,140304603862848,21123
flatten,693.5277345180511,693.5629730224609,bigbrain_3076_0_694.nii,bin-worker-5.novalocal,140456556955456,28010
read_img,393.16567158699036,687.1761310100555,bigbrain_3076_2412_2082.nii,bin-worker-2.novalocal,140645737371456,21001
flatten,692.0513622760773,692.0934917926788,bigbrain_3076_1206_1388.nii,bin-worker-2.novalocal,140645737371456,20998
read_img,403.3997702598572,697.0606572628021,bigbrain_769_0_2082.nii,bin-worker-5.novalocal,140456556955456,28003
calculate_histogram,698.3442451953888,698.3494689464569,bigbrain_2307_603_2776.nii,bin-worker-5.novalocal,140456556955456,28013
read_img,398.2493405342102,689.4481344223022,bigbrain_3076_603_0.nii,bin-worker-7.novalocal,139798932031296,7449
read_img,398.3077666759491,690.824004650116,bigbrain_3076_603_2082.nii,bin-worker-1.novalocal,139962314753856,17972
read_img,444.2848026752472,695.3505766391754,bigbrain_769_2412_2776.nii,bin-worker-3.novalocal,140304603862848,21134
flatten,695.002370595932,695.0881645679474,bigbrain_3076_603_2776.nii,bin-worker-3.novalocal,140304603862848,21122
read_img,414.56729888916016,698.5699596405029,bigbrain_769_1206_2082.nii,bin-worker-5.novalocal,140456556955456,28000
flatten,699.3616898059845,699.4074578285217,bigbrain_3076_1809_2082.nii,bin-worker-5.novalocal,140456556955456,27998
flatten,693.2344136238098,693.2956924438477,bigbrain_3076_1809_1388.nii,bin-worker-1.novalocal,139962314753856,17981
read_img,398.2879390716553,696.9449353218079,bigbrain_3076_603_1388.nii,bin-worker-2.novalocal,140645737371456,20980
flatten,699.5676264762878,699.6086702346802,bigbrain_3076_1809_0.nii,bin-worker-2.novalocal,140645737371456,20986
read_img,427.08002495765686,699.6094291210175,bigbrain_769_1809_694.nii,bin-worker-5.novalocal,140456556955456,27993
flatten,701.6082167625427,701.6405649185181,bigbrain_3076_2412_694.nii,bin-worker-5.novalocal,140456556955456,27992
calculate_histogram,702.9138374328613,702.9187898635864,bigbrain_3076_0_694.nii,bin-worker-5.novalocal,140456556955456,28010
read_img,455.2378120422363,703.0545828342438,bigbrain_769_603_0.nii,bin-worker-5.novalocal,140456556955456,28007
calculate_histogram,698.1170983314514,698.1226420402527,bigbrain_3076_0_2082.nii,bin-worker-3.novalocal,140304603862848,21128
calculate_histogram,701.2192788124084,701.2256627082825,bigbrain_3076_1206_694.nii,bin-worker-3.novalocal,140304603862848,21137
flatten,703.289589881897,703.3237957954407,bigbrain_769_0_2082.nii,bin-worker-5.novalocal,140456556955456,28003
combine_histogram,703.5836436748505,703.7393345832825,all_file,bin-worker-5.novalocal,140456556955456,28013
flatten,701.3494720458984,701.4744386672974,bigbrain_3076_2412_1388.nii,bin-worker-1.novalocal,139962314753856,17975
flatten,701.3864893913269,701.4716799259186,bigbrain_3076_1809_2776.nii,bin-worker-7.novalocal,139798932031296,7448
flatten,703.9287197589874,703.9616546630859,bigbrain_769_1809_694.nii,bin-worker-5.novalocal,140456556955456,27993
combine_histogram,703.9060690402985,704.069188117981,all_file,bin-worker-3.novalocal,140304603862848,21130
read_img,497.66168785095215,704.2321059703827,bigbrain_769_603_2776.nii,bin-worker-3.novalocal,140304603862848,21140
read_img,512.7029759883881,704.4039509296417,bigbrain_769_603_694.nii,bin-worker-3.novalocal,140304603862848,21143
read_img,411.7637462615967,701.7016727924347,bigbrain_769_1206_1388.nii,bin-worker-7.novalocal,139798932031296,7466
read_img,408.47296714782715,698.4191417694092,bigbrain_769_0_2776.nii,bin-worker-2.novalocal,140645737371456,20992
read_img,417.2631301879883,702.7440619468689,bigbrain_769_1206_2776.nii,bin-worker-2.novalocal,140645737371456,20995
read_img,423.2467405796051,701.8322856426239,bigbrain_769_1809_1388.nii,bin-worker-1.novalocal,139962314753856,17977
read_img,410.6810429096222,701.7987351417542,bigbrain_769_1206_0.nii,bin-worker-1.novalocal,139962314753856,17963
read_img,423.21461844444275,703.1713633537292,bigbrain_769_1809_0.nii,bin-worker-7.novalocal,139798932031296,7452
flatten,703.9115445613861,703.9797797203064,bigbrain_3076_2412_2776.nii,bin-worker-7.novalocal,139798932031296,7460
calculate_histogram,705.032552242279,705.0375852584839,bigbrain_3076_2412_694.nii,bin-worker-5.novalocal,140456556955456,27992
calculate_histogram,703.310124874115,703.3155863285065,bigbrain_3076_1206_2082.nii,bin-worker-1.novalocal,139962314753856,17969
calculate_histogram,705.4923415184021,705.4973440170288,bigbrain_3076_1809_694.nii,bin-worker-3.novalocal,140304603862848,21123
calculate_histogram,705.694530248642,705.7027325630188,bigbrain_3076_1809_2082.nii,bin-worker-5.novalocal,140456556955456,27998
calculate_histogram,704.9803385734558,704.9859073162079,bigbrain_3076_1206_2776.nii,bin-worker-7.novalocal,139798932031296,7463
read_img,438.47284626960754,704.9639818668365,bigbrain_769_2412_1388.nii,bin-worker-7.novalocal,139798932031296,7457
read_img,430.00110387802124,705.3438069820404,bigbrain_769_2412_0.nii,bin-worker-2.novalocal,140645737371456,20989
read_img,438.7564995288849,706.2017178535461,bigbrain_769_2412_2082.nii,bin-worker-1.novalocal,139962314753856,17964
read_img,460.5586006641388,706.3171029090881,bigbrain_769_603_1388.nii,bin-worker-1.novalocal,139962314753856,17984
read_img,454.729629278183,706.3830995559692,bigbrain_769_2412_694.nii,bin-worker-2.novalocal,140645737371456,20981
flatten,706.397323846817,706.450900554657,bigbrain_3076_2412_2082.nii,bin-worker-2.novalocal,140645737371456,21001
flatten,706.3958287239075,706.458564043045,bigbrain_3076_603_2082.nii,bin-worker-1.novalocal,139962314753856,17972
flatten,706.4369103908539,706.4755883216858,bigbrain_769_1206_2082.nii,bin-worker-5.novalocal,140456556955456,28000
calculate_histogram,706.4714956283569,706.4762749671936,bigbrain_3076_1809_1388.nii,bin-worker-1.novalocal,139962314753856,17981
flatten,706.4368796348572,706.4833180904388,bigbrain_769_2412_2776.nii,bin-worker-3.novalocal,140304603862848,21134
flatten,706.4023728370667,706.4912095069885,bigbrain_3076_603_0.nii,bin-worker-7.novalocal,139798932031296,7449
calculate_histogram,706.4930636882782,706.4978721141815,bigbrain_3076_1206_1388.nii,bin-worker-2.novalocal,140645737371456,20998
calculate_histogram,706.6195821762085,706.6267762184143,bigbrain_3076_1809_2776.nii,bin-worker-7.novalocal,139798932031296,7448
calculate_histogram,706.6489117145538,706.6537792682648,bigbrain_3076_603_2776.nii,bin-worker-3.novalocal,140304603862848,21122
read_img,462.8639106750488,706.7284717559814,bigbrain_769_603_2082.nii,bin-worker-7.novalocal,139798932031296,7469
calculate_histogram,706.9479908943176,706.9528846740723,bigbrain_3076_2412_1388.nii,bin-worker-1.novalocal,139962314753856,17975
combine_histogram,706.890864610672,707.0410387516022,all_file,bin-worker-5.novalocal,140456556955456,28010
flatten,707.0473828315735,707.0848264694214,bigbrain_3076_603_1388.nii,bin-worker-2.novalocal,140645737371456,20980
calculate_histogram,707.0804464817047,707.0853135585785,bigbrain_3076_2412_2776.nii,bin-worker-7.novalocal,139798932031296,7460
flatten,707.1818416118622,707.2175869941711,bigbrain_769_603_0.nii,bin-worker-5.novalocal,140456556955456,28007
calculate_histogram,707.2680361270905,707.2727925777435,bigbrain_3076_1809_0.nii,bin-worker-2.novalocal,140645737371456,20986
flatten,707.2422835826874,707.2813017368317,bigbrain_769_1809_1388.nii,bin-worker-1.novalocal,139962314753856,17977
flatten,707.298323392868,707.3567266464233,bigbrain_769_1809_0.nii,bin-worker-7.novalocal,139798932031296,7452
combine_histogram,707.1806991100311,707.3702275753021,all_file,bin-worker-3.novalocal,140304603862848,21128
calculate_histogram,707.3944160938263,707.3991739749908,bigbrain_769_0_2082.nii,bin-worker-5.novalocal,140456556955456,28003
combine_histogram,707.3261699676514,707.4775915145874,all_file,bin-worker-3.novalocal,140304603862848,21137
flatten,707.4296207427979,707.4867823123932,bigbrain_769_1206_0.nii,bin-worker-1.novalocal,139962314753856,17963
flatten,707.6333329677582,707.6664943695068,bigbrain_769_1206_2776.nii,bin-worker-2.novalocal,140645737371456,20995
flatten,707.6723239421844,707.7272937297821,bigbrain_769_1206_1388.nii,bin-worker-7.novalocal,139798932031296,7466
flatten,707.9387254714966,707.9706885814667,bigbrain_769_0_2776.nii,bin-worker-2.novalocal,140645737371456,20992
calculate_histogram,707.9726724624634,707.9772982597351,bigbrain_769_1809_694.nii,bin-worker-5.novalocal,140456556955456,27993
flatten,707.9543089866638,708.01624584198,bigbrain_769_603_2776.nii,bin-worker-3.novalocal,140304603862848,21140
flatten,707.9877445697784,708.051976442337,bigbrain_769_2412_2082.nii,bin-worker-1.novalocal,139962314753856,17964
combine_histogram,707.9156877994537,708.1054320335388,all_file,bin-worker-1.novalocal,139962314753856,17969
combine_histogram,707.952207326889,708.112455368042,all_file,bin-worker-7.novalocal,139798932031296,7463
flatten,708.0947933197021,708.155348777771,bigbrain_769_2412_0.nii,bin-worker-2.novalocal,140645737371456,20989
flatten,708.1189670562744,708.1694219112396,bigbrain_769_2412_1388.nii,bin-worker-7.novalocal,139798932031296,7457
flatten,708.2137501239777,708.2590787410736,bigbrain_769_603_694.nii,bin-worker-3.novalocal,140304603862848,21143
flatten,708.2844450473785,708.3222525119781,bigbrain_769_603_1388.nii,bin-worker-1.novalocal,139962314753856,17984
combine_histogram,708.2144639492035,708.3672976493835,all_file,bin-worker-5.novalocal,140456556955456,27992
flatten,708.3358931541443,708.3778059482574,bigbrain_769_2412_694.nii,bin-worker-2.novalocal,140645737371456,20981
calculate_histogram,708.5673205852509,708.5728652477264,bigbrain_3076_603_0.nii,bin-worker-7.novalocal,139798932031296,7449
combine_histogram,708.5743355751038,708.7210524082184,all_file,bin-worker-3.novalocal,140304603862848,21123
calculate_histogram,708.7671995162964,708.7720670700073,bigbrain_3076_603_2082.nii,bin-worker-1.novalocal,139962314753856,17972
combine_histogram,708.6355607509613,708.7801990509033,all_file,bin-worker-5.novalocal,140456556955456,27998
calculate_histogram,708.8122518062592,708.8169934749603,bigbrain_3076_2412_2082.nii,bin-worker-2.novalocal,140645737371456,21001
calculate_histogram,708.9157342910767,708.9202892780304,bigbrain_769_2412_2776.nii,bin-worker-3.novalocal,140304603862848,21134
calculate_histogram,708.9287872314453,708.9334211349487,bigbrain_769_1206_2082.nii,bin-worker-5.novalocal,140456556955456,28000
combine_histogram,708.8171865940094,708.9805510044098,all_file,bin-worker-7.novalocal,139798932031296,7448
combine_histogram,708.9916608333588,709.1369044780731,all_file,bin-worker-1.novalocal,139962314753856,17981
flatten,709.1123661994934,709.1625771522522,bigbrain_769_603_2082.nii,bin-worker-7.novalocal,139798932031296,7469
combine_histogram,709.052136182785,709.2139105796814,all_file,bin-worker-2.novalocal,140645737371456,20998
combine_histogram,709.1374311447144,709.3194432258606,all_file,bin-worker-3.novalocal,140304603862848,21122
calculate_histogram,709.602326631546,709.6074423789978,bigbrain_3076_603_1388.nii,bin-worker-2.novalocal,140645737371456,20980
calculate_histogram,709.656379699707,709.6615006923676,bigbrain_769_603_0.nii,bin-worker-5.novalocal,140456556955456,28007
combine_histogram,709.5681898593903,709.7096655368805,all_file,bin-worker-1.novalocal,139962314753856,17975
combine_histogram,709.6130228042603,709.7754492759705,all_file,bin-worker-7.novalocal,139798932031296,7460
calculate_histogram,709.7938816547394,709.7990143299103,bigbrain_769_1809_1388.nii,bin-worker-1.novalocal,139962314753856,17977
calculate_histogram,709.9742217063904,709.9790961742401,bigbrain_769_1809_0.nii,bin-worker-7.novalocal,139798932031296,7452
combine_histogram,709.8292572498322,709.9901976585388,all_file,bin-worker-2.novalocal,140645737371456,20986
calculate_histogram,709.9886467456818,709.9934768676758,bigbrain_769_1206_0.nii,bin-worker-1.novalocal,139962314753856,17963
combine_histogram,709.9827399253845,710.1314032077789,all_file,bin-worker-5.novalocal,140456556955456,28003
calculate_histogram,710.1975245475769,710.2024371623993,bigbrain_769_1206_2776.nii,bin-worker-2.novalocal,140645737371456,20995
calculate_histogram,710.2023038864136,710.2074317932129,bigbrain_769_1206_1388.nii,bin-worker-7.novalocal,139798932031296,7466
calculate_histogram,710.2847666740417,710.2893340587616,bigbrain_769_603_2776.nii,bin-worker-3.novalocal,140304603862848,21140
calculate_histogram,710.4235594272614,710.4289793968201,bigbrain_769_2412_2082.nii,bin-worker-1.novalocal,139962314753856,17964
calculate_histogram,710.4274270534515,710.4322969913483,bigbrain_769_0_2776.nii,bin-worker-2.novalocal,140645737371456,20992
combine_histogram,710.2858290672302,710.4374115467072,all_file,bin-worker-5.novalocal,140456556955456,27993
calculate_histogram,710.483039855957,710.4876194000244,bigbrain_769_603_694.nii,bin-worker-3.novalocal,140304603862848,21143
calculate_histogram,710.6426780223846,710.647604227066,bigbrain_769_2412_0.nii,bin-worker-2.novalocal,140645737371456,20989
calculate_histogram,710.7646677494049,710.7696182727814,bigbrain_769_2412_1388.nii,bin-worker-7.novalocal,139798932031296,7457
calculate_histogram,710.8286941051483,710.8332452774048,bigbrain_769_603_1388.nii,bin-worker-1.novalocal,139962314753856,17984
calculate_histogram,710.8333621025085,710.8381645679474,bigbrain_769_2412_694.nii,bin-worker-2.novalocal,140645737371456,20981
combine_histogram,710.8532462120056,711.0189156532288,all_file,bin-worker-7.novalocal,139798932031296,7449
combine_histogram,711.0320553779602,711.2219436168671,all_file,bin-worker-3.novalocal,140304603862848,21134
combine_histogram,711.0940089225769,711.235476732254,all_file,bin-worker-1.novalocal,139962314753856,17972
combine_histogram,711.0898680686951,711.245677947998,all_file,bin-worker-5.novalocal,140456556955456,28000
combine_histogram,711.163302898407,711.32448387146,all_file,bin-worker-2.novalocal,140645737371456,21001
combine_histogram,711.2339024543762,711.3864076137543,all_file,bin-worker-5.novalocal,140456556955456,28007
calculate_histogram,711.5149092674255,711.5198884010315,bigbrain_769_603_2082.nii,bin-worker-7.novalocal,139798932031296,7469
combine_histogram,711.5394270420074,711.6826574802399,all_file,bin-worker-3.novalocal,140304603862848,21140
combine_histogram,711.8169252872467,711.9785118103027,all_file,bin-worker-2.novalocal,140645737371456,20980
combine_histogram,712.0059599876404,712.1512794494629,all_file,bin-worker-3.novalocal,140304603862848,21143
combine_histogram,712.1961500644684,712.348714351654,all_file,bin-worker-1.novalocal,139962314753856,17977
combine_histogram,712.4247934818268,712.5838642120361,all_file,bin-worker-7.novalocal,139798932031296,7452
combine_histogram,712.6011691093445,712.7411496639252,all_file,bin-worker-1.novalocal,139962314753856,17963
combine_histogram,712.7264866828918,712.8896105289459,all_file,bin-worker-2.novalocal,140645737371456,20995
combine_histogram,712.7319917678833,712.8903636932373,all_file,bin-worker-7.novalocal,139798932031296,7466
combine_histogram,712.7724680900574,712.9126920700073,all_file,bin-worker-1.novalocal,139962314753856,17964
combine_histogram,712.7764956951141,712.9378180503845,all_file,bin-worker-2.novalocal,140645737371456,20992
combine_histogram,712.9855575561523,713.1476762294769,all_file,bin-worker-7.novalocal,139798932031296,7457
combine_histogram,713.1292431354523,713.2737123966217,all_file,bin-worker-1.novalocal,139962314753856,17984
combine_histogram,713.1336100101471,713.2977795600891,all_file,bin-worker-2.novalocal,140645737371456,20989
combine_histogram,713.2726233005524,713.4341320991516,all_file,bin-worker-2.novalocal,140645737371456,20981
combine_histogram,713.277220249176,713.4399962425232,all_file,bin-worker-7.novalocal,139798932031296,7469
combine_histogram,717.1971561908722,717.223311662674,all_file,driver.novalocal,139916929320768,23973
combine_histogram,717.3150539398193,717.3444402217865,all_file,driver.novalocal,139916929320768,23973
combine_histogram,717.4273247718811,717.4528560638428,all_file,driver.novalocal,139916929320768,23973
combine_histogram,717.4780197143555,717.5031681060791,all_file,driver.novalocal,139916929320768,23973
combine_histogram,717.5865168571472,717.6085903644562,all_file,driver.novalocal,139916929320768,23973
combine_histogram,717.6824548244476,717.7105166912079,all_file,driver.novalocal,139916929320768,23973
combine_histogram,717.72878074646,717.7554838657379,all_file,driver.novalocal,139916929320768,23973
combine_histogram,717.7848656177521,717.8105523586273,all_file,driver.novalocal,139916929320768,23973
combine_histogram,717.8229591846466,717.8484125137329,all_file,driver.novalocal,139916929320768,23973
combine_histogram,717.8657870292664,717.8904671669006,all_file,driver.novalocal,139916929320768,23973
combine_histogram,718.0470101833344,718.0749206542969,all_file,driver.novalocal,139916929320768,23973
combine_histogram,718.1003661155701,718.1262149810791,all_file,driver.novalocal,139916929320768,23973
combine_histogram,718.1384387016296,718.1642899513245,all_file,driver.novalocal,139916929320768,23973
combine_histogram,718.1925203800201,718.218337059021,all_file,driver.novalocal,139916929320768,23973
combine_histogram,718.4174520969391,718.4436790943146,all_file,driver.novalocal,139916929320768,23973
combine_histogram,718.4585452079773,718.4838900566101,all_file,driver.novalocal,139916929320768,23973
combine_histogram,718.5110287666321,718.5373096466064,all_file,driver.novalocal,139916929320768,23973
combine_histogram,718.5497081279755,718.5756447315216,all_file,driver.novalocal,139916929320768,23973
combine_histogram,718.8131144046783,718.8399670124054,all_file,driver.novalocal,139916929320768,23973
combine_histogram,718.9004013538361,718.925772190094,all_file,driver.novalocal,139916929320768,23973
combine_histogram,718.9383957386017,718.9650859832764,all_file,driver.novalocal,139916929320768,23973
combine_histogram,718.9794421195984,719.0046892166138,all_file,driver.novalocal,139916929320768,23973
combine_histogram,719.059376001358,719.0863733291626,all_file,driver.novalocal,139916929320768,23973
combine_histogram,719.1194078922272,719.1449146270752,all_file,driver.novalocal,139916929320768,23973
combine_histogram,719.1588382720947,719.186003446579,all_file,driver.novalocal,139916929320768,23973
combine_histogram,719.2270879745483,719.2528293132782,all_file,driver.novalocal,139916929320768,23973
combine_histogram,719.380925655365,719.4088282585144,all_file,driver.novalocal,139916929320768,23973
combine_histogram,719.4216802120209,719.4477207660675,all_file,driver.novalocal,139916929320768,23973
combine_histogram,719.4596140384674,719.4865534305573,all_file,driver.novalocal,139916929320768,23973
combine_histogram,719.5083243846893,719.534307718277,all_file,driver.novalocal,139916929320768,23973
combine_histogram,719.5692136287689,719.5968358516693,all_file,driver.novalocal,139916929320768,23973
combine_histogram,719.6193702220917,719.6455478668213,all_file,driver.novalocal,139916929320768,23973
combine_histogram,719.6916470527649,719.7189230918884,all_file,driver.novalocal,139916929320768,23973
combine_histogram,719.7325015068054,719.758486032486,all_file,driver.novalocal,139916929320768,23973
combine_histogram,719.8143444061279,719.841869354248,all_file,driver.novalocal,139916929320768,23973
combine_histogram,719.8712306022644,719.8977324962616,all_file,driver.novalocal,139916929320768,23973
combine_histogram,719.9194619655609,719.9471335411072,all_file,driver.novalocal,139916929320768,23973
combine_histogram,720.174483537674,720.2021346092224,all_file,driver.novalocal,139916929320768,23973
combine_histogram,720.2145054340363,720.2414150238037,all_file,driver.novalocal,139916929320768,23973
combine_histogram,720.2545013427734,720.2801747322083,all_file,driver.novalocal,139916929320768,23973
combine_histogram,720.4558117389679,720.4812602996826,all_file,driver.novalocal,139916929320768,23973
combine_histogram,720.5112991333008,720.536158323288,all_file,driver.novalocal,139916929320768,23973
combine_histogram,720.5655035972595,720.5911211967468,all_file,driver.novalocal,139916929320768,23973
combine_histogram,720.7645435333252,720.7897381782532,all_file,driver.novalocal,139916929320768,23973
combine_histogram,720.8208084106445,720.8464064598083,all_file,driver.novalocal,139916929320768,23973
combine_histogram,720.9037435054779,720.9297223091125,all_file,driver.novalocal,139916929320768,23973
combine_histogram,720.9614956378937,720.9873373508453,all_file,driver.novalocal,139916929320768,23973
combine_histogram,721.0312960147858,721.0560019016266,all_file,driver.novalocal,139916929320768,23973
combine_histogram,721.074723482132,721.1007831096649,all_file,driver.novalocal,139916929320768,23973
combine_histogram,721.1335232257843,721.1579780578613,all_file,driver.novalocal,139916929320768,23973
combine_histogram,721.3395471572876,721.3658106327057,all_file,driver.novalocal,139916929320768,23973
combine_histogram,721.3832874298096,721.4083263874054,all_file,driver.novalocal,139916929320768,23973
combine_histogram,721.4604811668396,721.4855160713196,all_file,driver.novalocal,139916929320768,23973
combine_histogram,721.5012865066528,721.5254757404327,all_file,driver.novalocal,139916929320768,23973
combine_histogram,721.5382378101349,721.5642733573914,all_file,driver.novalocal,139916929320768,23973
combine_histogram,721.6738164424896,721.6996703147888,all_file,driver.novalocal,139916929320768,23973
combine_histogram,721.7575025558472,721.7833218574524,all_file,driver.novalocal,139916929320768,23973
combine_histogram,721.8999211788177,721.9265275001526,all_file,driver.novalocal,139916929320768,23973
combine_histogram,722.1175248622894,722.1508710384369,all_file,driver.novalocal,139916929320768,23973
combine_histogram,722.3296473026276,722.3565208911896,all_file,driver.novalocal,139916929320768,23973
combine_histogram,722.5318422317505,722.5595064163208,all_file,driver.novalocal,139916929320768,23973
combine_histogram,722.5716691017151,722.5976257324219,all_file,driver.novalocal,139916929320768,23973
combine_histogram,722.6102395057678,722.6369678974152,all_file,driver.novalocal,139916929320768,23973
combine_histogram,722.65229845047,722.677435874939,all_file,driver.novalocal,139916929320768,23973
combine_histogram,722.804740190506,722.8307001590729,all_file,driver.novalocal,139916929320768,23973
combine_histogram,722.9174883365631,722.9437692165375,all_file,driver.novalocal,139916929320768,23973
combine_histogram,722.9565472602844,722.9836978912354,all_file,driver.novalocal,139916929320768,23973
combine_histogram,722.9961810112,723.0221085548401,all_file,driver.novalocal,139916929320768,23973
combine_histogram,723.0701141357422,723.0963509082794,all_file,driver.novalocal,139916929320768,23973
combine_histogram,723.1084897518158,723.1337339878082,all_file,driver.novalocal,139916929320768,23973
combine_histogram,723.1582884788513,723.1842982769012,all_file,driver.novalocal,139916929320768,23973
combine_histogram,723.1963942050934,723.2220702171326,all_file,driver.novalocal,139916929320768,23973
combine_histogram,723.4025344848633,723.4297842979431,all_file,driver.novalocal,139916929320768,23973
combine_histogram,723.4673454761505,723.4916105270386,all_file,driver.novalocal,139916929320768,23973
combine_histogram,723.5346834659576,723.5609712600708,all_file,driver.novalocal,139916929320768,23973
combine_histogram,723.5882382392883,723.6138098239899,all_file,driver.novalocal,139916929320768,23973
combine_histogram,723.6302421092987,723.6564083099365,all_file,driver.novalocal,139916929320768,23973
combine_histogram,723.6834292411804,723.7087180614471,all_file,driver.novalocal,139916929320768,23973
combine_histogram,723.7468910217285,723.7729640007019,all_file,driver.novalocal,139916929320768,23973
combine_histogram,723.8893389701843,723.9158871173859,all_file,driver.novalocal,139916929320768,23973
combine_histogram,724.0388050079346,724.0660555362701,all_file,driver.novalocal,139916929320768,23973
combine_histogram,724.0877816677094,724.113778591156,all_file,driver.novalocal,139916929320768,23973
combine_histogram,724.2920446395874,724.3195359706879,all_file,driver.novalocal,139916929320768,23973
combine_histogram,724.33651304245,724.3618052005768,all_file,driver.novalocal,139916929320768,23973
combine_histogram,724.3743274211884,724.4001352787018,all_file,driver.novalocal,139916929320768,23973
combine_histogram,724.4848639965057,724.5103492736816,all_file,driver.novalocal,139916929320768,23973
combine_histogram,724.5770177841187,724.6035022735596,all_file,driver.novalocal,139916929320768,23973
combine_histogram,724.6314370632172,724.6576581001282,all_file,driver.novalocal,139916929320768,23973
combine_histogram,724.7141642570496,724.7402255535126,all_file,driver.novalocal,139916929320768,23973
combine_histogram,724.753312587738,724.7784526348114,all_file,driver.novalocal,139916929320768,23973
combine_histogram,724.7904620170593,724.8171992301941,all_file,driver.novalocal,139916929320768,23973
combine_histogram,724.83944272995,724.8652310371399,all_file,driver.novalocal,139916929320768,23973
combine_histogram,725.0164318084717,725.0433442592621,all_file,driver.novalocal,139916929320768,23973
combine_histogram,725.0667304992676,725.0925197601318,all_file,driver.novalocal,139916929320768,23973
combine_histogram,725.1116604804993,725.15021276474,all_file,driver.novalocal,139916929320768,23973
combine_histogram,725.1652681827545,725.1926760673523,all_file,driver.novalocal,139916929320768,23973
combine_histogram,725.2735311985016,725.3018243312836,all_file,driver.novalocal,139916929320768,23973
combine_histogram,725.3353779315948,725.3611857891083,all_file,driver.novalocal,139916929320768,23973
combine_histogram,725.3736760616302,725.400848865509,all_file,driver.novalocal,139916929320768,23973
combine_histogram,725.4129779338837,725.439553976059,all_file,driver.novalocal,139916929320768,23973
combine_histogram,725.4673736095428,725.4949626922607,all_file,driver.novalocal,139916929320768,23973
combine_histogram,725.6593000888824,725.6863310337067,all_file,driver.novalocal,139916929320768,23973
combine_histogram,725.7948060035706,725.8221890926361,all_file,driver.novalocal,139916929320768,23973
combine_histogram,725.8428144454956,725.8688666820526,all_file,driver.novalocal,139916929320768,23973
combine_histogram,725.9034435749054,725.9299397468567,all_file,driver.novalocal,139916929320768,23973
combine_histogram,726.1604936122894,726.1882503032684,all_file,driver.novalocal,139916929320768,23973
combine_histogram,726.2372941970825,726.2643744945526,all_file,driver.novalocal,139916929320768,23973
combine_histogram,726.2767724990845,726.3026330471039,all_file,driver.novalocal,139916929320768,23973
combine_histogram,726.3437957763672,726.3704359531403,all_file,driver.novalocal,139916929320768,23973
combine_histogram,726.5046398639679,726.5310637950897,all_file,driver.novalocal,139916929320768,23973
combine_histogram,726.5672998428345,726.5946359634399,all_file,driver.novalocal,139916929320768,23973
combine_histogram,726.6072192192078,726.6337823867798,all_file,driver.novalocal,139916929320768,23973
combine_histogram,727.1123743057251,727.1401205062866,all_file,driver.novalocal,139916929320768,23973
combine_histogram,727.1521492004395,727.1777691841125,all_file,driver.novalocal,139916929320768,23973
combine_histogram,727.1921141147614,727.2186300754547,all_file,driver.novalocal,139916929320768,23973
combine_histogram,727.2689442634583,727.29501080513,all_file,driver.novalocal,139916929320768,23973
combine_histogram,727.3630185127258,727.3898692131042,all_file,driver.novalocal,139916929320768,23973
combine_histogram,727.4221131801605,727.4471287727356,all_file,driver.novalocal,139916929320768,23973
combine_histogram,727.4989359378815,727.5255062580109,all_file,driver.novalocal,139916929320768,23973
combine_histogram,727.5896458625793,727.6158468723297,all_file,driver.novalocal,139916929320768,23973
combine_histogram,727.6634645462036,727.689756155014,all_file,driver.novalocal,139916929320768,23973
combine_histogram,727.7287132740021,727.7548975944519,all_file,driver.novalocal,139916929320768,23973
combine_histogram,727.7919626235962,727.818464756012,all_file,driver.novalocal,139916929320768,23973
combine_histogram,727.8418405056,727.8677997589111,all_file,driver.novalocal,139916929320768,23973
combine_histogram,727.8801877498627,727.9064235687256,all_file,driver.novalocal,139916929320768,23973
save_histogram,728.2710874080658,728.529013633728,all_file,driver.novalocal,139916929320768,23973
read_img,14.880600690841675,283.24958539009094,bigbrain_2307_0_2082.nii,bin-worker-4.novalocal,139691465021248,14729
read_img,14.877516984939575,283.3875267505646,bigbrain_2307_1206_0.nii,bin-worker-4.novalocal,139691465021248,14741
read_img,14.879842519760132,283.3635880947113,bigbrain_1538_603_2776.nii,bin-worker-4.novalocal,139691465021248,14735
read_img,14.877206563949585,283.12750267982483,bigbrain_2307_0_1388.nii,bin-worker-4.novalocal,139691465021248,14737
read_img,14.88244891166687,302.11089420318604,bigbrain_1538_2412_0.nii,bin-worker-8.novalocal,139634791331648,7929
read_img,14.879769802093506,294.4982440471649,bigbrain_1538_603_1388.nii,bin-worker-8.novalocal,139634791331648,7918
read_img,14.8809335231781,298.2745578289032,bigbrain_1538_2412_2082.nii,bin-worker-8.novalocal,139634791331648,7938
read_img,14.8797926902771,300.6776285171509,bigbrain_1538_603_2082.nii,bin-worker-8.novalocal,139634791331648,7926
read_img,14.880892992019653,302.51624608039856,bigbrain_1538_2412_2776.nii,bin-worker-8.novalocal,139634791331648,7932
read_img,14.882450819015503,304.20528292655945,bigbrain_1538_2412_1388.nii,bin-worker-8.novalocal,139634791331648,7923
read_img,14.880918264389038,298.1637849807739,bigbrain_1538_603_0.nii,bin-worker-8.novalocal,139634791331648,7935
read_img,15.090125322341919,299.82967710494995,bigbrain_1538_1206_1388.nii,bin-worker-6.novalocal,140342419019584,9067
read_img,15.090189933776855,299.97349786758423,bigbrain_1538_1206_0.nii,bin-worker-6.novalocal,140342419019584,9064
read_img,15.090068340301514,294.236456155777,bigbrain_0_603_694.nii,bin-worker-6.novalocal,140342419019584,9058
read_img,15.749491453170776,304.0534338951111,bigbrain_1538_0_2082.nii,bin-worker-6.novalocal,140342419019584,9076
read_img,15.489250421524048,302.38407349586487,bigbrain_1538_0_1388.nii,bin-worker-6.novalocal,140342419019584,9073
read_img,16.069719552993774,304.29082345962524,bigbrain_1538_0_694.nii,bin-worker-6.novalocal,140342419019584,9079
read_img,21.424773931503296,304.5512046813965,bigbrain_1538_0_0.nii,bin-worker-6.novalocal,140342419019584,9060
read_img,14.877514362335205,280.41297245025635,bigbrain_2307_0_2776.nii,bin-worker-4.novalocal,139691465021248,14744
read_img,29.151800632476807,295.68993186950684,bigbrain_2307_0_694.nii,bin-worker-4.novalocal,139691465021248,14750
read_img,14.974939346313477,286.6076669692993,bigbrain_1538_1809_2776.nii,bin-worker-3.novalocal,140304603862848,21130
read_img,14.97578763961792,286.7125463485718,bigbrain_1538_1809_0.nii,bin-worker-3.novalocal,140304603862848,21137
read_img,15.009705781936646,285.22372913360596,bigbrain_1538_1809_1388.nii,bin-worker-3.novalocal,140304603862848,21128
read_img,103.88220763206482,321.9932510852814,bigbrain_1538_603_694.nii,bin-worker-4.novalocal,139691465021248,14730
read_img,14.976688385009766,286.7343451976776,bigbrain_1538_1809_2082.nii,bin-worker-3.novalocal,140304603862848,21123
flatten,323.1329221725464,323.1829173564911,bigbrain_2307_0_2082.nii,bin-worker-4.novalocal,139691465021248,14729
flatten,324.03237867355347,324.11499524116516,bigbrain_1538_2412_2082.nii,bin-worker-8.novalocal,139634791331648,7938
flatten,327.0750186443329,327.129025220871,bigbrain_1538_1206_1388.nii,bin-worker-6.novalocal,140342419019584,9067
flatten,324.7744631767273,324.83323073387146,bigbrain_2307_0_1388.nii,bin-worker-4.novalocal,139691465021248,14737
flatten,327.45657324790955,327.5096185207367,bigbrain_2307_1206_0.nii,bin-worker-4.novalocal,139691465021248,14741
flatten,328.0777199268341,328.1598131656647,bigbrain_1538_2412_0.nii,bin-worker-8.novalocal,139634791331648,7929
read_img,14.974813461303711,281.4406418800354,bigbrain_1538_1206_2082.nii,bin-worker-3.novalocal,140304603862848,21122
flatten,328.4601650238037,328.521835565567,bigbrain_0_603_694.nii,bin-worker-6.novalocal,140342419019584,9058
flatten,330.16038632392883,330.2161674499512,bigbrain_1538_603_2776.nii,bin-worker-4.novalocal,139691465021248,14735
read_img,15.527574062347412,292.98270320892334,bigbrain_1538_1206_694.nii,bin-worker-3.novalocal,140304603862848,21134
flatten,331.6217336654663,331.7037284374237,bigbrain_1538_603_1388.nii,bin-worker-8.novalocal,139634791331648,7918
flatten,331.33452558517456,331.39524126052856,bigbrain_1538_1206_0.nii,bin-worker-6.novalocal,140342419019584,9064
flatten,332.81854224205017,332.87246537208557,bigbrain_2307_0_2776.nii,bin-worker-4.novalocal,139691465021248,14744
flatten,330.71651434898376,330.76825857162476,bigbrain_1538_1809_2776.nii,bin-worker-3.novalocal,140304603862848,21130
flatten,333.11330819129944,333.18609952926636,bigbrain_1538_603_2082.nii,bin-worker-8.novalocal,139634791331648,7926
flatten,335.20332169532776,335.25480103492737,bigbrain_2307_0_694.nii,bin-worker-4.novalocal,139691465021248,14750
flatten,335.58892035484314,335.6759555339813,bigbrain_1538_2412_1388.nii,bin-worker-8.novalocal,139634791331648,7923
flatten,333.566739320755,333.6322419643402,bigbrain_1538_0_2082.nii,bin-worker-6.novalocal,140342419019584,9076
flatten,335.91431069374084,335.9750425815582,bigbrain_1538_0_1388.nii,bin-worker-6.novalocal,140342419019584,9073
read_img,14.744815587997437,335.72028398513794,bigbrain_0_1809_1388.nii,bin-worker-5.novalocal,140456556955456,28013
read_img,14.745887279510498,338.3071434497833,bigbrain_0_1809_0.nii,bin-worker-5.novalocal,140456556955456,28010
read_img,14.745920419692993,338.3588571548462,bigbrain_0_1809_2776.nii,bin-worker-5.novalocal,140456556955456,27998
flatten,339.0304582118988,339.08934330940247,bigbrain_1538_0_694.nii,bin-worker-6.novalocal,140342419019584,9079
read_img,14.745927810668945,338.3650116920471,bigbrain_0_1809_694.nii,bin-worker-5.novalocal,140456556955456,27992
read_img,15.014548540115356,339.2569754123688,bigbrain_2307_1206_694.nii,bin-worker-1.novalocal,139962314753856,17969
flatten,339.17719769477844,339.2251045703888,bigbrain_1538_603_694.nii,bin-worker-4.novalocal,139691465021248,14730
read_img,15.014676094055176,339.8004331588745,bigbrain_2307_1809_2082.nii,bin-worker-1.novalocal,139962314753856,17981
read_img,14.746046304702759,338.3926875591278,bigbrain_0_1206_694.nii,bin-worker-5.novalocal,140456556955456,28003
read_img,15.014804601669312,339.8586263656616,bigbrain_2307_1809_2776.nii,bin-worker-1.novalocal,139962314753856,17975
flatten,339.2170321941376,339.3057870864868,bigbrain_1538_2412_2776.nii,bin-worker-8.novalocal,139634791331648,7932
read_img,14.794476747512817,335.37622714042664,bigbrain_0_0_1388.nii,bin-worker-2.novalocal,140645737371456,20998
read_img,15.014816999435425,339.9100863933563,bigbrain_2307_1206_2776.nii,bin-worker-1.novalocal,139962314753856,17963
read_img,14.794476747512817,337.8355960845947,bigbrain_0_0_694.nii,bin-worker-2.novalocal,140645737371456,21001
read_img,15.015236616134644,339.94209718704224,bigbrain_2307_1809_0.nii,bin-worker-1.novalocal,139962314753856,17972
read_img,14.785342693328857,339.3494472503662,bigbrain_0_2412_1388.nii,bin-worker-7.novalocal,139798932031296,7463
read_img,14.794570207595825,337.8748126029968,bigbrain_0_1206_0.nii,bin-worker-2.novalocal,140645737371456,20986
read_img,14.785355567932129,339.5168113708496,bigbrain_0_2412_2082.nii,bin-worker-7.novalocal,139798932031296,7448
read_img,14.749968528747559,338.51076197624207,bigbrain_0_1206_2776.nii,bin-worker-5.novalocal,140456556955456,28000
read_img,14.753243446350098,338.9722969532013,bigbrain_0_1809_2082.nii,bin-worker-5.novalocal,140456556955456,27993
read_img,15.017667531967163,339.9969620704651,bigbrain_2307_1206_1388.nii,bin-worker-1.novalocal,139962314753856,17977
read_img,14.746254920959473,338.477557182312,bigbrain_0_2412_0.nii,bin-worker-5.novalocal,140456556955456,28007
read_img,14.7846200466156,339.06168127059937,bigbrain_0_603_2082.nii,bin-worker-7.novalocal,139798932031296,7449
read_img,15.017639398574829,340.04417657852173,bigbrain_2307_1809_1388.nii,bin-worker-1.novalocal,139962314753856,17984
read_img,14.796282052993774,338.91269612312317,bigbrain_0_1206_1388.nii,bin-worker-2.novalocal,140645737371456,20980
read_img,14.79623532295227,339.41866421699524,bigbrain_0_0_2082.nii,bin-worker-2.novalocal,140645737371456,20995
read_img,15.017778873443604,340.104266166687,bigbrain_2307_1206_2082.nii,bin-worker-1.novalocal,139962314753856,17964
read_img,14.784695625305176,339.0956664085388,bigbrain_0_603_0.nii,bin-worker-7.novalocal,139798932031296,7460
read_img,14.794484376907349,338.98120617866516,bigbrain_0_0_2776.nii,bin-worker-2.novalocal,140645737371456,20992
read_img,14.78371262550354,339.13864493370056,bigbrain_0_603_2776.nii,bin-worker-7.novalocal,139798932031296,7466
read_img,14.796282052993774,338.9976842403412,bigbrain_0_1206_2082.nii,bin-worker-2.novalocal,140645737371456,20989
read_img,14.784570217132568,337.99814677238464,bigbrain_0_2412_694.nii,bin-worker-7.novalocal,139798932031296,7452
read_img,14.79623532295227,339.2186939716339,bigbrain_0_0_0.nii,bin-worker-2.novalocal,140645737371456,20981
read_img,14.783596277236938,337.91367292404175,bigbrain_0_603_1388.nii,bin-worker-7.novalocal,139798932031296,7457
read_img,14.783596277236938,335.45202827453613,bigbrain_0_2412_2776.nii,bin-worker-7.novalocal,139798932031296,7469
flatten,340.46422815322876,340.5146219730377,bigbrain_0_1809_1388.nii,bin-worker-5.novalocal,140456556955456,28013
flatten,340.73775267601013,340.79313564300537,bigbrain_2307_1206_694.nii,bin-worker-1.novalocal,139962314753856,17969
flatten,339.6921064853668,339.75318908691406,bigbrain_1538_0_0.nii,bin-worker-6.novalocal,140342419019584,9060
calculate_histogram,339.8499882221222,339.85729026794434,bigbrain_2307_0_2082.nii,bin-worker-4.novalocal,139691465021248,14729
flatten,341.2614657878876,341.2996551990509,bigbrain_2307_1809_2082.nii,bin-worker-1.novalocal,139962314753856,17981
flatten,341.26127338409424,341.3029363155365,bigbrain_0_1809_0.nii,bin-worker-5.novalocal,140456556955456,28010
flatten,341.25419569015503,341.3003520965576,bigbrain_0_0_1388.nii,bin-worker-2.novalocal,140645737371456,20998
flatten,341.2561173439026,341.3374798297882,bigbrain_0_2412_1388.nii,bin-worker-7.novalocal,139798932031296,7463
flatten,340.0551772117615,340.15634632110596,bigbrain_1538_603_0.nii,bin-worker-8.novalocal,139634791331648,7935
flatten,341.4995059967041,341.5506238937378,bigbrain_0_1206_0.nii,bin-worker-2.novalocal,140645737371456,20986
flatten,341.54181718826294,341.60846424102783,bigbrain_0_2412_2082.nii,bin-worker-7.novalocal,139798932031296,7448
flatten,341.88501048088074,341.94778323173523,bigbrain_0_1809_2776.nii,bin-worker-5.novalocal,140456556955456,27998
flatten,341.94468688964844,341.9917359352112,bigbrain_2307_1809_2776.nii,bin-worker-1.novalocal,139962314753856,17975
calculate_histogram,341.3156273365021,341.32282757759094,bigbrain_2307_0_1388.nii,bin-worker-4.novalocal,139691465021248,14737
flatten,342.6502001285553,342.6959755420685,bigbrain_0_0_694.nii,bin-worker-2.novalocal,140645737371456,21001
calculate_histogram,342.01584243774414,342.0227732658386,bigbrain_1538_2412_2082.nii,bin-worker-8.novalocal,139634791331648,7938
flatten,342.86722230911255,342.9262011051178,bigbrain_0_603_0.nii,bin-worker-7.novalocal,139798932031296,7460
calculate_histogram,341.70371770858765,341.71131205558777,bigbrain_1538_1206_1388.nii,bin-worker-6.novalocal,140342419019584,9067
flatten,343.2152910232544,343.27696800231934,bigbrain_0_1809_694.nii,bin-worker-5.novalocal,140456556955456,27992
flatten,338.225711107254,338.28273820877075,bigbrain_1538_1809_0.nii,bin-worker-3.novalocal,140304603862848,21137
flatten,339.6935544013977,339.75615549087524,bigbrain_1538_1809_1388.nii,bin-worker-3.novalocal,140304603862848,21128
flatten,342.5216906070709,342.58902978897095,bigbrain_1538_1809_2082.nii,bin-worker-3.novalocal,140304603862848,21123
flatten,343.61110067367554,343.67954993247986,bigbrain_2307_1809_0.nii,bin-worker-1.novalocal,139962314753856,17972
calculate_histogram,343.60992407798767,343.61697816848755,bigbrain_2307_1206_0.nii,bin-worker-4.novalocal,139691465021248,14741
flatten,343.9581775665283,344.01330947875977,bigbrain_0_1206_1388.nii,bin-worker-2.novalocal,140645737371456,20980
flatten,344.01671504974365,344.16524744033813,bigbrain_1538_1206_2082.nii,bin-worker-3.novalocal,140304603862848,21122
calculate_histogram,344.15359139442444,344.16115522384644,bigbrain_1538_2412_0.nii,bin-worker-8.novalocal,139634791331648,7929
read_img,173.2608082294464,344.34860706329346,bigbrain_1538_1206_2776.nii,bin-worker-3.novalocal,140304603862848,21140
flatten,344.35166931152344,344.42360973358154,bigbrain_0_603_2082.nii,bin-worker-7.novalocal,139798932031296,7449
read_img,294.1380670070648,344.42876505851746,bigbrain_1538_2412_694.nii,bin-worker-8.novalocal,139634791331648,7917
read_img,175.6740424633026,344.5195577144623,bigbrain_1538_1809_694.nii,bin-worker-3.novalocal,140304603862848,21143
calculate_histogram,343.20637464523315,343.2142016887665,bigbrain_0_603_694.nii,bin-worker-6.novalocal,140342419019584,9058
flatten,344.5144202709198,344.57438039779663,bigbrain_0_1206_694.nii,bin-worker-5.novalocal,140456556955456,28003
flatten,344.75633549690247,344.8185884952545,bigbrain_2307_1206_2776.nii,bin-worker-1.novalocal,139962314753856,17963
calculate_histogram,344.89469838142395,344.90180015563965,bigbrain_1538_1206_0.nii,bin-worker-6.novalocal,140342419019584,9064
calculate_histogram,344.9228458404541,344.93038392066956,bigbrain_1538_603_2776.nii,bin-worker-4.novalocal,139691465021248,14735
calculate_histogram,344.92842531204224,344.93551874160767,bigbrain_1538_603_1388.nii,bin-worker-8.novalocal,139634791331648,7918
flatten,344.8933846950531,344.94911456108093,bigbrain_0_0_2776.nii,bin-worker-2.novalocal,140645737371456,20992
flatten,344.9010879993439,344.96147060394287,bigbrain_1538_1206_694.nii,bin-worker-3.novalocal,140304603862848,21134
flatten,344.9515838623047,344.990421295166,bigbrain_0_1206_2776.nii,bin-worker-5.novalocal,140456556955456,28000
flatten,344.98060965538025,345.0356023311615,bigbrain_2307_1206_1388.nii,bin-worker-1.novalocal,139962314753856,17977
flatten,344.9435570240021,345.01680612564087,bigbrain_0_603_2776.nii,bin-worker-7.novalocal,139798932031296,7466
calculate_histogram,345.0591559410095,345.06540846824646,bigbrain_1538_1809_2776.nii,bin-worker-3.novalocal,140304603862848,21130
calculate_histogram,345.0720112323761,345.0786428451538,bigbrain_2307_0_2776.nii,bin-worker-4.novalocal,139691465021248,14744
calculate_histogram,345.06872606277466,345.07777547836304,bigbrain_1538_0_2082.nii,bin-worker-6.novalocal,140342419019584,9076
flatten,344.98215079307556,345.1227378845215,bigbrain_0_0_2082.nii,bin-worker-2.novalocal,140645737371456,20995
calculate_histogram,345.0780019760132,345.08463311195374,bigbrain_1538_603_2082.nii,bin-worker-8.novalocal,139634791331648,7926
read_img,281.8087475299835,345.1897482872009,bigbrain_2307_0_0.nii,bin-worker-4.novalocal,139691465021248,14747
read_img,298.322389125824,345.21614503860474,bigbrain_1538_0_2776.nii,bin-worker-6.novalocal,140342419019584,9070
flatten,345.2046778202057,345.24944829940796,bigbrain_0_1809_2082.nii,bin-worker-5.novalocal,140456556955456,27993
flatten,345.2144453525543,345.26328444480896,bigbrain_2307_1206_2082.nii,bin-worker-1.novalocal,139962314753856,17964
flatten,345.2186686992645,345.30729484558105,bigbrain_0_1206_2082.nii,bin-worker-2.novalocal,140645737371456,20989
calculate_histogram,345.2481417655945,345.2554714679718,bigbrain_1538_0_1388.nii,bin-worker-6.novalocal,140342419019584,9073
calculate_histogram,345.2479717731476,345.2542471885681,bigbrain_1538_1809_1388.nii,bin-worker-3.novalocal,140304603862848,21128
flatten,345.2047312259674,345.26708817481995,bigbrain_0_2412_694.nii,bin-worker-7.novalocal,139798932031296,7452
calculate_histogram,345.48338556289673,345.4905695915222,bigbrain_2307_0_694.nii,bin-worker-4.novalocal,139691465021248,14750
calculate_histogram,345.70859241485596,345.7153015136719,bigbrain_1538_2412_1388.nii,bin-worker-8.novalocal,139634791331648,7923
flatten,345.8161292076111,345.8647952079773,bigbrain_0_2412_0.nii,bin-worker-5.novalocal,140456556955456,28007
flatten,345.81923270225525,345.87746596336365,bigbrain_0_603_1388.nii,bin-worker-7.novalocal,139798932031296,7457
calculate_histogram,345.91832160949707,345.92840814590454,bigbrain_1538_1809_0.nii,bin-worker-3.novalocal,140304603862848,21137
flatten,345.879221200943,345.93395161628723,bigbrain_2307_1809_1388.nii,bin-worker-1.novalocal,139962314753856,17984
flatten,345.8888244628906,345.9487233161926,bigbrain_0_0_0.nii,bin-worker-2.novalocal,140645737371456,20981
calculate_histogram,345.9740250110626,345.98315262794495,bigbrain_1538_0_694.nii,bin-worker-6.novalocal,140342419019584,9079
calculate_histogram,346.01503252983093,346.0218689441681,bigbrain_1538_603_694.nii,bin-worker-4.novalocal,139691465021248,14730
calculate_histogram,346.02125334739685,346.02887749671936,bigbrain_1538_2412_2776.nii,bin-worker-8.novalocal,139634791331648,7932
calculate_histogram,346.0294532775879,346.03606247901917,bigbrain_0_1809_1388.nii,bin-worker-5.novalocal,140456556955456,28013
calculate_histogram,346.0616703033447,346.0719757080078,bigbrain_2307_1206_694.nii,bin-worker-1.novalocal,139962314753856,17969
calculate_histogram,346.0744307041168,346.0810329914093,bigbrain_0_0_1388.nii,bin-worker-2.novalocal,140645737371456,20998
calculate_histogram,346.0823173522949,346.08947348594666,bigbrain_1538_1809_2082.nii,bin-worker-3.novalocal,140304603862848,21123
flatten,346.0333240032196,346.11190915107727,bigbrain_0_2412_2776.nii,bin-worker-7.novalocal,139798932031296,7469
calculate_histogram,346.12808537483215,346.13547253608704,bigbrain_1538_0_0.nii,bin-worker-6.novalocal,140342419019584,9060
calculate_histogram,346.1298658847809,346.1381528377533,bigbrain_1538_603_0.nii,bin-worker-8.novalocal,139634791331648,7935
calculate_histogram,346.1472177505493,346.15357184410095,bigbrain_0_1809_0.nii,bin-worker-5.novalocal,140456556955456,28010
calculate_histogram,346.1605293750763,346.1682550907135,bigbrain_0_2412_1388.nii,bin-worker-7.novalocal,139798932031296,7463
calculate_histogram,346.20413756370544,346.2113604545593,bigbrain_2307_1809_2082.nii,bin-worker-1.novalocal,139962314753856,17981
combine_histogram,346.1182336807251,346.2636330127716,all_file,bin-worker-4.novalocal,139691465021248,14729
calculate_histogram,346.21190071105957,346.21831250190735,bigbrain_0_1206_0.nii,bin-worker-2.novalocal,140645737371456,20986
calculate_histogram,346.2200434207916,346.23100090026855,bigbrain_1538_1206_2082.nii,bin-worker-3.novalocal,140304603862848,21122
calculate_histogram,346.3516454696655,346.35879921913147,bigbrain_0_1809_2776.nii,bin-worker-5.novalocal,140456556955456,27998
calculate_histogram,346.38104796409607,346.38828206062317,bigbrain_0_2412_2082.nii,bin-worker-7.novalocal,139798932031296,7448
combine_histogram,346.32948899269104,346.4599578380585,all_file,bin-worker-4.novalocal,139691465021248,14737
calculate_histogram,346.3960556983948,346.4043641090393,bigbrain_2307_1809_2776.nii,bin-worker-1.novalocal,139962314753856,17975
calculate_histogram,346.483589887619,346.48980498313904,bigbrain_0_0_694.nii,bin-worker-2.novalocal,140645737371456,21001
combine_histogram,346.3450322151184,346.4930365085602,all_file,bin-worker-8.novalocal,139634791331648,7938
combine_histogram,346.3265631198883,346.50135135650635,all_file,bin-worker-6.novalocal,140342419019584,9067
flatten,346.49291253089905,346.556636095047,bigbrain_1538_1206_2776.nii,bin-worker-3.novalocal,140304603862848,21140
calculate_histogram,346.5707001686096,346.5777037143707,bigbrain_0_1809_694.nii,bin-worker-5.novalocal,140456556955456,27992
calculate_histogram,346.6278131008148,346.63535475730896,bigbrain_0_603_0.nii,bin-worker-7.novalocal,139798932031296,7460
combine_histogram,346.50633120536804,346.6358320713043,all_file,bin-worker-4.novalocal,139691465021248,14741
calculate_histogram,346.63141441345215,346.64020562171936,bigbrain_2307_1809_0.nii,bin-worker-1.novalocal,139962314753856,17972
calculate_histogram,346.63964319229126,346.645889043808,bigbrain_0_1206_1388.nii,bin-worker-2.novalocal,140645737371456,20980
combine_histogram,346.4999854564667,346.65418672561646,all_file,bin-worker-6.novalocal,140342419019584,9058
combine_histogram,346.5696110725403,346.70660638809204,all_file,bin-worker-8.novalocal,139634791331648,7929
flatten,346.6986827850342,346.7775478363037,bigbrain_1538_1809_694.nii,bin-worker-3.novalocal,140304603862848,21143
calculate_histogram,346.78541254997253,346.79217505455017,bigbrain_0_1206_694.nii,bin-worker-5.novalocal,140456556955456,28003
calculate_histogram,346.7958800792694,346.80262541770935,bigbrain_0_603_2082.nii,bin-worker-7.novalocal,139798932031296,7449
flatten,346.72558975219727,346.80232095718384,bigbrain_1538_2412_694.nii,bin-worker-8.novalocal,139634791331648,7917
calculate_histogram,346.8124887943268,346.82044506073,bigbrain_2307_1206_2776.nii,bin-worker-1.novalocal,139962314753856,17963
calculate_histogram,346.8222117424011,346.82843136787415,bigbrain_0_0_2776.nii,bin-worker-2.novalocal,140645737371456,20992
combine_histogram,346.7170522212982,346.8466360569,all_file,bin-worker-4.novalocal,139691465021248,14735
calculate_histogram,346.8457226753235,346.85223388671875,bigbrain_1538_1206_694.nii,bin-worker-3.novalocal,140304603862848,21134
combine_histogram,346.707768201828,346.8930444717407,all_file,bin-worker-6.novalocal,140342419019584,9064
calculate_histogram,346.96200156211853,346.9684269428253,bigbrain_0_1206_2776.nii,bin-worker-5.novalocal,140456556955456,28000
combine_histogram,346.8582148551941,346.9915497303009,all_file,bin-worker-4.novalocal,139691465021248,14744
combine_histogram,346.8551709651947,347.01064467430115,all_file,bin-worker-6.novalocal,140342419019584,9076
combine_histogram,346.8795430660248,347.0228273868561,all_file,bin-worker-8.novalocal,139634791331648,7918
calculate_histogram,347.02392315864563,347.030757188797,bigbrain_0_603_2776.nii,bin-worker-7.novalocal,139798932031296,7466
calculate_histogram,347.03134751319885,347.0409140586853,bigbrain_2307_1206_1388.nii,bin-worker-1.novalocal,139962314753856,17977
calculate_histogram,347.0834505558014,347.0898103713989,bigbrain_0_0_2082.nii,bin-worker-2.novalocal,140645737371456,20995
flatten,347.14417481422424,347.19557785987854,bigbrain_2307_0_0.nii,bin-worker-4.novalocal,139691465021248,14747
flatten,347.15967416763306,347.2139723300934,bigbrain_1538_0_2776.nii,bin-worker-6.novalocal,140342419019584,9070
calculate_histogram,347.24977946281433,347.25650811195374,bigbrain_0_1809_2082.nii,bin-worker-5.novalocal,140456556955456,27993
combine_histogram,347.1223216056824,347.27599477767944,all_file,bin-worker-3.novalocal,140304603862848,21130
calculate_histogram,347.29674911499023,347.3040645122528,bigbrain_0_2412_0.nii,bin-worker-5.novalocal,140456556955456,28007
combine_histogram,347.1592309474945,347.30296206474304,all_file,bin-worker-8.novalocal,139634791331648,7926
calculate_histogram,347.32012033462524,347.32885789871216,bigbrain_0_2412_694.nii,bin-worker-7.novalocal,139798932031296,7452
calculate_histogram,347.3232514858246,347.3300654888153,bigbrain_2307_1206_2082.nii,bin-worker-1.novalocal,139962314753856,17964
calculate_histogram,347.3298816680908,347.3362195491791,bigbrain_0_1206_2082.nii,bin-worker-2.novalocal,140645737371456,20989
calculate_histogram,347.435998916626,347.442875623703,bigbrain_0_603_1388.nii,bin-worker-7.novalocal,139798932031296,7457
combine_histogram,347.27603030204773,347.4212191104889,all_file,bin-worker-8.novalocal,139634791331648,7923
calculate_histogram,347.4699065685272,347.47877168655396,bigbrain_2307_1809_1388.nii,bin-worker-1.novalocal,139962314753856,17984
calculate_histogram,347.505713224411,347.51208782196045,bigbrain_0_0_0.nii,bin-worker-2.novalocal,140645737371456,20981
combine_histogram,347.38382720947266,347.5171272754669,all_file,bin-worker-4.novalocal,139691465021248,14750
combine_histogram,347.3401532173157,347.5159068107605,all_file,bin-worker-3.novalocal,140304603862848,21128
combine_histogram,347.3826231956482,347.53774785995483,all_file,bin-worker-6.novalocal,140342419019584,9073
combine_histogram,347.4041533470154,347.5581431388855,all_file,bin-worker-8.novalocal,139634791331648,7932
combine_histogram,347.4037141799927,347.5419874191284,all_file,bin-worker-5.novalocal,140456556955456,28013
calculate_histogram,347.63793992996216,347.6449408531189,bigbrain_0_2412_2776.nii,bin-worker-7.novalocal,139798932031296,7469
combine_histogram,347.51199555397034,347.65081119537354,all_file,bin-worker-3.novalocal,140304603862848,21137
combine_histogram,347.52084708213806,347.67779874801636,all_file,bin-worker-6.novalocal,140342419019584,9079
combine_histogram,347.6114251613617,347.744535446167,all_file,bin-worker-4.novalocal,139691465021248,14730
combine_histogram,347.64485359191895,347.8024249076843,all_file,bin-worker-1.novalocal,139962314753856,17969
combine_histogram,347.73835372924805,347.9072890281677,all_file,bin-worker-2.novalocal,140645737371456,20998
combine_histogram,347.76250886917114,347.92000675201416,all_file,bin-worker-6.novalocal,140342419019584,9060
combine_histogram,347.75908946990967,347.93882489204407,all_file,bin-worker-3.novalocal,140304603862848,21123
combine_histogram,347.62564873695374,347.7651891708374,all_file,bin-worker-8.novalocal,139634791331648,7935
combine_histogram,347.6298644542694,347.76345205307007,all_file,bin-worker-5.novalocal,140456556955456,28010
combine_histogram,348.11156368255615,348.24491024017334,all_file,bin-worker-5.novalocal,140456556955456,27998
combine_histogram,348.240109205246,348.38380241394043,all_file,bin-worker-1.novalocal,139962314753856,17981
combine_histogram,348.19757604599,348.3672513961792,all_file,bin-worker-7.novalocal,139798932031296,7463
combine_histogram,348.39949107170105,348.54718947410583,all_file,bin-worker-2.novalocal,140645737371456,20986
combine_histogram,348.40202355384827,348.57938146591187,all_file,bin-worker-3.novalocal,140304603862848,21122
combine_histogram,348.94967126846313,349.09097933769226,all_file,bin-worker-5.novalocal,140456556955456,27992
combine_histogram,349.18414998054504,349.3247253894806,all_file,bin-worker-1.novalocal,139962314753856,17975
combine_histogram,349.14419651031494,349.2938470840454,all_file,bin-worker-7.novalocal,139798932031296,7448
combine_histogram,349.404580116272,349.55206060409546,all_file,bin-worker-2.novalocal,140645737371456,21001
calculate_histogram,349.5423791408539,349.55152797698975,bigbrain_1538_1206_2776.nii,bin-worker-3.novalocal,140304603862848,21140
combine_histogram,350.9422903060913,351.076872587204,all_file,bin-worker-5.novalocal,140456556955456,28003
combine_histogram,351.1767420768738,351.3326349258423,all_file,bin-worker-7.novalocal,139798932031296,7460
combine_histogram,351.96583795547485,352.1093964576721,all_file,bin-worker-1.novalocal,139962314753856,17972
combine_histogram,352.465758562088,352.6156449317932,all_file,bin-worker-2.novalocal,140645737371456,20980
calculate_histogram,352.46918964385986,352.47864627838135,bigbrain_1538_1809_694.nii,bin-worker-3.novalocal,140304603862848,21143
combine_histogram,353.19298791885376,353.33579874038696,all_file,bin-worker-5.novalocal,140456556955456,28000
combine_histogram,353.341739654541,353.4925711154938,all_file,bin-worker-7.novalocal,139798932031296,7449
calculate_histogram,354.5582160949707,354.56514978408813,bigbrain_1538_2412_694.nii,bin-worker-8.novalocal,139634791331648,7917
combine_histogram,362.7102198600769,362.8441412448883,all_file,bin-worker-1.novalocal,139962314753856,17963
combine_histogram,363.22839283943176,363.3757047653198,all_file,bin-worker-2.novalocal,140645737371456,20992
combine_histogram,363.2310972213745,363.369069814682,all_file,bin-worker-3.novalocal,140304603862848,21134
combine_histogram,363.7497103214264,363.8919994831085,all_file,bin-worker-5.novalocal,140456556955456,27993
combine_histogram,364.4109709262848,364.5585927963257,all_file,bin-worker-7.novalocal,139798932031296,7466
combine_histogram,365.4259238243103,365.57000613212585,all_file,bin-worker-1.novalocal,139962314753856,17977
combine_histogram,366.5392870903015,366.6870744228363,all_file,bin-worker-2.novalocal,140645737371456,20995
combine_histogram,368.42426085472107,368.5570058822632,all_file,bin-worker-5.novalocal,140456556955456,28007
combine_histogram,368.4312493801117,368.5801589488983,all_file,bin-worker-7.novalocal,139798932031296,7452
combine_histogram,369.8077623844147,369.9543285369873,all_file,bin-worker-1.novalocal,139962314753856,17964
combine_histogram,371.22892141342163,371.38009786605835,all_file,bin-worker-2.novalocal,140645737371456,20989
combine_histogram,373.34180998802185,373.49222016334534,all_file,bin-worker-7.novalocal,139798932031296,7457
combine_histogram,374.4491853713989,374.5923819541931,all_file,bin-worker-1.novalocal,139962314753856,17984
combine_histogram,374.55554485321045,374.7073903083801,all_file,bin-worker-2.novalocal,140645737371456,20981
combine_histogram,375.2188205718994,375.3681707382202,all_file,bin-worker-7.novalocal,139798932031296,7469
calculate_histogram,387.0576412677765,387.0655233860016,bigbrain_2307_0_0.nii,bin-worker-4.novalocal,139691465021248,14747
calculate_histogram,385.1420078277588,385.1496682167053,bigbrain_1538_0_2776.nii,bin-worker-6.novalocal,140342419019584,9070
combine_histogram,411.35986399650574,411.49787950515747,all_file,bin-worker-3.novalocal,140304603862848,21140
combine_histogram,424.9792854785919,425.11143612861633,all_file,bin-worker-3.novalocal,140304603862848,21143
