calculate_histogram,356.1971755027771,448.0846438407898,bigbrain_1538_1809_0.nii,bin-worker-7.novalocal,140420156888896,31749
combine_histogram,448.1958198547363,448.21203351020813,all_file,bin-worker-7.novalocal,140420156888896,31749
read_img,872.7549891471863,878.9073951244354,bigbrain_769_1809_2776.nii,bin-worker-6.novalocal,140362368894784,27435
flatten,879.0417568683624,879.188045501709,bigbrain_769_1809_2776.nii,bin-worker-6.novalocal,140362368894784,27435
read_img,443.7427487373352,450.5079720020294,bigbrain_2307_0_1388.nii,bin-worker-6.novalocal,140362368894784,27420
flatten,450.6225383281708,450.7376561164856,bigbrain_2307_0_1388.nii,bin-worker-6.novalocal,140362368894784,27420
calculate_histogram,795.6201844215393,882.4319229125977,bigbrain_3076_603_2082.nii,bin-worker-7.novalocal,140420156888896,31744
combine_histogram,882.594780921936,882.6059663295746,all_file,bin-worker-7.novalocal,140420156888896,31744
read_img,448.4223129749298,455.2066595554352,bigbrain_2307_0_2082.nii,bin-worker-7.novalocal,140420156888896,31749
flatten,455.33889389038086,455.43007612228394,bigbrain_2307_0_2082.nii,bin-worker-7.novalocal,140420156888896,31749
calculate_histogram,802.9438655376434,888.3649306297302,bigbrain_769_0_2082.nii,bin-worker-6.novalocal,140362368894784,27438
combine_histogram,888.6404738426208,888.6714677810669,all_file,bin-worker-6.novalocal,140362368894784,27438
read_img,882.918126821518,889.1761183738708,bigbrain_769_1809_694.nii,bin-worker-7.novalocal,140420156888896,31744
flatten,889.6722643375397,889.8048746585846,bigbrain_769_1809_694.nii,bin-worker-7.novalocal,140420156888896,31744
calculate_histogram,377.0615439414978,462.4789786338806,bigbrain_1538_1809_2776.nii,bin-worker-6.novalocal,140362368894784,27429
combine_histogram,462.56530475616455,462.5796196460724,all_file,bin-worker-6.novalocal,140362368894784,27429
calculate_histogram,379.2866623401642,463.84366035461426,bigbrain_1538_2412_2776.nii,bin-worker-6.novalocal,140362368894784,27435
combine_histogram,464.49640822410583,464.5068929195404,all_file,bin-worker-6.novalocal,140362368894784,27435
read_img,888.9620401859283,895.0619974136353,bigbrain_769_2412_0.nii,bin-worker-6.novalocal,140362368894784,27438
flatten,895.150731086731,895.2824599742889,bigbrain_769_2412_0.nii,bin-worker-6.novalocal,140362368894784,27438
calculate_histogram,369.8797311782837,466.03201389312744,bigbrain_1538_1809_2082.nii,bin-worker-7.novalocal,140420156888896,31746
combine_histogram,466.1955509185791,466.2148232460022,all_file,bin-worker-7.novalocal,140420156888896,31746
calculate_histogram,816.6141324043274,899.0249488353729,bigbrain_3076_603_2776.nii,bin-worker-7.novalocal,140420156888896,31756
combine_histogram,899.3012475967407,899.3042485713959,all_file,bin-worker-7.novalocal,140420156888896,31756
calculate_histogram,378.88197588920593,469.56237626075745,bigbrain_1538_2412_1388.nii,bin-worker-6.novalocal,140362368894784,27438
combine_histogram,472.7712607383728,472.78954696655273,all_file,bin-worker-6.novalocal,140362368894784,27438
read_img,899.6461277008057,905.6120989322662,bigbrain_769_2412_1388.nii,bin-worker-7.novalocal,140420156888896,31756
flatten,905.6492927074432,905.8027167320251,bigbrain_769_2412_1388.nii,bin-worker-7.novalocal,140420156888896,31756
read_img,462.73028922080994,476.25029015541077,bigbrain_2307_0_2776.nii,bin-worker-6.novalocal,140362368894784,27429
calculate_histogram,377.416889667511,476.4362940788269,bigbrain_1538_1809_694.nii,bin-worker-6.novalocal,140362368894784,27441
read_img,466.42837166786194,478.01915645599365,bigbrain_2307_1206_0.nii,bin-worker-7.novalocal,140420156888896,31746
flatten,478.26819014549255,478.3791787624359,bigbrain_2307_1206_0.nii,bin-worker-7.novalocal,140420156888896,31746
flatten,478.43668127059937,478.5666809082031,bigbrain_2307_0_2776.nii,bin-worker-6.novalocal,140362368894784,27429
calculate_histogram,394.16668486595154,478.95225763320923,bigbrain_1538_2412_0.nii,bin-worker-7.novalocal,140420156888896,31758
combine_histogram,479.2285375595093,479.24244928359985,all_file,bin-worker-7.novalocal,140420156888896,31758
combine_histogram,479.09476828575134,479.11157751083374,all_file,bin-worker-6.novalocal,140362368894784,27441
calculate_histogram,820.2705972194672,914.5387053489685,bigbrain_769_1206_0.nii,bin-worker-6.novalocal,140362368894784,27441
combine_histogram,914.5943450927734,914.6141991615295,all_file,bin-worker-6.novalocal,140362368894784,27441
read_img,465.16991424560547,485.5333867073059,bigbrain_2307_0_694.nii,bin-worker-6.novalocal,140362368894784,27435
calculate_histogram,396.9249176979065,486.3952326774597,bigbrain_1538_2412_2082.nii,bin-worker-7.novalocal,140420156888896,31756
combine_histogram,488.0354459285736,488.0609700679779,all_file,bin-worker-7.novalocal,140420156888896,31756
flatten,487.8582911491394,487.9696755409241,bigbrain_2307_0_694.nii,bin-worker-6.novalocal,140362368894784,27435
calculate_histogram,836.6518878936768,918.1823215484619,bigbrain_769_0_0.nii,bin-worker-7.novalocal,140420156888896,31740
combine_histogram,918.3166778087616,918.3166930675507,all_file,bin-worker-7.novalocal,140420156888896,31740
calculate_histogram,399.4949824810028,490.8726441860199,bigbrain_1538_603_0.nii,bin-worker-7.novalocal,140420156888896,31744
calculate_histogram,399.0433783531189,491.01596450805664,bigbrain_1538_2412_694.nii,bin-worker-7.novalocal,140420156888896,31752
read_img,479.52937507629395,492.311644077301,bigbrain_2307_1206_2082.nii,bin-worker-7.novalocal,140420156888896,31758
read_img,914.8320999145508,922.6398010253906,bigbrain_769_2412_2082.nii,bin-worker-6.novalocal,140362368894784,27441
combine_histogram,493.00789618492126,493.0250587463379,all_file,bin-worker-7.novalocal,140420156888896,31744
flatten,922.7817373275757,922.9189183712006,bigbrain_769_2412_2082.nii,bin-worker-6.novalocal,140362368894784,27441
combine_histogram,493.6499779224396,493.6661126613617,all_file,bin-worker-7.novalocal,140420156888896,31752
flatten,494.3282153606415,494.4303488731384,bigbrain_2307_1206_2082.nii,bin-worker-7.novalocal,140420156888896,31758
calculate_histogram,410.49201250076294,494.0838224887848,bigbrain_2307_0_0.nii,bin-worker-6.novalocal,140362368894784,27421
calculate_histogram,401.3113079071045,495.08641934394836,bigbrain_1538_603_2082.nii,bin-worker-7.novalocal,140420156888896,31740
calculate_histogram,841.8877973556519,924.9572982788086,bigbrain_769_0_2776.nii,bin-worker-7.novalocal,140420156888896,31746
calculate_histogram,403.90588760375977,494.10741209983826,bigbrain_1538_603_2776.nii,bin-worker-6.novalocal,140362368894784,27425
calculate_histogram,835.2544040679932,926.0318417549133,bigbrain_769_1206_1388.nii,bin-worker-6.novalocal,140362368894784,27425
combine_histogram,926.3203864097595,926.3442256450653,all_file,bin-worker-6.novalocal,140362368894784,27425
combine_histogram,926.3165440559387,926.3590784072876,all_file,bin-worker-7.novalocal,140420156888896,31746
read_img,918.3993775844574,926.6919941902161,bigbrain_769_2412_2776.nii,bin-worker-7.novalocal,140420156888896,31740
combine_histogram,497.13143372535706,497.1314480304718,all_file,bin-worker-6.novalocal,140362368894784,27421
read_img,475.45547008514404,497.25751543045044,bigbrain_2307_1206_1388.nii,bin-worker-6.novalocal,140362368894784,27438
combine_histogram,497.8445613384247,497.86620903015137,all_file,bin-worker-6.novalocal,140362368894784,27425
calculate_histogram,400.4146955013275,497.2188594341278,bigbrain_1538_603_1388.nii,bin-worker-7.novalocal,140420156888896,31738
flatten,927.517511844635,927.6441135406494,bigbrain_769_2412_2776.nii,bin-worker-7.novalocal,140420156888896,31740
calculate_histogram,837.826828956604,928.974128484726,bigbrain_769_0_1388.nii,bin-worker-7.novalocal,140420156888896,31752
flatten,499.7648808956146,499.85538148880005,bigbrain_2307_1206_1388.nii,bin-worker-6.novalocal,140362368894784,27438
combine_histogram,498.80067253112793,498.834007024765,all_file,bin-worker-7.novalocal,140420156888896,31740
calculate_histogram,842.9263572692871,930.1454553604126,bigbrain_769_0_694.nii,bin-worker-7.novalocal,140420156888896,31749
combine_histogram,930.3698709011078,930.4024980068207,all_file,bin-worker-7.novalocal,140420156888896,31752
combine_histogram,931.3602855205536,931.3964464664459,all_file,bin-worker-7.novalocal,140420156888896,31749
calculate_histogram,405.6026303768158,502.42696619033813,bigbrain_1538_603_694.nii,bin-worker-6.novalocal,140362368894784,27431
combine_histogram,502.86699056625366,502.9106984138489,all_file,bin-worker-7.novalocal,140420156888896,31738
read_img,482.9991238117218,505.2274799346924,bigbrain_2307_1206_2776.nii,bin-worker-6.novalocal,140362368894784,27441
calculate_histogram,843.1935670375824,936.8344197273254,bigbrain_769_1206_2776.nii,bin-worker-6.novalocal,140362368894784,27431
combine_histogram,937.2623410224915,937.2795569896698,all_file,bin-worker-6.novalocal,140362368894784,27431
combine_histogram,505.3630881309509,505.3831205368042,all_file,bin-worker-6.novalocal,140362368894784,27431
read_img,926.5658056735992,937.5904057025909,bigbrain_769_2412_694.nii,bin-worker-6.novalocal,140362368894784,27425
flatten,939.0383422374725,939.1379218101501,bigbrain_769_2412_694.nii,bin-worker-6.novalocal,140362368894784,27425
flatten,510.2472794055939,510.3397500514984,bigbrain_2307_1206_2776.nii,bin-worker-6.novalocal,140362368894784,27441
calculate_histogram,845.0967345237732,941.155574798584,bigbrain_769_1206_2082.nii,bin-worker-7.novalocal,140420156888896,31758
calculate_histogram,846.058596611023,943.9757542610168,bigbrain_769_1206_694.nii,bin-worker-6.novalocal,140362368894784,27421
combine_histogram,945.4832746982574,945.5082349777222,all_file,bin-worker-6.novalocal,140362368894784,27421
calculate_histogram,856.0811398029327,945.0857446193695,bigbrain_769_1809_0.nii,bin-worker-7.novalocal,140420156888896,31738
read_img,7.3366498947143555,84.05741691589355,bigbrain_0_1206_2776.nii,bin-worker-7.novalocal,140420156888896,31738
combine_histogram,945.8464119434357,945.8749318122864,all_file,bin-worker-7.novalocal,140420156888896,31758
read_img,7.337023735046387,86.27831768989563,bigbrain_0_1809_2776.nii,bin-worker-7.novalocal,140420156888896,31758
read_img,7.336901903152466,85.78496742248535,bigbrain_0_1206_694.nii,bin-worker-7.novalocal,140420156888896,31740
read_img,7.336762428283691,85.47481036186218,bigbrain_0_1809_1388.nii,bin-worker-7.novalocal,140420156888896,31752
read_img,926.6928594112396,947.6467628479004,bigbrain_769_603_0.nii,bin-worker-7.novalocal,140420156888896,31746
read_img,7.336846828460693,85.46072769165039,bigbrain_0_2412_0.nii,bin-worker-7.novalocal,140420156888896,31746
read_img,7.337023973464966,85.50026273727417,bigbrain_0_1809_2082.nii,bin-worker-7.novalocal,140420156888896,31756
combine_histogram,949.1606185436249,949.184210062027,all_file,bin-worker-7.novalocal,140420156888896,31738
flatten,90.8332040309906,90.92036747932434,bigbrain_0_1206_2776.nii,bin-worker-7.novalocal,140420156888896,31738
flatten,91.7566442489624,91.87483596801758,bigbrain_0_1809_2776.nii,bin-worker-7.novalocal,140420156888896,31758
read_img,937.5674166679382,950.5193393230438,bigbrain_769_603_2776.nii,bin-worker-6.novalocal,140362368894784,27431
calculate_histogram,856.4204981327057,951.1382837295532,bigbrain_769_1809_1388.nii,bin-worker-6.novalocal,140362368894784,27420
read_img,25.785277128219604,92.30645060539246,bigbrain_0_1809_0.nii,bin-worker-7.novalocal,140420156888896,31749
read_img,6.284353494644165,92.25400590896606,bigbrain_0_1206_0.nii,bin-worker-6.novalocal,140362368894784,27421
read_img,6.284353256225586,92.2285430431366,bigbrain_0_0_0.nii,bin-worker-6.novalocal,140362368894784,27425
read_img,6.284447431564331,90.84956669807434,bigbrain_0_0_694.nii,bin-worker-6.novalocal,140362368894784,27441
read_img,6.284426689147949,91.12430238723755,bigbrain_0_0_1388.nii,bin-worker-6.novalocal,140362368894784,27429
flatten,92.36313390731812,92.43848943710327,bigbrain_0_1206_694.nii,bin-worker-7.novalocal,140420156888896,31740
flatten,92.78792071342468,92.85602688789368,bigbrain_0_1809_1388.nii,bin-worker-7.novalocal,140420156888896,31752
flatten,92.98945808410645,93.11090970039368,bigbrain_0_0_0.nii,bin-worker-6.novalocal,140362368894784,27425
read_img,6.30419397354126,93.09821057319641,bigbrain_0_1206_1388.nii,bin-worker-6.novalocal,140362368894784,27438
read_img,6.304882526397705,93.13829755783081,bigbrain_0_0_2776.nii,bin-worker-6.novalocal,140362368894784,27431
read_img,6.300658226013184,93.16336274147034,bigbrain_0_1206_2082.nii,bin-worker-6.novalocal,140362368894784,27435
read_img,7.247536897659302,93.14672756195068,bigbrain_0_0_2082.nii,bin-worker-6.novalocal,140362368894784,27420
flatten,93.01448273658752,93.29376316070557,bigbrain_0_1206_0.nii,bin-worker-6.novalocal,140362368894784,27421
flatten,93.15058183670044,93.38945484161377,bigbrain_0_0_1388.nii,bin-worker-6.novalocal,140362368894784,27429
flatten,93.11526036262512,93.19132566452026,bigbrain_0_2412_0.nii,bin-worker-7.novalocal,140420156888896,31746
flatten,93.09785032272339,93.39816951751709,bigbrain_0_0_694.nii,bin-worker-6.novalocal,140362368894784,27441
flatten,951.9344494342804,952.0199675559998,bigbrain_769_603_0.nii,bin-worker-7.novalocal,140420156888896,31746
flatten,93.27275276184082,93.4562394618988,bigbrain_0_1206_1388.nii,bin-worker-6.novalocal,140362368894784,27438
flatten,93.34880018234253,93.54648780822754,bigbrain_0_0_2776.nii,bin-worker-6.novalocal,140362368894784,27431
flatten,93.41892886161804,93.48117184638977,bigbrain_0_1809_2082.nii,bin-worker-7.novalocal,140420156888896,31756
flatten,93.39566683769226,93.62427568435669,bigbrain_0_1206_2082.nii,bin-worker-6.novalocal,140362368894784,27435
flatten,93.44162559509277,93.69747924804688,bigbrain_0_0_2082.nii,bin-worker-6.novalocal,140362368894784,27420
flatten,952.5461826324463,952.7024738788605,bigbrain_769_603_2776.nii,bin-worker-6.novalocal,140362368894784,27431
combine_histogram,953.1551206111908,953.1775665283203,all_file,bin-worker-6.novalocal,140362368894784,27420
flatten,94.50102090835571,94.60478281974792,bigbrain_0_1809_0.nii,bin-worker-7.novalocal,140420156888896,31749
read_img,489.423620223999,519.8243758678436,bigbrain_2307_1206_694.nii,bin-worker-7.novalocal,140420156888896,31756
read_img,65.17274260520935,95.19743537902832,bigbrain_0_1809_694.nii,bin-worker-7.novalocal,140420156888896,31744
flatten,95.28068375587463,95.58835649490356,bigbrain_0_1809_694.nii,bin-worker-7.novalocal,140420156888896,31744
read_img,498.80274534225464,528.3636567592621,bigbrain_2307_1809_2082.nii,bin-worker-6.novalocal,140362368894784,27421
calculate_histogram,450.8460772037506,530.089390039444,bigbrain_2307_0_1388.nii,bin-worker-6.novalocal,140362368894784,27420
read_img,932.5157644748688,960.3104901313782,bigbrain_769_603_1388.nii,bin-worker-7.novalocal,140420156888896,31752
read_img,946.9503927230835,960.3445653915405,bigbrain_769_603_694.nii,bin-worker-6.novalocal,140362368894784,27421
read_img,933.1584396362305,960.3685095310211,bigbrain_769_603_2082.nii,bin-worker-7.novalocal,140420156888896,31749
flatten,529.6619923114777,529.7906968593597,bigbrain_2307_1206_694.nii,bin-worker-7.novalocal,140420156888896,31756
read_img,500.8633408546448,530.7425110340118,bigbrain_2307_1809_2776.nii,bin-worker-6.novalocal,140362368894784,27425
flatten,960.3725683689117,960.5004906654358,bigbrain_769_603_1388.nii,bin-worker-7.novalocal,140420156888896,31752
flatten,530.760162115097,530.8726525306702,bigbrain_2307_1809_2082.nii,bin-worker-6.novalocal,140362368894784,27421
flatten,960.4497239589691,960.5851125717163,bigbrain_769_603_694.nii,bin-worker-6.novalocal,140362368894784,27421
flatten,960.4469728469849,960.5948748588562,bigbrain_769_603_2082.nii,bin-worker-7.novalocal,140420156888896,31749
combine_histogram,531.8825335502625,531.8825488090515,all_file,bin-worker-6.novalocal,140362368894784,27420
calculate_histogram,864.7073631286621,962.1315288543701,bigbrain_769_1809_2082.nii,bin-worker-6.novalocal,140362368894784,27429
combine_histogram,962.2139632701874,962.2329611778259,all_file,bin-worker-6.novalocal,140362368894784,27429
flatten,532.5530571937561,532.6360101699829,bigbrain_2307_1809_2776.nii,bin-worker-6.novalocal,140362368894784,27425
calculate_histogram,879.2499504089355,963.9673752784729,bigbrain_769_1809_2776.nii,bin-worker-6.novalocal,140362368894784,27435
combine_histogram,964.0162754058838,964.0335142612457,all_file,bin-worker-6.novalocal,140362368894784,27435
calculate_histogram,455.4801046848297,536.3257417678833,bigbrain_2307_0_2082.nii,bin-worker-7.novalocal,140420156888896,31749
read_img,511.77064037323,536.8204982280731,bigbrain_2307_2412_1388.nii,bin-worker-6.novalocal,140362368894784,27431
flatten,538.0136754512787,538.1819019317627,bigbrain_2307_2412_1388.nii,bin-worker-6.novalocal,140362368894784,27431
read_img,495.1185326576233,537.1612396240234,bigbrain_2307_1809_0.nii,bin-worker-7.novalocal,140420156888896,31744
read_img,496.1497883796692,538.94584441185,bigbrain_2307_1809_1388.nii,bin-worker-7.novalocal,140420156888896,31752
combine_histogram,540.3979306221008,540.3980062007904,all_file,bin-worker-7.novalocal,140420156888896,31749
flatten,541.6717669963837,541.7878754138947,bigbrain_2307_1809_0.nii,bin-worker-7.novalocal,140420156888896,31744
flatten,543.0143053531647,543.0924346446991,bigbrain_2307_1809_1388.nii,bin-worker-7.novalocal,140420156888896,31752
read_img,505.43452525138855,545.9861288070679,bigbrain_2307_1809_694.nii,bin-worker-7.novalocal,140420156888896,31740
read_img,533.8888244628906,546.6049630641937,bigbrain_2307_2412_2082.nii,bin-worker-6.novalocal,140362368894784,27420
flatten,546.7838313579559,546.8894579410553,bigbrain_2307_2412_2082.nii,bin-worker-6.novalocal,140362368894784,27420
flatten,547.0745358467102,547.2202785015106,bigbrain_2307_1809_694.nii,bin-worker-7.novalocal,140420156888896,31740
read_img,509.1876063346863,547.631774187088,bigbrain_2307_2412_0.nii,bin-worker-7.novalocal,140420156888896,31738
flatten,548.4700436592102,548.6094601154327,bigbrain_2307_2412_0.nii,bin-worker-7.novalocal,140420156888896,31738
read_img,544.2843415737152,552.3670482635498,bigbrain_2307_2412_2776.nii,bin-worker-7.novalocal,140420156888896,31749
flatten,552.4768817424774,552.6062526702881,bigbrain_2307_2412_2776.nii,bin-worker-7.novalocal,140420156888896,31749
calculate_histogram,895.7678074836731,982.4867508411407,bigbrain_769_2412_0.nii,bin-worker-6.novalocal,140362368894784,27438
combine_histogram,982.552672624588,982.5650782585144,all_file,bin-worker-6.novalocal,140362368894784,27438
calculate_histogram,890.1378893852234,986.1912884712219,bigbrain_769_1809_694.nii,bin-worker-7.novalocal,140420156888896,31744
combine_histogram,986.2438142299652,986.2621681690216,all_file,bin-worker-7.novalocal,140420156888896,31744
calculate_histogram,481.3479588031769,558.983968257904,bigbrain_2307_0_2776.nii,bin-worker-6.novalocal,140362368894784,27429
combine_histogram,559.0260081291199,559.0260174274445,all_file,bin-worker-6.novalocal,140362368894784,27429
read_img,559.0611717700958,565.0591113567352,bigbrain_2307_2412_694.nii,bin-worker-6.novalocal,140362368894784,27429
flatten,565.1517312526703,565.2595102787018,bigbrain_2307_2412_694.nii,bin-worker-6.novalocal,140362368894784,27429
calculate_histogram,478.51075506210327,566.2799384593964,bigbrain_2307_1206_0.nii,bin-worker-7.novalocal,140420156888896,31746
combine_histogram,566.3812444210052,566.3977661132812,all_file,bin-worker-7.novalocal,140420156888896,31746
calculate_histogram,905.8882369995117,996.7467782497406,bigbrain_769_2412_1388.nii,bin-worker-7.novalocal,140420156888896,31756
combine_histogram,996.7923254966736,996.8107597827911,all_file,bin-worker-7.novalocal,140420156888896,31756
read_img,566.6599164009094,572.6029317378998,bigbrain_2307_603_0.nii,bin-worker-7.novalocal,140420156888896,31746
flatten,572.6505784988403,572.7986485958099,bigbrain_2307_603_0.nii,bin-worker-7.novalocal,140420156888896,31746
calculate_histogram,491.56667399406433,574.0261900424957,bigbrain_2307_0_694.nii,bin-worker-6.novalocal,140362368894784,27435
combine_histogram,574.0701560974121,574.0821361541748,all_file,bin-worker-6.novalocal,140362368894784,27435
calculate_histogram,923.1673250198364,1005.8443496227264,bigbrain_769_2412_2082.nii,bin-worker-6.novalocal,140362368894784,27441
combine_histogram,1005.9197413921356,1005.936126947403,all_file,bin-worker-6.novalocal,140362368894784,27441
read_img,574.207849740982,580.2553606033325,bigbrain_2307_603_1388.nii,bin-worker-6.novalocal,140362368894784,27435
flatten,580.388144493103,580.5719931125641,bigbrain_2307_603_1388.nii,bin-worker-6.novalocal,140362368894784,27435
calculate_histogram,928.7918190956116,1011.8025169372559,bigbrain_769_2412_2776.nii,bin-worker-7.novalocal,140420156888896,31740
combine_histogram,1011.8371803760529,1011.8415150642395,all_file,bin-worker-7.novalocal,140420156888896,31740
calculate_histogram,93.86053228378296,157.71200442314148,bigbrain_0_0_2776.nii,bin-worker-6.novalocal,140362368894784,27431
calculate_histogram,93.3754346370697,157.8247618675232,bigbrain_0_0_0.nii,bin-worker-6.novalocal,140362368894784,27425
combine_histogram,158.19013667106628,158.1901512145996,all_file,bin-worker-6.novalocal,140362368894784,27431
combine_histogram,158.3166298866272,158.31664395332336,all_file,bin-worker-6.novalocal,140362368894784,27425
calculate_histogram,93.54506850242615,158.77878379821777,bigbrain_0_1206_0.nii,bin-worker-6.novalocal,140362368894784,27421
combine_histogram,159.98457789421082,159.99856281280518,all_file,bin-worker-6.novalocal,140362368894784,27421
calculate_histogram,496.9198696613312,592.1111438274384,bigbrain_2307_1206_2082.nii,bin-worker-7.novalocal,140420156888896,31758
combine_histogram,592.2201156616211,592.2444801330566,all_file,bin-worker-7.novalocal,140420156888896,31758
calculate_histogram,94.92111611366272,162.77265691757202,bigbrain_0_1809_0.nii,bin-worker-7.novalocal,140420156888896,31749
calculate_histogram,94.92322659492493,162.9317979812622,bigbrain_0_2412_0.nii,bin-worker-7.novalocal,140420156888896,31746
calculate_histogram,94.20759153366089,163.27512550354004,bigbrain_0_1809_2776.nii,bin-worker-7.novalocal,140420156888896,31758
combine_histogram,163.36616969108582,163.3865246772766,all_file,bin-worker-7.novalocal,140420156888896,31749
combine_histogram,163.4905948638916,163.49062061309814,all_file,bin-worker-7.novalocal,140420156888896,31746
combine_histogram,163.79069352149963,163.80557489395142,all_file,bin-worker-7.novalocal,140420156888896,31758
calculate_histogram,93.60911226272583,163.6974265575409,bigbrain_0_0_694.nii,bin-worker-6.novalocal,140362368894784,27441
calculate_histogram,502.36449551582336,594.0246782302856,bigbrain_2307_1206_1388.nii,bin-worker-6.novalocal,140362368894784,27438
combine_histogram,594.1975495815277,594.2182664871216,all_file,bin-worker-6.novalocal,140362368894784,27438
calculate_histogram,93.76674485206604,164.85865831375122,bigbrain_0_1206_2776.nii,bin-worker-7.novalocal,140420156888896,31738
calculate_histogram,93.62940645217896,164.96245431900024,bigbrain_0_0_1388.nii,bin-worker-6.novalocal,140362368894784,27429
calculate_histogram,93.95514798164368,164.44472742080688,bigbrain_0_0_2082.nii,bin-worker-6.novalocal,140362368894784,27420
calculate_histogram,940.373060464859,1027.1675908565521,bigbrain_769_2412_694.nii,bin-worker-6.novalocal,140362368894784,27425
combine_histogram,1027.216385602951,1027.2342791557312,all_file,bin-worker-6.novalocal,140362368894784,27425
calculate_histogram,512.7726154327393,597.0286819934845,bigbrain_2307_1206_2776.nii,bin-worker-6.novalocal,140362368894784,27441
combine_histogram,167.8321123123169,167.85136675834656,all_file,bin-worker-7.novalocal,140420156888896,31738
calculate_histogram,95.61101269721985,167.9071638584137,bigbrain_0_1809_694.nii,bin-worker-7.novalocal,140420156888896,31744
combine_histogram,599.0758049488068,599.0912520885468,all_file,bin-worker-6.novalocal,140362368894784,27441
combine_histogram,169.14685201644897,169.1713104248047,all_file,bin-worker-6.novalocal,140362368894784,27441
calculate_histogram,93.71013331413269,168.73336029052734,bigbrain_0_1206_1388.nii,bin-worker-6.novalocal,140362368894784,27438
calculate_histogram,94.93560910224915,170.017347574234,bigbrain_0_1809_2082.nii,bin-worker-7.novalocal,140420156888896,31756
combine_histogram,171.555490732193,171.58189916610718,all_file,bin-worker-6.novalocal,140362368894784,27429
combine_histogram,173.32190895080566,173.34551286697388,all_file,bin-worker-6.novalocal,140362368894784,27420
read_img,592.6738319396973,604.6213133335114,bigbrain_2307_603_2082.nii,bin-worker-7.novalocal,140420156888896,31758
calculate_histogram,953.779375076294,1034.4652025699615,bigbrain_769_603_2776.nii,bin-worker-6.novalocal,140362368894784,27431
combine_histogram,1034.507524728775,1034.5301024913788,all_file,bin-worker-6.novalocal,140362368894784,27431
calculate_histogram,94.88743877410889,173.18722081184387,bigbrain_0_1809_1388.nii,bin-worker-7.novalocal,140420156888896,31752
calculate_histogram,94.86020016670227,174.75017523765564,bigbrain_0_1206_694.nii,bin-worker-7.novalocal,140420156888896,31740
flatten,605.482634305954,605.587640285492,bigbrain_2307_603_2082.nii,bin-worker-7.novalocal,140420156888896,31758
read_img,595.7773430347443,606.4702062606812,bigbrain_2307_603_2776.nii,bin-worker-6.novalocal,140362368894784,27438
combine_histogram,176.49386739730835,176.51320958137512,all_file,bin-worker-7.novalocal,140420156888896,31744
flatten,607.1990325450897,607.3048620223999,bigbrain_2307_603_2776.nii,bin-worker-6.novalocal,140362368894784,27438
calculate_histogram,93.9142370223999,176.42056155204773,bigbrain_0_1206_2082.nii,bin-worker-6.novalocal,140362368894784,27435
combine_histogram,177.75769090652466,177.78221678733826,all_file,bin-worker-6.novalocal,140362368894784,27438
combine_histogram,178.94721221923828,178.97233724594116,all_file,bin-worker-7.novalocal,140420156888896,31756
read_img,603.6924328804016,611.4510524272919,bigbrain_2307_603_694.nii,bin-worker-6.novalocal,140362368894784,27441
flatten,611.7344064712524,611.8399968147278,bigbrain_2307_603_694.nii,bin-worker-6.novalocal,140362368894784,27441
combine_histogram,181.85618042945862,181.8741409778595,all_file,bin-worker-7.novalocal,140420156888896,31752
calculate_histogram,955.5721473693848,1043.3382637500763,bigbrain_769_603_0.nii,bin-worker-7.novalocal,140420156888896,31746
combine_histogram,1043.4155206680298,1043.4318163394928,all_file,bin-worker-7.novalocal,140420156888896,31746
read_img,158.54751062393188,182.55346298217773,bigbrain_0_2412_1388.nii,bin-worker-6.novalocal,140362368894784,27431
combine_histogram,184.55640745162964,184.58069157600403,all_file,bin-worker-7.novalocal,140420156888896,31740
combine_histogram,186.06429815292358,186.09694647789001,all_file,bin-worker-6.novalocal,140362368894784,27435
calculate_histogram,960.6544897556305,1046.8493294715881,bigbrain_769_603_694.nii,bin-worker-6.novalocal,140362368894784,27421
combine_histogram,1046.9668395519257,1046.99174451828,all_file,bin-worker-6.novalocal,140362368894784,27421
read_img,158.85938119888306,188.7678039073944,bigbrain_0_2412_2082.nii,bin-worker-6.novalocal,140362368894784,27425
calculate_histogram,534.5710802078247,621.1405944824219,bigbrain_2307_1809_2776.nii,bin-worker-6.novalocal,140362368894784,27425
combine_histogram,621.2380657196045,621.2488691806793,all_file,bin-worker-6.novalocal,140362368894784,27425
flatten,191.9574875831604,192.01438736915588,bigbrain_0_2412_1388.nii,bin-worker-6.novalocal,140362368894784,27431
calculate_histogram,960.5784509181976,1055.3367698192596,bigbrain_769_603_1388.nii,bin-worker-7.novalocal,140420156888896,31752
combine_histogram,1055.5262413024902,1055.5553140640259,all_file,bin-worker-7.novalocal,140420156888896,31752
calculate_histogram,539.2020974159241,627.1729454994202,bigbrain_2307_2412_1388.nii,bin-worker-6.novalocal,140362368894784,27431
combine_histogram,627.4052312374115,627.4205393791199,all_file,bin-worker-6.novalocal,140362368894784,27431
read_img,621.4426515102386,627.5481698513031,bigbrain_3076_0_0.nii,bin-worker-6.novalocal,140362368894784,27425
flatten,627.9412760734558,628.03036236763,bigbrain_3076_0_0.nii,bin-worker-6.novalocal,140362368894784,27425
calculate_histogram,533.2352526187897,629.0877258777618,bigbrain_2307_1809_2082.nii,bin-worker-6.novalocal,140362368894784,27421
combine_histogram,629.8506484031677,629.8720698356628,all_file,bin-worker-6.novalocal,140362368894784,27421
calculate_histogram,549.3777956962585,630.030077457428,bigbrain_2307_2412_0.nii,bin-worker-7.novalocal,140420156888896,31738
combine_histogram,630.1750836372375,630.1841146945953,all_file,bin-worker-7.novalocal,140420156888896,31738
flatten,199.32528519630432,199.37607955932617,bigbrain_0_2412_2082.nii,bin-worker-6.novalocal,140362368894784,27425
calculate_histogram,545.2472767829895,633.2221548557281,bigbrain_2307_1809_0.nii,bin-worker-7.novalocal,140420156888896,31744
calculate_histogram,535.4485080242157,633.2370262145996,bigbrain_2307_1206_694.nii,bin-worker-7.novalocal,140420156888896,31756
calculate_histogram,552.7489533424377,633.9243636131287,bigbrain_2307_2412_2776.nii,bin-worker-7.novalocal,140420156888896,31749
combine_histogram,635.131534576416,635.1455190181732,all_file,bin-worker-7.novalocal,140420156888896,31744
calculate_histogram,547.0663650035858,634.0235946178436,bigbrain_2307_2412_2082.nii,bin-worker-6.novalocal,140362368894784,27420
combine_histogram,635.8305225372314,635.8552021980286,all_file,bin-worker-7.novalocal,140420156888896,31756
read_img,161.9270784854889,205.59041333198547,bigbrain_0_2412_2776.nii,bin-worker-6.novalocal,140362368894784,27421
calculate_histogram,960.6862590312958,1066.5925390720367,bigbrain_769_603_2082.nii,bin-worker-7.novalocal,140420156888896,31749
combine_histogram,636.8269650936127,636.8269839286804,all_file,bin-worker-7.novalocal,140420156888896,31749
combine_histogram,1066.7038161754608,1066.7295916080475,all_file,bin-worker-7.novalocal,140420156888896,31749
combine_histogram,638.6752665042877,638.6875612735748,all_file,bin-worker-6.novalocal,140362368894784,27420
combine_histogram,1069.080759525299,1069.080768108368,all_file,driver.novalocal,139633687971648,17035
combine_histogram,1069.4900913238525,1069.5108857154846,all_file,driver.novalocal,139633687971648,17035
combine_histogram,1069.6379549503326,1069.6640894412994,all_file,driver.novalocal,139633687971648,17035
combine_histogram,1069.6993732452393,1069.7160196304321,all_file,driver.novalocal,139633687971648,17035
combine_histogram,1069.8613121509552,1069.8869750499725,all_file,driver.novalocal,139633687971648,17035
combine_histogram,1070.0016705989838,1070.0255317687988,all_file,driver.novalocal,139633687971648,17035
combine_histogram,1070.134102344513,1070.1603076457977,all_file,driver.novalocal,139633687971648,17035
combine_histogram,1070.2065947055817,1070.231282711029,all_file,driver.novalocal,139633687971648,17035
combine_histogram,1070.2556970119476,1070.2794954776764,all_file,driver.novalocal,139633687971648,17035
combine_histogram,1070.340232372284,1070.3623006343842,all_file,driver.novalocal,139633687971648,17035
combine_histogram,1070.405431509018,1070.428010225296,all_file,driver.novalocal,139633687971648,17035
combine_histogram,1070.6937580108643,1070.7159161567688,all_file,driver.novalocal,139633687971648,17035
combine_histogram,1070.7510209083557,1070.7745144367218,all_file,driver.novalocal,139633687971648,17035
combine_histogram,1070.8283643722534,1070.849577665329,all_file,driver.novalocal,139633687971648,17035
read_img,627.5736029148102,641.2490992546082,bigbrain_3076_0_1388.nii,bin-worker-6.novalocal,140362368894784,27431
combine_histogram,1071.0012454986572,1071.0248007774353,all_file,driver.novalocal,139633687971648,17035
combine_histogram,1071.0482420921326,1071.0657486915588,all_file,driver.novalocal,139633687971648,17035
combine_histogram,1071.1072902679443,1071.1283988952637,all_file,driver.novalocal,139633687971648,17035
combine_histogram,1071.1420238018036,1071.162605524063,all_file,driver.novalocal,139633687971648,17035
combine_histogram,1071.337546825409,1071.3558070659637,all_file,driver.novalocal,139633687971648,17035
combine_histogram,1071.4576201438904,1071.4754827022552,all_file,driver.novalocal,139633687971648,17035
combine_histogram,1071.5307381153107,1071.5523436069489,all_file,driver.novalocal,139633687971648,17035
combine_histogram,1071.583487033844,1071.6107003688812,all_file,driver.novalocal,139633687971648,17035
combine_histogram,1071.790539264679,1071.8176822662354,all_file,driver.novalocal,139633687971648,17035
combine_histogram,1072.1603600978851,1072.186737537384,all_file,driver.novalocal,139633687971648,17035
combine_histogram,1072.2081129550934,1072.2350988388062,all_file,driver.novalocal,139633687971648,17035
calculate_histogram,546.1988282203674,641.8124423027039,bigbrain_2307_1809_1388.nii,bin-worker-7.novalocal,140420156888896,31752
combine_histogram,1072.3005514144897,1072.318562746048,all_file,driver.novalocal,139633687971648,17035
combine_histogram,1072.3813004493713,1072.4050724506378,all_file,driver.novalocal,139633687971648,17035
combine_histogram,1072.4259736537933,1072.4497745037079,all_file,driver.novalocal,139633687971648,17035
flatten,211.79459953308105,211.85228371620178,bigbrain_0_2412_2776.nii,bin-worker-6.novalocal,140362368894784,27421
combine_histogram,1072.5832002162933,1072.6079494953156,all_file,driver.novalocal,139633687971648,17035
combine_histogram,1072.7853038311005,1072.8057866096497,all_file,driver.novalocal,139633687971648,17035
combine_histogram,1072.866058588028,1072.8892283439636,all_file,driver.novalocal,139633687971648,17035
flatten,642.7739474773407,642.8563406467438,bigbrain_3076_0_1388.nii,bin-worker-6.novalocal,140362368894784,27431
combine_histogram,1073.0175268650055,1073.045087337494,all_file,driver.novalocal,139633687971648,17035
combine_histogram,1073.1604645252228,1073.1868076324463,all_file,driver.novalocal,139633687971648,17035
combine_histogram,1073.2031080722809,1073.2281136512756,all_file,driver.novalocal,139633687971648,17035
combine_histogram,1073.2431592941284,1073.2690048217773,all_file,driver.novalocal,139633687971648,17035
combine_histogram,1073.2907085418701,1073.3104584217072,all_file,driver.novalocal,139633687971648,17035
combine_histogram,1073.501657485962,1073.5247468948364,all_file,driver.novalocal,139633687971648,17035
combine_histogram,1073.758295059204,1073.7809426784515,all_file,driver.novalocal,139633687971648,17035
combine_histogram,1073.8728423118591,1073.895830631256,all_file,driver.novalocal,139633687971648,17035
combine_histogram,1073.9343767166138,1073.956307888031,all_file,driver.novalocal,139633687971648,17035
combine_histogram,1074.0931134223938,1074.115953207016,all_file,driver.novalocal,139633687971648,17035
combine_histogram,1074.1374595165253,1074.1600830554962,all_file,driver.novalocal,139633687971648,17035
combine_histogram,1074.205949306488,1074.2300097942352,all_file,driver.novalocal,139633687971648,17035
combine_histogram,1074.3156666755676,1074.3338687419891,all_file,driver.novalocal,139633687971648,17035
combine_histogram,1074.4026372432709,1074.4258806705475,all_file,driver.novalocal,139633687971648,17035
combine_histogram,1074.8290846347809,1074.8516240119934,all_file,driver.novalocal,139633687971648,17035
combine_histogram,1074.87269115448,1074.8996777534485,all_file,driver.novalocal,139633687971648,17035
combine_histogram,1074.9585297107697,1074.9860286712646,all_file,driver.novalocal,139633687971648,17035
combine_histogram,1075.0106587409973,1075.0360035896301,all_file,driver.novalocal,139633687971648,17035
combine_histogram,1075.1683237552643,1075.1944706439972,all_file,driver.novalocal,139633687971648,17035
combine_histogram,1075.305815935135,1075.3222365379333,all_file,driver.novalocal,139633687971648,17035
combine_histogram,1075.5583407878876,1075.5768971443176,all_file,driver.novalocal,139633687971648,17035
combine_histogram,1075.7274436950684,1075.7461986541748,all_file,driver.novalocal,139633687971648,17035
combine_histogram,1075.9064264297485,1075.9244318008423,all_file,driver.novalocal,139633687971648,17035
combine_histogram,1076.0679230690002,1076.0908014774323,all_file,driver.novalocal,139633687971648,17035
combine_histogram,1076.104861497879,1076.1266543865204,all_file,driver.novalocal,139633687971648,17035
combine_histogram,1076.1826107501984,1076.2089562416077,all_file,driver.novalocal,139633687971648,17035
combine_histogram,1076.256865978241,1076.283174753189,all_file,driver.novalocal,139633687971648,17035
combine_histogram,1076.3931412696838,1076.416357755661,all_file,driver.novalocal,139633687971648,17035
combine_histogram,1076.5901248455048,1076.6144800186157,all_file,driver.novalocal,139633687971648,17035
combine_histogram,1076.6542451381683,1076.6763548851013,all_file,driver.novalocal,139633687971648,17035
combine_histogram,1076.7832355499268,1076.8067021369934,all_file,driver.novalocal,139633687971648,17035
combine_histogram,1076.9297811985016,1076.9540538787842,all_file,driver.novalocal,139633687971648,17035
combine_histogram,1077.0030574798584,1077.023514032364,all_file,driver.novalocal,139633687971648,17035
combine_histogram,1077.140930891037,1077.1649944782257,all_file,driver.novalocal,139633687971648,17035
calculate_histogram,548.0083546638489,645.1585204601288,bigbrain_2307_1809_694.nii,bin-worker-7.novalocal,140420156888896,31740
combine_histogram,1077.3221020698547,1077.34117436409,all_file,driver.novalocal,139633687971648,17035
combine_histogram,1077.4595212936401,1077.4822149276733,all_file,driver.novalocal,139633687971648,17035
combine_histogram,1077.4983417987823,1077.5194449424744,all_file,driver.novalocal,139633687971648,17035
combine_histogram,1077.921769618988,1077.9402422904968,all_file,driver.novalocal,139633687971648,17035
combine_histogram,1078.000235080719,1078.0226893424988,all_file,driver.novalocal,139633687971648,17035
combine_histogram,1078.0742242336273,1078.0959560871124,all_file,driver.novalocal,139633687971648,17035
combine_histogram,1078.3674621582031,1078.3913967609406,all_file,driver.novalocal,139633687971648,17035
combine_histogram,1078.470941066742,1078.4962978363037,all_file,driver.novalocal,139633687971648,17035
combine_histogram,1078.5402326583862,1078.5617089271545,all_file,driver.novalocal,139633687971648,17035
combine_histogram,1078.607015132904,1078.632009267807,all_file,driver.novalocal,139633687971648,17035
combine_histogram,1078.7497336864471,1078.7673976421356,all_file,driver.novalocal,139633687971648,17035
combine_histogram,1078.820266008377,1078.8386404514313,all_file,driver.novalocal,139633687971648,17035
combine_histogram,1079.1624541282654,1079.1800060272217,all_file,driver.novalocal,139633687971648,17035
combine_histogram,1079.443274974823,1079.461356639862,all_file,driver.novalocal,139633687971648,17035
combine_histogram,1079.6058282852173,1079.6238017082214,all_file,driver.novalocal,139633687971648,17035
read_img,164.40970420837402,216.65322017669678,bigbrain_0_2412_694.nii,bin-worker-7.novalocal,140420156888896,31749
combine_histogram,1079.6973240375519,1079.7181477546692,all_file,driver.novalocal,139633687971648,17035
combine_histogram,1079.792106628418,1079.8126435279846,all_file,driver.novalocal,139633687971648,17035
combine_histogram,1079.9076499938965,1079.927621126175,all_file,driver.novalocal,139633687971648,17035
combine_histogram,1079.946549654007,1079.9655611515045,all_file,driver.novalocal,139633687971648,17035
combine_histogram,1080.0104644298553,1080.033040046692,all_file,driver.novalocal,139633687971648,17035
combine_histogram,1080.0777022838593,1080.0981545448303,all_file,driver.novalocal,139633687971648,17035
combine_histogram,648.1493580341339,648.1709682941437,all_file,bin-worker-7.novalocal,140420156888896,31752
combine_histogram,1080.1472256183624,1080.1690063476562,all_file,driver.novalocal,139633687971648,17035
combine_histogram,1080.1996700763702,1080.2210109233856,all_file,driver.novalocal,139633687971648,17035
combine_histogram,1080.3220927715302,1080.343304157257,all_file,driver.novalocal,139633687971648,17035
combine_histogram,1080.535656452179,1080.557368516922,all_file,driver.novalocal,139633687971648,17035
combine_histogram,1080.728455066681,1080.7469773292542,all_file,driver.novalocal,139633687971648,17035
combine_histogram,1080.7650711536407,1080.785504579544,all_file,driver.novalocal,139633687971648,17035
combine_histogram,1080.8163270950317,1080.8346524238586,all_file,driver.novalocal,139633687971648,17035
combine_histogram,1080.9389793872833,1080.956496477127,all_file,driver.novalocal,139633687971648,17035
combine_histogram,1080.975742340088,1080.9988231658936,all_file,driver.novalocal,139633687971648,17035
combine_histogram,1081.0120663642883,1081.033891916275,all_file,driver.novalocal,139633687971648,17035
combine_histogram,1081.0501136779785,1081.072257757187,all_file,driver.novalocal,139633687971648,17035
combine_histogram,1081.1152651309967,1081.1343269348145,all_file,driver.novalocal,139633687971648,17035
combine_histogram,1081.1548700332642,1081.1737020015717,all_file,driver.novalocal,139633687971648,17035
combine_histogram,1081.1869912147522,1081.2073285579681,all_file,driver.novalocal,139633687971648,17035
combine_histogram,1081.223818063736,1081.241802930832,all_file,driver.novalocal,139633687971648,17035
combine_histogram,1081.2749664783478,1081.3002467155457,all_file,driver.novalocal,139633687971648,17035
combine_histogram,1081.314857006073,1081.3402526378632,all_file,driver.novalocal,139633687971648,17035
combine_histogram,1081.5104291439056,1081.537184715271,all_file,driver.novalocal,139633687971648,17035
combine_histogram,1081.666463136673,1081.6919527053833,all_file,driver.novalocal,139633687971648,17035
combine_histogram,1081.813205242157,1081.837738752365,all_file,driver.novalocal,139633687971648,17035
read_img,630.8676345348358,652.4441819190979,bigbrain_3076_0_2776.nii,bin-worker-6.novalocal,140362368894784,27421
combine_histogram,1082.3561353683472,1082.3827602863312,all_file,driver.novalocal,139633687971648,17035
calculate_histogram,565.313613653183,652.7436800003052,bigbrain_2307_2412_694.nii,bin-worker-6.novalocal,140362368894784,27429
combine_histogram,1082.5291576385498,1082.5579710006714,all_file,driver.novalocal,139633687971648,17035
combine_histogram,1082.8941221237183,1082.9180164337158,all_file,driver.novalocal,139633687971648,17035
combine_histogram,1082.980803012848,1083.005173444748,all_file,driver.novalocal,139633687971648,17035
combine_histogram,1083.1182615756989,1083.1418170928955,all_file,driver.novalocal,139633687971648,17035
combine_histogram,1083.2680885791779,1083.290183544159,all_file,driver.novalocal,139633687971648,17035
combine_histogram,1083.3856220245361,1083.4093420505524,all_file,driver.novalocal,139633687971648,17035
combine_histogram,1083.4679646492004,1083.490483045578,all_file,driver.novalocal,139633687971648,17035
combine_histogram,1083.5634906291962,1083.5868828296661,all_file,driver.novalocal,139633687971648,17035
flatten,653.9377629756927,654.0322465896606,bigbrain_3076_0_2776.nii,bin-worker-6.novalocal,140362368894784,27421
combine_histogram,1083.6583375930786,1083.6796264648438,all_file,driver.novalocal,139633687971648,17035
combine_histogram,1083.7035927772522,1083.7265992164612,all_file,driver.novalocal,139633687971648,17035
combine_histogram,1083.851957321167,1083.8737795352936,all_file,driver.novalocal,139633687971648,17035
combine_histogram,1083.9101657867432,1083.9307370185852,all_file,driver.novalocal,139633687971648,17035
combine_histogram,1084.2116401195526,1084.2345871925354,all_file,driver.novalocal,139633687971648,17035
combine_histogram,1084.2812495231628,1084.3034648895264,all_file,driver.novalocal,139633687971648,17035
combine_histogram,651.8495619297028,651.8745291233063,all_file,bin-worker-7.novalocal,140420156888896,31740
combine_histogram,1084.4324231147766,1084.458943605423,all_file,driver.novalocal,139633687971648,17035
combine_histogram,654.7823138237,654.7961251735687,all_file,bin-worker-6.novalocal,140362368894784,27429
combine_histogram,1084.5959854125977,1084.6230261325836,all_file,driver.novalocal,139633687971648,17035
combine_histogram,1084.6600151062012,1084.6877665519714,all_file,driver.novalocal,139633687971648,17035
combine_histogram,1084.801424741745,1084.827526807785,all_file,driver.novalocal,139633687971648,17035
save_histogram,1084.9770243167877,1085.7954318523407,all_file,driver.novalocal,139633687971648,17035
read_img,630.6154112815857,653.6863052845001,bigbrain_3076_0_2082.nii,bin-worker-7.novalocal,140420156888896,31738
read_img,164.53573536872864,221.34602403640747,bigbrain_0_603_0.nii,bin-worker-7.novalocal,140420156888896,31746
read_img,165.84531569480896,226.27027988433838,bigbrain_0_603_1388.nii,bin-worker-7.novalocal,140420156888896,31758
calculate_histogram,572.8570940494537,656.2743515968323,bigbrain_2307_603_0.nii,bin-worker-7.novalocal,140420156888896,31746
flatten,227.4982409477234,227.5733425617218,bigbrain_0_2412_694.nii,bin-worker-7.novalocal,140420156888896,31749
read_img,641.5134732723236,659.3482754230499,bigbrain_3076_1206_2082.nii,bin-worker-6.novalocal,140362368894784,27420
flatten,661.6347546577454,661.7166683673859,bigbrain_3076_1206_2082.nii,bin-worker-6.novalocal,140362368894784,27420
flatten,232.5696403980255,232.64000415802002,bigbrain_0_603_0.nii,bin-worker-7.novalocal,140420156888896,31746
flatten,235.6293079853058,235.6910355091095,bigbrain_0_603_1388.nii,bin-worker-7.novalocal,140420156888896,31758
read_img,175.4411997795105,231.71438121795654,bigbrain_0_603_2776.nii,bin-worker-6.novalocal,140362368894784,27441
flatten,663.666337966919,663.753613948822,bigbrain_3076_0_2082.nii,bin-worker-7.novalocal,140420156888896,31738
read_img,180.45142698287964,237.26281261444092,bigbrain_0_603_694.nii,bin-worker-6.novalocal,140362368894784,27429
combine_histogram,666.4232769012451,666.436469078064,all_file,bin-worker-7.novalocal,140420156888896,31746
read_img,182.50881099700928,238.2129578590393,bigbrain_1538_0_0.nii,bin-worker-6.novalocal,140362368894784,27420
read_img,172.7348403930664,237.54871273040771,bigbrain_0_603_2082.nii,bin-worker-7.novalocal,140420156888896,31738
read_img,656.6754658222198,669.7194483280182,bigbrain_3076_1206_694.nii,bin-worker-6.novalocal,140362368894784,27429
flatten,669.9009473323822,669.9953582286835,bigbrain_3076_1206_694.nii,bin-worker-6.novalocal,140362368894784,27429
flatten,239.7214298248291,239.78758335113525,bigbrain_0_603_2776.nii,bin-worker-6.novalocal,140362368894784,27441
flatten,240.97792744636536,241.05766344070435,bigbrain_0_603_694.nii,bin-worker-6.novalocal,140362368894784,27429
calculate_histogram,580.7700135707855,670.7873320579529,bigbrain_2307_603_1388.nii,bin-worker-6.novalocal,140362368894784,27435
combine_histogram,670.9187822341919,670.938013792038,all_file,bin-worker-6.novalocal,140362368894784,27435
read_img,188.72826290130615,241.4188928604126,bigbrain_1538_0_2082.nii,bin-worker-6.novalocal,140362368894784,27438
flatten,241.61480522155762,241.72387647628784,bigbrain_1538_0_0.nii,bin-worker-6.novalocal,140362368894784,27420
flatten,241.90910124778748,242.04046964645386,bigbrain_1538_0_2082.nii,bin-worker-6.novalocal,140362368894784,27438
read_img,195.3653917312622,242.19974875450134,bigbrain_1538_1206_0.nii,bin-worker-6.novalocal,140362368894784,27435
flatten,242.37154746055603,242.57212615013123,bigbrain_1538_1206_0.nii,bin-worker-6.novalocal,140362368894784,27435
flatten,244.04351139068604,244.13377737998962,bigbrain_0_603_2082.nii,bin-worker-7.novalocal,140420156888896,31738
read_img,187.23469305038452,247.0140609741211,bigbrain_1538_0_1388.nii,bin-worker-7.novalocal,140420156888896,31744
read_img,190.3074963092804,247.75733709335327,bigbrain_1538_0_2776.nii,bin-worker-7.novalocal,140420156888896,31756
flatten,247.91804242134094,248.09944128990173,bigbrain_1538_0_1388.nii,bin-worker-7.novalocal,140420156888896,31744
flatten,247.97339534759521,248.15004467964172,bigbrain_1538_0_2776.nii,bin-worker-7.novalocal,140420156888896,31756
read_img,192.67713975906372,248.4437861442566,bigbrain_1538_0_694.nii,bin-worker-7.novalocal,140420156888896,31752
read_img,196.4941544532776,248.56408023834229,bigbrain_1538_1206_1388.nii,bin-worker-7.novalocal,140420156888896,31740
flatten,248.46536803245544,248.5769808292389,bigbrain_1538_0_694.nii,bin-worker-7.novalocal,140420156888896,31752
flatten,248.62227201461792,248.75715899467468,bigbrain_1538_1206_1388.nii,bin-worker-7.novalocal,140420156888896,31740
read_img,671.2310905456543,683.0629775524139,bigbrain_3076_1809_1388.nii,bin-worker-6.novalocal,140362368894784,27435
flatten,683.2287538051605,683.4432923793793,bigbrain_3076_1809_1388.nii,bin-worker-6.novalocal,140362368894784,27435
read_img,637.2881534099579,683.4503619670868,bigbrain_3076_0_694.nii,bin-worker-7.novalocal,140420156888896,31744
read_img,637.9513244628906,685.2029287815094,bigbrain_3076_1206_0.nii,bin-worker-7.novalocal,140420156888896,31756
flatten,686.4425911903381,686.5906808376312,bigbrain_3076_0_694.nii,bin-worker-7.novalocal,140420156888896,31744
read_img,640.0245246887207,686.8607821464539,bigbrain_3076_1206_1388.nii,bin-worker-7.novalocal,140420156888896,31749
flatten,687.5393354892731,687.6372797489166,bigbrain_3076_1206_0.nii,bin-worker-7.novalocal,140420156888896,31756
flatten,688.9135048389435,689.011132478714,bigbrain_3076_1206_1388.nii,bin-worker-7.novalocal,140420156888896,31749
read_img,654.1717531681061,692.3076736927032,bigbrain_3076_1206_2776.nii,bin-worker-7.novalocal,140420156888896,31752
flatten,693.3383696079254,693.4817972183228,bigbrain_3076_1206_2776.nii,bin-worker-7.novalocal,140420156888896,31752
read_img,660.8770833015442,693.9697749614716,bigbrain_3076_1809_0.nii,bin-worker-7.novalocal,140420156888896,31740
flatten,694.6014649868011,694.7470722198486,bigbrain_3076_1809_0.nii,bin-worker-7.novalocal,140420156888896,31740
read_img,672.4012980461121,695.1091783046722,bigbrain_3076_1809_2082.nii,bin-worker-7.novalocal,140420156888896,31746
flatten,695.1522922515869,695.2693812847137,bigbrain_3076_1809_2082.nii,bin-worker-7.novalocal,140420156888896,31746
calculate_histogram,608.2120978832245,695.8567979335785,bigbrain_2307_603_2776.nii,bin-worker-6.novalocal,140362368894784,27438
combine_histogram,695.8909378051758,695.9041311740875,all_file,bin-worker-6.novalocal,140362368894784,27438
calculate_histogram,605.9575071334839,696.2082829475403,bigbrain_2307_603_2082.nii,bin-worker-7.novalocal,140420156888896,31758
combine_histogram,696.3195180892944,696.3617219924927,all_file,bin-worker-7.novalocal,140420156888896,31758
calculate_histogram,611.907717704773,701.944230556488,bigbrain_2307_603_694.nii,bin-worker-6.novalocal,140362368894784,27441
combine_histogram,703.5046482086182,703.5348081588745,all_file,bin-worker-6.novalocal,140362368894784,27441
read_img,696.0417428016663,706.9640777111053,bigbrain_3076_1809_2776.nii,bin-worker-6.novalocal,140362368894784,27438
flatten,707.9786856174469,708.0835299491882,bigbrain_3076_1809_2776.nii,bin-worker-6.novalocal,140362368894784,27438
read_img,696.8151752948761,708.2266159057617,bigbrain_3076_1809_694.nii,bin-worker-7.novalocal,140420156888896,31758
flatten,708.3790709972382,708.499847650528,bigbrain_3076_1809_694.nii,bin-worker-7.novalocal,140420156888896,31758
calculate_histogram,628.5626449584961,709.6892604827881,bigbrain_3076_0_0.nii,bin-worker-6.novalocal,140362368894784,27425
combine_histogram,710.3652110099792,710.3652217388153,all_file,bin-worker-6.novalocal,140362368894784,27425
calculate_histogram,203.12451362609863,283.7213366031647,bigbrain_0_2412_1388.nii,bin-worker-6.novalocal,140362368894784,27431
combine_histogram,283.8602397441864,283.8704905509949,all_file,bin-worker-6.novalocal,140362368894784,27431
read_img,705.0237803459167,714.6080133914948,bigbrain_3076_2412_0.nii,bin-worker-6.novalocal,140362368894784,27441
flatten,715.2462544441223,715.4449067115784,bigbrain_3076_2412_0.nii,bin-worker-6.novalocal,140362368894784,27441
read_img,284.0353751182556,288.70834612846375,bigbrain_1538_1206_2082.nii,bin-worker-6.novalocal,140362368894784,27431
flatten,288.74624037742615,288.8350088596344,bigbrain_1538_1206_2082.nii,bin-worker-6.novalocal,140362368894784,27431
calculate_histogram,206.21721124649048,288.870418548584,bigbrain_0_2412_2082.nii,bin-worker-6.novalocal,140362368894784,27425
combine_histogram,288.8876655101776,288.8977782726288,all_file,bin-worker-6.novalocal,140362368894784,27425
read_img,711.0276074409485,718.8047609329224,bigbrain_3076_2412_1388.nii,bin-worker-6.novalocal,140362368894784,27425
flatten,718.8574159145355,719.0397641658783,bigbrain_3076_2412_1388.nii,bin-worker-6.novalocal,140362368894784,27425
calculate_histogram,645.6432976722717,723.8323159217834,bigbrain_3076_0_1388.nii,bin-worker-6.novalocal,140362368894784,27431
combine_histogram,723.8655154705048,723.8655252456665,all_file,bin-worker-6.novalocal,140362368894784,27431
read_img,289.09211015701294,294.94242811203003,bigbrain_1538_1206_2776.nii,bin-worker-6.novalocal,140362368894784,27425
flatten,295.01732754707336,295.1059753894806,bigbrain_1538_1206_2776.nii,bin-worker-6.novalocal,140362368894784,27425
calculate_histogram,218.1202118396759,299.48002791404724,bigbrain_0_2412_2776.nii,bin-worker-6.novalocal,140362368894784,27421
combine_histogram,299.54110074043274,299.5411093235016,all_file,bin-worker-6.novalocal,140362368894784,27421
read_img,723.8939445018768,729.8205754756927,bigbrain_3076_2412_2082.nii,bin-worker-6.novalocal,140362368894784,27431
flatten,729.9230871200562,730.0161287784576,bigbrain_3076_2412_2082.nii,bin-worker-6.novalocal,140362368894784,27431
calculate_histogram,655.4614741802216,734.3464016914368,bigbrain_3076_0_2776.nii,bin-worker-6.novalocal,140362368894784,27421
combine_histogram,734.45680809021,734.4568183422089,all_file,bin-worker-6.novalocal,140362368894784,27421
read_img,299.5717794895172,305.44752621650696,bigbrain_1538_1206_694.nii,bin-worker-6.novalocal,140362368894784,27421
flatten,305.57877564430237,305.7228949069977,bigbrain_1538_1206_694.nii,bin-worker-6.novalocal,140362368894784,27421
read_img,734.4872422218323,740.4576296806335,bigbrain_3076_2412_2776.nii,bin-worker-6.novalocal,140362368894784,27421
flatten,740.5470929145813,740.6684696674347,bigbrain_3076_2412_2776.nii,bin-worker-6.novalocal,140362368894784,27421
calculate_histogram,238.003653049469,319.86133217811584,bigbrain_0_2412_694.nii,bin-worker-7.novalocal,140420156888896,31749
combine_histogram,320.05163383483887,320.0516445636749,all_file,bin-worker-7.novalocal,140420156888896,31749
calculate_histogram,242.14252996444702,320.67973923683167,bigbrain_1538_0_0.nii,bin-worker-6.novalocal,140362368894784,27420
combine_histogram,320.8257257938385,320.82575821876526,all_file,bin-worker-6.novalocal,140362368894784,27420
calculate_histogram,240.4024498462677,321.4109580516815,bigbrain_0_603_0.nii,bin-worker-7.novalocal,140420156888896,31746
calculate_histogram,670.2420275211334,751.6491978168488,bigbrain_3076_0_2082.nii,bin-worker-7.novalocal,140420156888896,31738
combine_histogram,751.7456951141357,751.7457222938538,all_file,bin-worker-7.novalocal,140420156888896,31738
combine_histogram,323.3159017562866,323.3259572982788,all_file,bin-worker-7.novalocal,140420156888896,31746
calculate_histogram,241.86841869354248,325.54663729667664,bigbrain_0_603_694.nii,bin-worker-6.novalocal,140362368894784,27429
calculate_histogram,663.1793911457062,755.4898300170898,bigbrain_3076_1206_2082.nii,bin-worker-6.novalocal,140362368894784,27420
combine_histogram,755.6650986671448,755.6749131679535,all_file,bin-worker-6.novalocal,140362368894784,27420
calculate_histogram,241.768737077713,327.1747741699219,bigbrain_0_603_2776.nii,bin-worker-6.novalocal,140362368894784,27441
combine_histogram,327.7158010005951,327.7389144897461,all_file,bin-worker-6.novalocal,140362368894784,27429
calculate_histogram,242.2203266620636,328.49170422554016,bigbrain_0_603_1388.nii,bin-worker-7.novalocal,140420156888896,31758
combine_histogram,328.3474745750427,328.36753273010254,all_file,bin-worker-6.novalocal,140362368894784,27441
calculate_histogram,242.25375485420227,329.14790391921997,bigbrain_1538_0_2082.nii,bin-worker-6.novalocal,140362368894784,27438
read_img,751.7831184864044,758.9988942146301,bigbrain_3076_2412_694.nii,bin-worker-7.novalocal,140420156888896,31738
flatten,759.1662805080414,759.2725434303284,bigbrain_3076_2412_694.nii,bin-worker-7.novalocal,140420156888896,31738
calculate_histogram,248.1852149963379,330.2552111148834,bigbrain_1538_0_2776.nii,bin-worker-7.novalocal,140420156888896,31756
calculate_histogram,242.692391872406,331.34320425987244,bigbrain_1538_1206_0.nii,bin-worker-6.novalocal,140362368894784,27435
combine_histogram,332.0423336029053,332.0627512931824,all_file,bin-worker-6.novalocal,140362368894784,27438
calculate_histogram,670.1544632911682,762.6773867607117,bigbrain_3076_1206_694.nii,bin-worker-6.novalocal,140362368894784,27429
combine_histogram,762.841471195221,762.8554830551147,all_file,bin-worker-6.novalocal,140362368894784,27429
combine_histogram,332.115061044693,332.14611887931824,all_file,bin-worker-7.novalocal,140420156888896,31758
read_img,755.8679099082947,763.1561117172241,bigbrain_3076_603_0.nii,bin-worker-6.novalocal,140362368894784,27420
calculate_histogram,248.66373014450073,333.4806365966797,bigbrain_1538_0_694.nii,bin-worker-7.novalocal,140420156888896,31752
flatten,763.7832243442535,763.8675355911255,bigbrain_3076_603_0.nii,bin-worker-6.novalocal,140362368894784,27420
calculate_histogram,248.15602374076843,334.5078754425049,bigbrain_1538_0_1388.nii,bin-worker-7.novalocal,140420156888896,31744
combine_histogram,334.0075294971466,334.01152753829956,all_file,bin-worker-7.novalocal,140420156888896,31756
read_img,320.09553122520447,335.73288321495056,bigbrain_1538_1809_0.nii,bin-worker-7.novalocal,140420156888896,31749
combine_histogram,335.3531742095947,335.3713357448578,all_file,bin-worker-6.novalocal,140362368894784,27435
read_img,321.0286741256714,336.09733390808105,bigbrain_1538_1809_1388.nii,bin-worker-6.novalocal,140362368894784,27420
combine_histogram,336.417884349823,336.42729115486145,all_file,bin-worker-7.novalocal,140420156888896,31752
read_img,762.9952762126923,769.0446140766144,bigbrain_3076_603_1388.nii,bin-worker-6.novalocal,140362368894784,27429
calculate_histogram,246.925457239151,338.61691784858704,bigbrain_0_603_2082.nii,bin-worker-7.novalocal,140420156888896,31738
flatten,769.1272504329681,769.227949142456,bigbrain_3076_603_1388.nii,bin-worker-6.novalocal,140362368894784,27429
calculate_histogram,689.8613591194153,770.6517381668091,bigbrain_3076_0_694.nii,bin-worker-7.novalocal,140420156888896,31744
combine_histogram,770.7664580345154,770.7664699554443,all_file,bin-worker-7.novalocal,140420156888896,31744
combine_histogram,340.6643285751343,340.68101501464844,all_file,bin-worker-7.novalocal,140420156888896,31744
calculate_histogram,690.7877588272095,772.3947508335114,bigbrain_3076_1206_0.nii,bin-worker-7.novalocal,140420156888896,31756
combine_histogram,772.9714646339417,772.9802100658417,all_file,bin-worker-7.novalocal,140420156888896,31756
flatten,343.2130889892578,343.2773206233978,bigbrain_1538_1809_1388.nii,bin-worker-6.novalocal,140362368894784,27420
calculate_histogram,683.6511371135712,774.1240954399109,bigbrain_3076_1809_1388.nii,bin-worker-6.novalocal,140362368894784,27435
combine_histogram,774.420485496521,774.4318928718567,all_file,bin-worker-6.novalocal,140362368894784,27435
calculate_histogram,248.8060872554779,344.55672812461853,bigbrain_1538_1206_1388.nii,bin-worker-7.novalocal,140420156888896,31740
flatten,345.63855028152466,345.6980392932892,bigbrain_1538_1809_0.nii,bin-worker-7.novalocal,140420156888896,31749
calculate_histogram,694.847339630127,776.6062533855438,bigbrain_3076_1809_0.nii,bin-worker-7.novalocal,140420156888896,31740
combine_histogram,347.48564553260803,347.5172562599182,all_file,bin-worker-7.novalocal,140420156888896,31738
combine_histogram,779.6935343742371,779.7011134624481,all_file,bin-worker-7.novalocal,140420156888896,31740
calculate_histogram,694.4070014953613,780.0898687839508,bigbrain_3076_1206_2776.nii,bin-worker-7.novalocal,140420156888896,31752
combine_histogram,782.9225792884827,782.9345271587372,all_file,bin-worker-7.novalocal,140420156888896,31752
calculate_histogram,695.3473384380341,783.8175663948059,bigbrain_3076_1809_2082.nii,bin-worker-7.novalocal,140420156888896,31746
read_img,770.7972934246063,783.1858992576599,bigbrain_3076_603_2082.nii,bin-worker-7.novalocal,140420156888896,31744
calculate_histogram,691.6660749912262,785.4489047527313,bigbrain_3076_1206_1388.nii,bin-worker-7.novalocal,140420156888896,31749
read_img,774.6801664829254,786.2742209434509,bigbrain_3076_603_694.nii,bin-worker-6.novalocal,140362368894784,27435
flatten,786.4710261821747,786.6175708770752,bigbrain_3076_603_694.nii,bin-worker-6.novalocal,140362368894784,27435
read_img,324.7514457702637,355.5630919933319,bigbrain_1538_1809_2082.nii,bin-worker-7.novalocal,140420156888896,31746
combine_histogram,353.5077934265137,353.5399317741394,all_file,bin-worker-7.novalocal,140420156888896,31740
combine_histogram,786.5290050506592,786.5393295288086,all_file,bin-worker-7.novalocal,140420156888896,31746
combine_histogram,787.459263086319,787.4715976715088,all_file,bin-worker-7.novalocal,140420156888896,31749
calculate_histogram,708.5993978977203,788.2959773540497,bigbrain_3076_1809_2776.nii,bin-worker-6.novalocal,140362368894784,27438
combine_histogram,788.4471926689148,788.4540054798126,all_file,bin-worker-6.novalocal,140362368894784,27438
flatten,788.4197266101837,788.5035109519958,bigbrain_3076_603_2082.nii,bin-worker-7.novalocal,140420156888896,31744
flatten,361.26022601127625,361.33512711524963,bigbrain_1538_1809_2082.nii,bin-worker-7.novalocal,140420156888896,31746
calculate_histogram,716.0423486232758,798.1919915676117,bigbrain_3076_2412_0.nii,bin-worker-6.novalocal,140362368894784,27441
calculate_histogram,708.5876564979553,797.5705273151398,bigbrain_3076_1809_694.nii,bin-worker-7.novalocal,140420156888896,31758
combine_histogram,799.7505440711975,799.7505557537079,all_file,bin-worker-6.novalocal,140362368894784,27441
read_img,788.5762600898743,800.0962316989899,bigbrain_769_0_2082.nii,bin-worker-6.novalocal,140362368894784,27438
read_img,329.5386972427368,367.95221996307373,bigbrain_1538_1809_2776.nii,bin-worker-6.novalocal,140362368894784,27429
read_img,773.6850514411926,800.7089295387268,bigbrain_3076_603_2776.nii,bin-worker-7.novalocal,140420156888896,31756
read_img,331.5679223537445,371.96774101257324,bigbrain_1538_1809_694.nii,bin-worker-6.novalocal,140362368894784,27441
flatten,801.6675474643707,801.7702214717865,bigbrain_769_0_2082.nii,bin-worker-6.novalocal,140362368894784,27438
calculate_histogram,719.1702020168304,804.2374041080475,bigbrain_3076_2412_1388.nii,bin-worker-6.novalocal,140362368894784,27425
combine_histogram,802.3545820713043,802.3692860603333,all_file,bin-worker-7.novalocal,140420156888896,31758
flatten,375.1531913280487,375.273318529129,bigbrain_1538_1809_2776.nii,bin-worker-6.novalocal,140362368894784,27429
combine_histogram,805.4182465076447,805.4266233444214,all_file,bin-worker-6.novalocal,140362368894784,27425
flatten,375.99232268333435,376.10704612731934,bigbrain_1538_1809_694.nii,bin-worker-6.novalocal,140362368894784,27441
read_img,337.04491543769836,376.3987021446228,bigbrain_1538_2412_1388.nii,bin-worker-6.novalocal,140362368894784,27438
read_img,341.62525248527527,377.57654547691345,bigbrain_1538_2412_2776.nii,bin-worker-6.novalocal,140362368894784,27435
flatten,378.1001799106598,378.23692893981934,bigbrain_1538_2412_1388.nii,bin-worker-6.novalocal,140362368894784,27438
flatten,378.1719250679016,378.35032200813293,bigbrain_1538_2412_2776.nii,bin-worker-6.novalocal,140362368894784,27435
flatten,807.8314738273621,807.9196579456329,bigbrain_3076_603_2776.nii,bin-worker-7.novalocal,140420156888896,31756
calculate_histogram,730.138429403305,810.5684857368469,bigbrain_3076_2412_2082.nii,bin-worker-6.novalocal,140362368894784,27431
calculate_histogram,295.1387097835541,384.72332239151,bigbrain_1538_1206_2776.nii,bin-worker-6.novalocal,140362368894784,27425
combine_histogram,385.1301062107086,385.14764428138733,all_file,bin-worker-6.novalocal,140362368894784,27425
read_img,335.45911622047424,381.7220425605774,bigbrain_1538_2412_0.nii,bin-worker-7.novalocal,140420156888896,31758
combine_histogram,814.3600082397461,814.3600225448608,all_file,bin-worker-6.novalocal,140362368894784,27431
read_img,337.62344765663147,384.3821511268616,bigbrain_1538_2412_2082.nii,bin-worker-7.novalocal,140420156888896,31756
read_img,799.9057900905609,815.5223996639252,bigbrain_769_1206_0.nii,bin-worker-6.novalocal,140362368894784,27441
calculate_histogram,288.86135363578796,386.2985634803772,bigbrain_1538_1206_2082.nii,bin-worker-6.novalocal,140362368894784,27431
flatten,817.0035738945007,817.1021144390106,bigbrain_769_1206_0.nii,bin-worker-6.novalocal,140362368894784,27441
combine_histogram,388.69143652915955,388.7179911136627,all_file,bin-worker-6.novalocal,140362368894784,27431
flatten,388.99165081977844,389.099365234375,bigbrain_1538_2412_0.nii,bin-worker-7.novalocal,140420156888896,31758
read_img,342.955295085907,389.552618265152,bigbrain_1538_2412_694.nii,bin-worker-7.novalocal,140420156888896,31752
flatten,390.88970708847046,390.98486375808716,bigbrain_1538_2412_2082.nii,bin-worker-7.novalocal,140420156888896,31756
calculate_histogram,740.7172195911407,822.2020273208618,bigbrain_3076_2412_2776.nii,bin-worker-6.novalocal,140362368894784,27421
read_img,350.5558776855469,395.4204180240631,bigbrain_1538_603_0.nii,bin-worker-7.novalocal,140420156888896,31744
flatten,395.6443774700165,395.7822253704071,bigbrain_1538_2412_694.nii,bin-worker-7.novalocal,140420156888896,31752
combine_histogram,825.785640001297,825.7856545448303,all_file,bin-worker-6.novalocal,140362368894784,27421
read_img,782.3480203151703,821.8712682723999,bigbrain_769_0_0.nii,bin-worker-7.novalocal,140420156888896,31740
flatten,398.08878993988037,398.2563581466675,bigbrain_1538_603_0.nii,bin-worker-7.novalocal,140420156888896,31744
read_img,358.9345338344574,398.56796431541443,bigbrain_1538_603_1388.nii,bin-worker-7.novalocal,140420156888896,31738
read_img,807.0691978931427,828.4705233573914,bigbrain_769_1206_1388.nii,bin-worker-6.novalocal,140362368894784,27425
flatten,399.78687024116516,399.9610688686371,bigbrain_1538_603_1388.nii,bin-worker-7.novalocal,140420156888896,31738
read_img,365.12925910949707,400.07593059539795,bigbrain_1538_603_2082.nii,bin-worker-7.novalocal,140420156888896,31740
flatten,400.5931580066681,400.8401982784271,bigbrain_1538_603_2082.nii,bin-worker-7.novalocal,140420156888896,31740
read_img,785.9720849990845,829.2101769447327,bigbrain_769_0_1388.nii,bin-worker-7.novalocal,140420156888896,31752
calculate_histogram,305.7511341571808,401.6709101200104,bigbrain_1538_1206_694.nii,bin-worker-6.novalocal,140362368894784,27421
read_img,386.1630537509918,401.8434841632843,bigbrain_1538_603_2776.nii,bin-worker-6.novalocal,140362368894784,27425
flatten,831.5137763023376,831.634758234024,bigbrain_769_1206_1388.nii,bin-worker-6.novalocal,140362368894784,27425
combine_histogram,402.46209931373596,402.4880621433258,all_file,bin-worker-6.novalocal,140362368894784,27421
flatten,402.90880703926086,402.99645805358887,bigbrain_1538_603_2776.nii,bin-worker-6.novalocal,140362368894784,27425
flatten,831.8678860664368,831.9671289920807,bigbrain_769_0_0.nii,bin-worker-7.novalocal,140420156888896,31740
read_img,390.7260797023773,404.22688341140747,bigbrain_1538_603_694.nii,bin-worker-6.novalocal,140362368894784,27431
flatten,405.2444603443146,405.33498215675354,bigbrain_1538_603_694.nii,bin-worker-6.novalocal,140362368894784,27431
flatten,834.387448310852,834.4871399402618,bigbrain_769_0_1388.nii,bin-worker-7.novalocal,140420156888896,31752
read_img,791.2130575180054,838.2302544116974,bigbrain_769_0_2776.nii,bin-worker-7.novalocal,140420156888896,31746
read_img,793.158581495285,838.2351055145264,bigbrain_769_0_694.nii,bin-worker-7.novalocal,140420156888896,31749
read_img,816.0860738754272,838.7999424934387,bigbrain_769_1206_2776.nii,bin-worker-6.novalocal,140362368894784,27431
read_img,403.67154836654663,410.141583442688,bigbrain_2307_0_0.nii,bin-worker-6.novalocal,140362368894784,27421
flatten,410.2102165222168,410.357298374176,bigbrain_2307_0_0.nii,bin-worker-6.novalocal,140362368894784,27421
flatten,839.6135408878326,839.7679784297943,bigbrain_769_0_2776.nii,bin-worker-7.novalocal,140420156888896,31746
calculate_histogram,759.4138171672821,840.3236863613129,bigbrain_3076_2412_694.nii,bin-worker-7.novalocal,140420156888896,31738
flatten,840.8817322254181,840.9980065822601,bigbrain_769_0_694.nii,bin-worker-7.novalocal,140420156888896,31749
flatten,841.0008471012115,841.1364214420319,bigbrain_769_1206_2776.nii,bin-worker-6.novalocal,140362368894784,27431
combine_histogram,842.2082071304321,842.2120685577393,all_file,bin-worker-7.novalocal,140420156888896,31738
read_img,811.1178512573242,842.35014295578,bigbrain_769_1206_2082.nii,bin-worker-7.novalocal,140420156888896,31758
calculate_histogram,764.4035339355469,842.9662711620331,bigbrain_3076_603_0.nii,bin-worker-6.novalocal,140362368894784,27420
combine_histogram,843.4571466445923,843.4654269218445,all_file,bin-worker-6.novalocal,140362368894784,27420
read_img,828.4694693088531,843.5902054309845,bigbrain_769_1206_694.nii,bin-worker-6.novalocal,140362368894784,27421
flatten,843.4706089496613,843.5941359996796,bigbrain_769_1206_2082.nii,bin-worker-7.novalocal,140420156888896,31758
flatten,844.2578682899475,844.419825553894,bigbrain_769_1206_694.nii,bin-worker-6.novalocal,140362368894784,27421
read_img,843.2688639163971,855.2695732116699,bigbrain_769_1809_0.nii,bin-worker-7.novalocal,140420156888896,31738
flatten,855.5484185218811,855.6554622650146,bigbrain_769_1809_0.nii,bin-worker-7.novalocal,140420156888896,31738
read_img,843.7261157035828,855.7908191680908,bigbrain_769_1809_1388.nii,bin-worker-6.novalocal,140362368894784,27420
flatten,856.1028575897217,856.245619058609,bigbrain_769_1809_1388.nii,bin-worker-6.novalocal,140362368894784,27420
calculate_histogram,769.2981898784637,857.485684633255,bigbrain_3076_603_1388.nii,bin-worker-6.novalocal,140362368894784,27429
combine_histogram,857.5710883140564,857.5821807384491,all_file,bin-worker-6.novalocal,140362368894784,27429
read_img,857.8814876079559,864.1859796047211,bigbrain_769_1809_2082.nii,bin-worker-6.novalocal,140362368894784,27429
flatten,864.3928065299988,864.524640083313,bigbrain_769_1809_2082.nii,bin-worker-6.novalocal,140362368894784,27429
calculate_histogram,786.8349614143372,872.1143827438354,bigbrain_3076_603_694.nii,bin-worker-6.novalocal,140362368894784,27435
combine_histogram,872.5685589313507,872.578421831131,all_file,bin-worker-6.novalocal,140362368894784,27435
calculate_histogram,349.44669365882874,443.4477126598358,bigbrain_1538_1809_1388.nii,bin-worker-6.novalocal,140362368894784,27420
combine_histogram,443.5345468521118,443.5532751083374,all_file,bin-worker-6.novalocal,140362368894784,27420
