calculate_histogram,1218.3989655971527,1731.6382246017456,bigbrain_769_1809_1388.nii,bin-worker-5.novalocal,139877948524288,16022
calculate_histogram,1135.4410254955292,1732.7250299453735,bigbrain_3076_1809_2776.nii,bin-worker-4.novalocal,139921872254720,2572
calculate_histogram,1177.4794027805328,1733.8608062267303,bigbrain_769_2412_2082.nii,bin-worker-8.novalocal,140221042947840,29978
calculate_histogram,1131.4965772628784,1736.0445501804352,bigbrain_769_603_2776.nii,bin-worker-6.novalocal,140094962910976,20183
read_img,1305.1506049633026,1311.4542474746704,bigbrain_769_2412_2776.nii,bin-worker-6.novalocal,140095333803776,20183
calculate_histogram,363.8965702056885,1312.831690788269,bigbrain_2307_1206_2082.nii,bin-worker-1.novalocal,140252064761600,7575
flatten,1312.7094209194183,1312.8198916912079,bigbrain_769_2412_2776.nii,bin-worker-6.novalocal,140095333803776,20183
calculate_histogram,1200.47687125206,1742.8489162921906,bigbrain_3076_2412_0.nii,bin-worker-7.novalocal,140104576263936,24548
calculate_histogram,361.87187480926514,890.8085134029388,bigbrain_1538_0_2776.nii,bin-worker-3.novalocal,139709203433216,10618
calculate_histogram,361.8158118724823,892.4299156665802,bigbrain_0_2412_0.nii,bin-worker-5.novalocal,139877931738880,16022
calculate_histogram,363.41369223594666,892.9946732521057,bigbrain_0_603_0.nii,bin-worker-3.novalocal,139709220218624,10618
combine_histogram,1322.0748744010925,1322.7870383262634,all_file,bin-worker-1.novalocal,140252064761600,7575
calculate_histogram,1128.7457747459412,1752.8547520637512,bigbrain_769_1206_2082.nii,bin-worker-6.novalocal,140094979696384,20183
calculate_histogram,1313.7971539497375,1753.2652049064636,bigbrain_769_2412_2776.nii,bin-worker-6.novalocal,140095333803776,20183
combine_histogram,1323.7981238365173,1323.8421669006348,all_file,bin-worker-1.novalocal,140252064761600,7575
combine_histogram,1324.151510477066,1324.2194473743439,all_file,bin-worker-1.novalocal,140252064761600,7575
combine_histogram,1324.7196440696716,1324.8943049907684,all_file,bin-worker-1.novalocal,140252064761600,7575
combine_histogram,1325.1061491966248,1325.1460270881653,all_file,bin-worker-1.novalocal,140252064761600,7575
combine_histogram,1325.5332565307617,1325.6505100727081,all_file,bin-worker-1.novalocal,140252064761600,7575
combine_histogram,1326.0298261642456,1326.4797449111938,all_file,bin-worker-1.novalocal,140252064761600,7575
calculate_histogram,1165.785575389862,1756.8459875583649,bigbrain_769_0_1388.nii,bin-worker-8.novalocal,140220599097088,29978
calculate_histogram,1201.4095964431763,1760.438127040863,bigbrain_3076_603_2776.nii,bin-worker-7.novalocal,140105020839680,24548
read_img,893.4462871551514,907.0457766056061,bigbrain_2307_603_1388.nii,bin-worker-5.novalocal,139877931738880,16022
flatten,907.9800503253937,908.0603649616241,bigbrain_2307_603_1388.nii,bin-worker-5.novalocal,139877931738880,16022
calculate_histogram,1237.5790147781372,1769.2998235225677,bigbrain_3076_603_2082.nii,bin-worker-1.novalocal,140252089939712,7575
read_img,893.165052652359,909.9792590141296,bigbrain_2307_2412_2776.nii,bin-worker-3.novalocal,139709203433216,10618
read_img,894.3017113208771,911.0080525875092,bigbrain_3076_0_1388.nii,bin-worker-3.novalocal,139709220218624,10618
flatten,911.3635895252228,911.5311136245728,bigbrain_2307_2412_2776.nii,bin-worker-3.novalocal,139709203433216,10618
calculate_histogram,1172.8498616218567,1770.5442039966583,bigbrain_769_1206_694.nii,bin-worker-8.novalocal,140220590704384,29978
flatten,911.3786492347717,911.474925994873,bigbrain_3076_0_1388.nii,bin-worker-3.novalocal,139709220218624,10618
calculate_histogram,363.44501066207886,1341.7019011974335,bigbrain_2307_1809_2082.nii,bin-worker-2.novalocal,140023063353088,10839
combine_histogram,1345.367205619812,1345.4833853244781,all_file,bin-worker-1.novalocal,140252064761600,7575
combine_histogram,1345.8933515548706,1345.9228994846344,all_file,bin-worker-1.novalocal,140252064761600,7575
calculate_histogram,1047.243872642517,1775.9534595012665,bigbrain_3076_1206_1388.nii,bin-worker-1.novalocal,140252047976192,7575
combine_histogram,1346.3235194683075,1346.3479678630829,all_file,bin-worker-1.novalocal,140252064761600,7575
combine_histogram,1346.9015009403229,1346.9497375488281,all_file,bin-worker-1.novalocal,140252064761600,7575
combine_histogram,1347.337946653366,1347.6464304924011,all_file,bin-worker-1.novalocal,140252064761600,7575
combine_histogram,1347.9713611602783,1348.252362728119,all_file,bin-worker-1.novalocal,140252064761600,7575
combine_histogram,1348.9665348529816,1349.4587993621826,all_file,bin-worker-1.novalocal,140252064761600,7575
calculate_histogram,1244.240327835083,1782.098435163498,bigbrain_769_1809_2776.nii,bin-worker-1.novalocal,140252073154304,7575
calculate_histogram,364.07581758499146,923.6940150260925,bigbrain_0_603_2776.nii,bin-worker-5.novalocal,139877923346176,16022
calculate_histogram,361.83760046958923,925.9656934738159,bigbrain_0_2412_694.nii,bin-worker-6.novalocal,140094946125568,20183
calculate_histogram,1175.1073544025421,1786.1399705410004,bigbrain_2307_603_694.nii,bin-worker-7.novalocal,140105004054272,24548
combine_histogram,1357.6560320854187,1358.1220080852509,all_file,bin-worker-1.novalocal,140252064761600,7575
calculate_histogram,1207.9729256629944,1788.0872886180878,bigbrain_3076_1809_694.nii,bin-worker-1.novalocal,140252056368896,7575
calculate_histogram,364.23418068885803,929.4142813682556,bigbrain_2307_0_1388.nii,bin-worker-6.novalocal,140095333803776,20183
combine_histogram,1358.394279241562,1359.1348979473114,all_file,bin-worker-1.novalocal,140252064761600,7575
combine_histogram,1358.8567390441895,1359.226637840271,all_file,bin-worker-2.novalocal,140023063353088,10839
combine_histogram,1359.284469127655,1359.543245792389,all_file,bin-worker-1.novalocal,140252064761600,7575
combine_histogram,1359.6018686294556,1359.7495250701904,all_file,bin-worker-2.novalocal,140023063353088,10839
calculate_histogram,361.36195039749146,930.5657923221588,bigbrain_0_0_2776.nii,bin-worker-6.novalocal,140094971303680,20183
combine_histogram,1790.0598585605621,1790.0739059448242,all_file,bin-worker-6.novalocal,140094988089088,20183
combine_histogram,1360.4152319431305,1360.6442203521729,all_file,bin-worker-1.novalocal,140252064761600,7575
combine_histogram,1790.212054491043,1790.2207281589508,all_file,bin-worker-6.novalocal,140094988089088,20183
combine_histogram,1790.3294191360474,1790.3435382843018,all_file,bin-worker-6.novalocal,140094988089088,20183
combine_histogram,1790.4953713417053,1790.5055158138275,all_file,bin-worker-6.novalocal,140094988089088,20183
combine_histogram,1790.5926449298859,1790.6024775505066,all_file,bin-worker-6.novalocal,140094988089088,20183
combine_histogram,1360.5415740013123,1360.865685224533,all_file,bin-worker-2.novalocal,140023063353088,10839
combine_histogram,1790.672268629074,1790.6859276294708,all_file,bin-worker-6.novalocal,140094988089088,20183
combine_histogram,1361.04438829422,1361.1861689090729,all_file,bin-worker-1.novalocal,140252064761600,7575
combine_histogram,1790.7842075824738,1790.799013376236,all_file,bin-worker-6.novalocal,140094988089088,20183
calculate_histogram,361.47637128829956,1361.758326292038,bigbrain_0_1206_1388.nii,bin-worker-2.novalocal,140023105316608,10839
combine_histogram,1361.599420785904,1361.7671961784363,all_file,bin-worker-2.novalocal,140023063353088,10839
combine_histogram,1361.6150031089783,1362.2835552692413,all_file,bin-worker-1.novalocal,140252064761600,7575
read_img,925.5643391609192,932.8861298561096,bigbrain_3076_0_694.nii,bin-worker-5.novalocal,139877923346176,16022
combine_histogram,1362.286379814148,1362.5068736076355,all_file,bin-worker-2.novalocal,140023063353088,10839
calculate_histogram,1112.4133520126343,1792.711415529251,bigbrain_2307_603_2082.nii,bin-worker-4.novalocal,139921444566784,2572
flatten,933.6526021957397,933.7879662513733,bigbrain_3076_0_694.nii,bin-worker-5.novalocal,139877923346176,16022
combine_histogram,1363.1193344593048,1363.3624064922333,all_file,bin-worker-2.novalocal,140023063353088,10839
combine_histogram,1363.154937505722,1363.6303737163544,all_file,bin-worker-1.novalocal,140252064761600,7575
calculate_histogram,363.7189517021179,934.9846620559692,bigbrain_2307_0_2082.nii,bin-worker-3.novalocal,139708826900224,10618
combine_histogram,1364.3002321720123,1364.7737805843353,all_file,bin-worker-2.novalocal,140023063353088,10839
combine_histogram,1797.9572575092316,1798.0068652629852,all_file,bin-worker-2.novalocal,140023080138496,10839
combine_histogram,1798.200361251831,1798.2480263710022,all_file,bin-worker-2.novalocal,140023080138496,10839
calculate_histogram,362.7865650653839,938.8830208778381,bigbrain_0_0_694.nii,bin-worker-3.novalocal,139709195040512,10618
combine_histogram,1798.3322396278381,1798.3595037460327,all_file,bin-worker-2.novalocal,140023080138496,10839
combine_histogram,1798.4844825267792,1798.5096008777618,all_file,bin-worker-2.novalocal,140023080138496,10839
combine_histogram,1798.576539516449,1798.6046776771545,all_file,bin-worker-2.novalocal,140023080138496,10839
combine_histogram,1798.918956041336,1798.9416410923004,all_file,bin-worker-2.novalocal,140023080138496,10839
calculate_histogram,363.10124373435974,940.0505475997925,bigbrain_2307_1809_2776.nii,bin-worker-5.novalocal,139877906560768,16022
combine_histogram,1799.3024580478668,1799.3281347751617,all_file,bin-worker-2.novalocal,140023080138496,10839
calculate_histogram,361.90942001342773,941.6438934803009,bigbrain_1538_0_0.nii,bin-worker-1.novalocal,140251485959936,7575
calculate_histogram,364.2441203594208,942.2224695682526,bigbrain_0_1809_2776.nii,bin-worker-8.novalocal,140220607489792,29978
combine_histogram,1380.4867780208588,1380.6579854488373,all_file,bin-worker-2.novalocal,140023105316608,10839
combine_histogram,1380.952363729477,1381.2707571983337,all_file,bin-worker-2.novalocal,140023105316608,10839
combine_histogram,1381.7553112506866,1381.8627865314484,all_file,bin-worker-2.novalocal,140023105316608,10839
combine_histogram,1382.2624986171722,1382.8663432598114,all_file,bin-worker-2.novalocal,140023105316608,10839
combine_histogram,1383.3145189285278,1383.379554271698,all_file,bin-worker-2.novalocal,140023105316608,10839
calculate_histogram,1174.5094802379608,1813.297931432724,bigbrain_3076_603_1388.nii,bin-worker-4.novalocal,139921427781376,2572
calculate_histogram,364.56901955604553,950.5790495872498,bigbrain_1538_0_2082.nii,bin-worker-6.novalocal,140094954518272,20183
combine_histogram,1383.8785214424133,1384.4057111740112,all_file,bin-worker-2.novalocal,140023105316608,10839
combine_histogram,1814.9864485263824,1815.013137102127,all_file,bin-worker-2.novalocal,140022510515968,10839
combine_histogram,1815.6142315864563,1815.6314594745636,all_file,bin-worker-2.novalocal,140022510515968,10839
combine_histogram,1385.486571073532,1385.7656133174896,all_file,bin-worker-2.novalocal,140023105316608,10839
combine_histogram,1815.8030042648315,1815.823008298874,all_file,bin-worker-2.novalocal,140022510515968,10839
calculate_histogram,364.3391001224518,956.102283000946,bigbrain_1538_0_694.nii,bin-worker-8.novalocal,140221034555136,29978
calculate_histogram,1179.5722959041595,1816.177691936493,bigbrain_769_0_694.nii,bin-worker-4.novalocal,139921402603264,2572
combine_histogram,1816.4715783596039,1816.4831595420837,all_file,bin-worker-2.novalocal,140022510515968,10839
combine_histogram,1816.6570875644684,1816.6999537944794,all_file,bin-worker-2.novalocal,140022510515968,10839
calculate_histogram,1205.0989005565643,1816.9749910831451,bigbrain_769_603_0.nii,bin-worker-4.novalocal,139921436174080,2572
combine_histogram,1817.0170078277588,1817.0615253448486,all_file,bin-worker-2.novalocal,140022510515968,10839
combine_histogram,1817.2450997829437,1817.2910916805267,all_file,bin-worker-2.novalocal,140022510515968,10839
calculate_histogram,364.43371987342834,959.4589605331421,bigbrain_2307_0_2776.nii,bin-worker-8.novalocal,140220573918976,29978
calculate_histogram,1255.9218366146088,1820.9487936496735,bigbrain_769_603_1388.nii,bin-worker-1.novalocal,140252039583488,7575
calculate_histogram,361.35858154296875,966.2478559017181,bigbrain_0_2412_2776.nii,bin-worker-7.novalocal,140105037887232,24548
calculate_histogram,363.23454451560974,1396.7330570220947,bigbrain_1538_603_1388.nii,bin-worker-2.novalocal,140023096923904,10839
calculate_histogram,361.8771114349365,967.4758288860321,bigbrain_0_1206_2776.nii,bin-worker-4.novalocal,139921863862016,2572
calculate_histogram,364.4530155658722,966.6373145580292,bigbrain_0_1206_0.nii,bin-worker-8.novalocal,140220582311680,29978
calculate_histogram,364.1406104564667,954.6336348056793,bigbrain_1538_2412_2776.nii,bin-worker-6.novalocal,140094988089088,20183
read_img,942.1974220275879,970.6199707984924,bigbrain_3076_1809_2082.nii,bin-worker-5.novalocal,139877906560768,16022
calculate_histogram,363.80184745788574,970.6869421005249,bigbrain_0_2412_2082.nii,bin-worker-1.novalocal,140252081547008,7575
read_img,942.9990184307098,971.7738220691681,bigbrain_2307_2412_0.nii,bin-worker-1.novalocal,140251485959936,7575
calculate_histogram,363.6815450191498,971.3369393348694,bigbrain_2307_0_0.nii,bin-worker-7.novalocal,140105004054272,24548
flatten,972.0131371021271,972.116857290268,bigbrain_3076_1809_2082.nii,bin-worker-5.novalocal,139877906560768,16022
flatten,973.0862460136414,973.2191922664642,bigbrain_2307_2412_0.nii,bin-worker-1.novalocal,140251485959936,7575
calculate_histogram,1202.8872911930084,1834.400048494339,bigbrain_769_1809_2082.nii,bin-worker-4.novalocal,139921410995968,2572
calculate_histogram,363.0523226261139,975.9748969078064,bigbrain_0_1809_1388.nii,bin-worker-6.novalocal,140094979696384,20183
read_img,931.2873079776764,980.4801137447357,bigbrain_3076_0_0.nii,bin-worker-6.novalocal,140094946125568,20183
calculate_histogram,363.2868494987488,982.7609102725983,bigbrain_0_0_1388.nii,bin-worker-1.novalocal,140252047976192,7575
read_img,931.2435703277588,980.8184266090393,bigbrain_2307_2412_2082.nii,bin-worker-6.novalocal,140095333803776,20183
read_img,937.966192483902,979.084424495697,bigbrain_3076_1206_694.nii,bin-worker-3.novalocal,139708826900224,10618
combine_histogram,1414.1641523838043,1414.8777923583984,all_file,bin-worker-2.novalocal,140023063353088,10839
combine_histogram,1415.3098833560944,1415.631135225296,all_file,bin-worker-2.novalocal,140023063353088,10839
combine_histogram,1415.8428061008453,1415.9575171470642,all_file,bin-worker-2.novalocal,140023063353088,10839
calculate_histogram,1200.0554087162018,1845.3887298107147,bigbrain_3076_1206_2082.nii,bin-worker-7.novalocal,140105046279936,24548
combine_histogram,1416.478762626648,1416.694687128067,all_file,bin-worker-2.novalocal,140023063353088,10839
combine_histogram,1847.1147541999817,1847.1393864154816,all_file,bin-worker-8.novalocal,140220615882496,29978
combine_histogram,1847.2303256988525,1847.2509484291077,all_file,bin-worker-8.novalocal,140220615882496,29978
combine_histogram,1847.309199333191,1847.326143026352,all_file,bin-worker-8.novalocal,140220615882496,29978
combine_histogram,1847.4108192920685,1847.429293870926,all_file,bin-worker-8.novalocal,140220615882496,29978
combine_histogram,1847.4811124801636,1847.497284412384,all_file,bin-worker-8.novalocal,140220615882496,29978
combine_histogram,1417.828425168991,1417.911815404892,all_file,bin-worker-2.novalocal,140023063353088,10839
combine_histogram,1847.564640045166,1847.582221031189,all_file,bin-worker-8.novalocal,140220615882496,29978
combine_histogram,1847.6467370986938,1847.6638145446777,all_file,bin-worker-8.novalocal,140220615882496,29978
combine_histogram,1418.56844830513,1418.817730665207,all_file,bin-worker-2.novalocal,140023063353088,10839
calculate_histogram,364.63352036476135,989.1842410564423,bigbrain_2307_1809_0.nii,bin-worker-3.novalocal,139709211825920,10618
combine_histogram,1419.074022769928,1419.558678150177,all_file,bin-worker-2.novalocal,140023063353088,10839
read_img,942.0657634735107,990.9019296169281,bigbrain_3076_2412_2082.nii,bin-worker-3.novalocal,139709195040512,10618
flatten,990.9042677879333,991.0160038471222,bigbrain_3076_1206_694.nii,bin-worker-3.novalocal,139708826900224,10618
flatten,991.8042719364166,991.8666515350342,bigbrain_3076_2412_2082.nii,bin-worker-3.novalocal,139709195040512,10618
calculate_histogram,1202.0877776145935,1852.3672578334808,bigbrain_769_1809_694.nii,bin-worker-7.novalocal,140105012446976,24548
calculate_histogram,363.7328760623932,991.410845041275,bigbrain_0_1809_0.nii,bin-worker-7.novalocal,140105046279936,24548
combine_histogram,1853.9211659431458,1853.9660649299622,all_file,bin-worker-1.novalocal,140252039583488,7575
combine_histogram,1854.0854437351227,1854.1211142539978,all_file,bin-worker-1.novalocal,140252039583488,7575
combine_histogram,1854.157366991043,1854.190863609314,all_file,bin-worker-1.novalocal,140252039583488,7575
combine_histogram,1854.2493159770966,1854.2808940410614,all_file,bin-worker-1.novalocal,140252039583488,7575
combine_histogram,1854.3492279052734,1854.3791086673737,all_file,bin-worker-1.novalocal,140252039583488,7575
combine_histogram,1854.539829492569,1854.5589718818665,all_file,bin-worker-1.novalocal,140252039583488,7575
combine_histogram,1854.6163699626923,1854.6454064846039,all_file,bin-worker-1.novalocal,140252039583488,7575
calculate_histogram,362.89681243896484,986.6804139614105,bigbrain_1538_1809_0.nii,bin-worker-6.novalocal,140094937732864,20183
flatten,994.2673733234406,994.3276345729828,bigbrain_2307_2412_2082.nii,bin-worker-6.novalocal,140095333803776,20183
read_img,944.1768624782562,992.4526672363281,bigbrain_2307_2412_694.nii,bin-worker-8.novalocal,140220607489792,29978
calculate_histogram,363.47049164772034,1001.4379575252533,bigbrain_2307_0_694.nii,bin-worker-2.novalocal,140023088531200,10839
calculate_histogram,1201.4146673679352,1861.0856337547302,bigbrain_769_1206_1388.nii,bin-worker-7.novalocal,140105029494528,24548
calculate_histogram,362.8303999900818,999.6883316040039,bigbrain_0_0_0.nii,bin-worker-4.novalocal,139921419388672,2572
calculate_histogram,363.9433741569519,1000.0627512931824,bigbrain_0_2412_1388.nii,bin-worker-4.novalocal,139921444566784,2572
combine_histogram,1861.797120332718,1861.8337171077728,all_file,bin-worker-5.novalocal,139877948524288,16022
combine_histogram,1861.9269247055054,1861.9590203762054,all_file,bin-worker-5.novalocal,139877948524288,16022
calculate_histogram,912.0402309894562,1432.4506776332855,bigbrain_3076_0_1388.nii,bin-worker-3.novalocal,139709220218624,10618
combine_histogram,1862.013598203659,1862.0482501983643,all_file,bin-worker-5.novalocal,139877948524288,16022
combine_histogram,1862.1227059364319,1862.1523678302765,all_file,bin-worker-5.novalocal,139877948524288,16022
combine_histogram,1862.1883344650269,1862.2189984321594,all_file,bin-worker-5.novalocal,139877948524288,16022
combine_histogram,1862.2630398273468,1862.290120601654,all_file,bin-worker-5.novalocal,139877948524288,16022
combine_histogram,1862.3431856632233,1862.3716206550598,all_file,bin-worker-5.novalocal,139877948524288,16022
read_img,970.1659631729126,1004.0374181270599,bigbrain_2307_1809_694.nii,bin-worker-4.novalocal,139921863862016,2572
calculate_histogram,363.7277526855469,1003.6657145023346,bigbrain_1538_0_1388.nii,bin-worker-7.novalocal,140104576263936,24548
calculate_histogram,361.830114364624,996.4671943187714,bigbrain_0_0_2082.nii,bin-worker-7.novalocal,140105020839680,24548
read_img,933.8966362476349,992.9444763660431,bigbrain_3076_1206_2776.nii,bin-worker-6.novalocal,140094971303680,20183
calculate_histogram,1202.5356087684631,1866.476253271103,bigbrain_769_603_2082.nii,bin-worker-7.novalocal,140104584656640,24548
combine_histogram,1866.848108291626,1866.891633272171,all_file,bin-worker-4.novalocal,139921863862016,2572
combine_histogram,1867.0093760490417,1867.048478603363,all_file,bin-worker-4.novalocal,139921863862016,2572
combine_histogram,1867.1468749046326,1867.1835763454437,all_file,bin-worker-4.novalocal,139921863862016,2572
combine_histogram,1867.4727997779846,1867.506941318512,all_file,bin-worker-4.novalocal,139921863862016,2572
combine_histogram,1867.8305740356445,1867.867905139923,all_file,bin-worker-2.novalocal,140023113709312,10839
combine_histogram,1867.9308886528015,1867.9582254886627,all_file,bin-worker-2.novalocal,140023113709312,10839
combine_histogram,1867.9939215183258,1868.018798828125,all_file,bin-worker-2.novalocal,140023113709312,10839
combine_histogram,1868.2768087387085,1868.3173820972443,all_file,bin-worker-2.novalocal,140023113709312,10839
combine_histogram,1868.4849541187286,1868.5353064537048,all_file,bin-worker-2.novalocal,140023113709312,10839
combine_histogram,1868.581593990326,1868.6087226867676,all_file,bin-worker-2.novalocal,140023113709312,10839
combine_histogram,1868.6748428344727,1868.7061612606049,all_file,bin-worker-2.novalocal,140023113709312,10839
combine_histogram,1869.0419964790344,1869.0746455192566,all_file,bin-worker-2.novalocal,140023096923904,10839
save_histogram,1869.4562437534332,1869.6766638755798,all_file,driver.novalocal,139933490181952,13890
calculate_histogram,361.1538691520691,995.0438425540924,bigbrain_2307_1206_694.nii,bin-worker-6.novalocal,140094962910976,20183
calculate_histogram,363.74788188934326,1009.0110249519348,bigbrain_1538_2412_0.nii,bin-worker-4.novalocal,139921872254720,2572
flatten,1010.532105922699,1010.6213040351868,bigbrain_2307_1809_694.nii,bin-worker-4.novalocal,139921863862016,2572
flatten,1002.9081645011902,1002.9534254074097,bigbrain_3076_0_0.nii,bin-worker-6.novalocal,140094946125568,20183
calculate_histogram,911.8963270187378,1449.2805850505829,bigbrain_2307_2412_2776.nii,bin-worker-3.novalocal,139709203433216,10618
calculate_histogram,363.74870586395264,1017.6418912410736,bigbrain_2307_1206_2776.nii,bin-worker-7.novalocal,140105029494528,24548
read_img,974.1160871982574,1024.185840845108,bigbrain_2307_603_2776.nii,bin-worker-1.novalocal,140252081547008,7575
calculate_histogram,1132.6140928268433,1458.9163904190063,bigbrain_2307_2412_1388.nii,bin-worker-7.novalocal,140105037887232,24548
read_img,993.1315634250641,1030.8625628948212,bigbrain_769_0_0.nii,bin-worker-3.novalocal,139709211825920,10618
calculate_histogram,934.2669205665588,1460.9452550411224,bigbrain_3076_0_694.nii,bin-worker-5.novalocal,139877923346176,16022
calculate_histogram,363.83366680145264,1031.1994981765747,bigbrain_2307_1206_0.nii,bin-worker-5.novalocal,139877940131584,16022
flatten,1032.8516464233398,1032.9376502037048,bigbrain_769_0_0.nii,bin-worker-3.novalocal,139709211825920,10618
flatten,1035.2253794670105,1035.2934474945068,bigbrain_2307_603_2776.nii,bin-worker-1.novalocal,140252081547008,7575
calculate_histogram,364.33192467689514,1013.5668640136719,bigbrain_1538_603_0.nii,bin-worker-8.novalocal,140220599097088,29978
flatten,1023.3248772621155,1023.4317820072174,bigbrain_2307_2412_694.nii,bin-worker-8.novalocal,140220607489792,29978
read_img,1004.595587015152,1041.9824562072754,bigbrain_2307_603_0.nii,bin-worker-2.novalocal,140023088531200,10839
read_img,970.3142759799957,1031.5077011585236,bigbrain_2307_2412_1388.nii,bin-worker-7.novalocal,140105037887232,24548
flatten,1043.2784855365753,1043.5184109210968,bigbrain_2307_603_0.nii,bin-worker-2.novalocal,140023088531200,10839
read_img,991.6488265991211,1044.9830451011658,bigbrain_3076_1206_1388.nii,bin-worker-1.novalocal,140252047976192,7575
flatten,1045.7998142242432,1045.9079480171204,bigbrain_3076_1206_1388.nii,bin-worker-1.novalocal,140252047976192,7575
calculate_histogram,361.8387203216553,1032.8545019626617,bigbrain_1538_2412_2082.nii,bin-worker-7.novalocal,140105012446976,24548
calculate_histogram,362.81450152397156,1044.0384039878845,bigbrain_1538_1206_694.nii,bin-worker-7.novalocal,140104584656640,24548
calculate_histogram,992.7145757675171,1487.6391124725342,bigbrain_3076_2412_2082.nii,bin-worker-3.novalocal,139709195040512,10618
calculate_histogram,364.2363066673279,1050.9791893959045,bigbrain_0_603_1388.nii,bin-worker-8.novalocal,140220590704384,29978
read_img,961.8091850280762,1055.1833171844482,bigbrain_3076_0_2082.nii,bin-worker-8.novalocal,140221034555136,29978
read_img,967.1566805839539,1063.0352683067322,bigbrain_3076_1809_0.nii,bin-worker-8.novalocal,140220573918976,29978
read_img,1037.2544722557068,1067.7682809829712,bigbrain_3076_603_0.nii,bin-worker-5.novalocal,139877940131584,16022
flatten,1068.5787990093231,1068.6695795059204,bigbrain_3076_603_0.nii,bin-worker-5.novalocal,139877940131584,16022
calculate_histogram,361.211443901062,1065.8042604923248,bigbrain_0_603_694.nii,bin-worker-4.novalocal,139921427781376,2572
flatten,1072.917380809784,1073.0404555797577,bigbrain_3076_0_2082.nii,bin-worker-8.novalocal,140221034555136,29978
calculate_histogram,361.5655674934387,1073.9743027687073,bigbrain_1538_603_2776.nii,bin-worker-4.novalocal,139921402603264,2572
flatten,1075.8718421459198,1075.959895849228,bigbrain_3076_1809_0.nii,bin-worker-8.novalocal,140220573918976,29978
read_img,982.1161589622498,1074.1692502498627,bigbrain_2307_603_694.nii,bin-worker-7.novalocal,140105004054272,24548
flatten,1061.2325103282928,1061.3061327934265,bigbrain_3076_1206_2776.nii,bin-worker-6.novalocal,140094971303680,20183
read_img,1004.5459423065186,1081.317975282669,bigbrain_2307_603_2082.nii,bin-worker-4.novalocal,139921444566784,2572
calculate_histogram,364.52938628196716,1076.9308860301971,bigbrain_2307_1809_1388.nii,bin-worker-8.novalocal,140221042947840,29978
read_img,1004.6458492279053,1082.8085598945618,bigbrain_3076_1206_0.nii,bin-worker-4.novalocal,139921419388672,2572
flatten,1075.6392781734467,1075.719492673874,bigbrain_2307_2412_1388.nii,bin-worker-7.novalocal,140105037887232,24548
read_img,992.7390949726105,1082.3094074726105,bigbrain_3076_2412_2776.nii,bin-worker-8.novalocal,140220582311680,29978
calculate_histogram,1034.0160238742828,1518.9682421684265,bigbrain_769_0_0.nii,bin-worker-3.novalocal,139709211825920,10618
calculate_histogram,364.47887110710144,1084.3621754646301,bigbrain_1538_1809_2082.nii,bin-worker-8.novalocal,140220615882496,29978
read_img,975.286111831665,1084.7057130336761,bigbrain_3076_2412_1388.nii,bin-worker-6.novalocal,140094954518272,20183
calculate_histogram,1071.060403585434,1528.250637769699,bigbrain_3076_0_0.nii,bin-worker-6.novalocal,140094946125568,20183
flatten,1090.435097694397,1090.5151031017303,bigbrain_2307_603_2082.nii,bin-worker-4.novalocal,139921444566784,2572
read_img,987.702522277832,1101.2013540267944,bigbrain_3076_603_694.nii,bin-worker-6.novalocal,140094988089088,20183
calculate_histogram,974.2668843269348,1533.9051632881165,bigbrain_2307_2412_0.nii,bin-worker-1.novalocal,140251485959936,7575
flatten,1100.1672823429108,1100.2517936229706,bigbrain_3076_1206_0.nii,bin-worker-4.novalocal,139921419388672,2572
flatten,1103.121256351471,1103.2352709770203,bigbrain_3076_2412_2776.nii,bin-worker-8.novalocal,140220582311680,29978
read_img,993.0985105037689,1104.3666310310364,bigbrain_769_1206_2082.nii,bin-worker-6.novalocal,140094979696384,20183
calculate_histogram,363.72971415519714,1109.0619456768036,bigbrain_0_1809_2082.nii,bin-worker-3.novalocal,139709228611328,10618
read_img,1032.3406610488892,1106.5417416095734,bigbrain_3076_1809_2776.nii,bin-worker-4.novalocal,139921872254720,2572
flatten,1108.5300896167755,1108.5753014087677,bigbrain_3076_2412_1388.nii,bin-worker-6.novalocal,140094954518272,20183
calculate_histogram,363.8967535495758,1109.0795092582703,bigbrain_2307_1206_1388.nii,bin-worker-4.novalocal,139921410995968,2572
flatten,1114.287073135376,1114.3645956516266,bigbrain_3076_603_694.nii,bin-worker-6.novalocal,140094988089088,20183
flatten,1120.5134670734406,1120.5814933776855,bigbrain_769_1206_2082.nii,bin-worker-6.novalocal,140094979696384,20183
flatten,1123.547375679016,1123.6009805202484,bigbrain_3076_1809_2776.nii,bin-worker-4.novalocal,139921872254720,2572
read_img,1029.4659485816956,1125.0658831596375,bigbrain_769_2412_0.nii,bin-worker-6.novalocal,140094937732864,20183
read_img,1056.199639081955,1119.759577512741,bigbrain_769_0_1388.nii,bin-worker-8.novalocal,140220599097088,29978
read_img,1050.5125663280487,1129.9999537467957,bigbrain_769_603_2776.nii,bin-worker-6.novalocal,140094962910976,20183
flatten,1130.3561837673187,1130.4233448505402,bigbrain_769_2412_0.nii,bin-worker-6.novalocal,140094937732864,20183
flatten,1130.7789318561554,1130.8377404212952,bigbrain_769_603_2776.nii,bin-worker-6.novalocal,140094962910976,20183
flatten,1106.844825744629,1106.9036688804626,bigbrain_2307_603_694.nii,bin-worker-7.novalocal,140105004054272,24548
calculate_histogram,1044.6918315887451,1563.9406542778015,bigbrain_2307_603_0.nii,bin-worker-2.novalocal,140023088531200,10839
calculate_histogram,363.71357440948486,1134.4009869098663,bigbrain_1538_2412_694.nii,bin-worker-3.novalocal,139708843685632,10618
calculate_histogram,364.049875497818,1135.0924890041351,bigbrain_0_1206_2082.nii,bin-worker-5.novalocal,139877914953472,16022
calculate_histogram,973.2872242927551,1565.0407133102417,bigbrain_3076_1809_2082.nii,bin-worker-5.novalocal,139877906560768,16022
calculate_histogram,1069.6621987819672,1565.1089663505554,bigbrain_3076_603_0.nii,bin-worker-5.novalocal,139877940131584,16022
read_img,1068.2391617298126,1134.2117393016815,bigbrain_769_1206_694.nii,bin-worker-8.novalocal,140220590704384,29978
read_img,1111.0387690067291,1137.8745748996735,bigbrain_769_1206_2776.nii,bin-worker-3.novalocal,139709228611328,10618
calculate_histogram,909.0918905735016,1568.2261352539062,bigbrain_2307_603_1388.nii,bin-worker-5.novalocal,139877931738880,16022
calculate_histogram,363.9603531360626,1130.9366521835327,bigbrain_1538_1206_2082.nii,bin-worker-4.novalocal,139921436174080,2572
calculate_histogram,361.8922543525696,1139.732254743576,bigbrain_0_603_2082.nii,bin-worker-2.novalocal,140023071745792,10839
flatten,1138.8371255397797,1139.130927324295,bigbrain_769_1206_2776.nii,bin-worker-3.novalocal,139709228611328,10618
read_img,1083.7272610664368,1143.9752457141876,bigbrain_3076_603_1388.nii,bin-worker-4.novalocal,139921427781376,2572
flatten,1138.4813079833984,1138.580313205719,bigbrain_769_0_1388.nii,bin-worker-8.novalocal,140220599097088,29978
calculate_histogram,1087.8618006706238,1577.8881797790527,bigbrain_3076_0_2082.nii,bin-worker-8.novalocal,140221034555136,29978
read_img,1014.696661233902,1136.3460693359375,bigbrain_3076_1206_2082.nii,bin-worker-7.novalocal,140105046279936,24548
read_img,1085.672528743744,1147.9645614624023,bigbrain_769_0_694.nii,bin-worker-4.novalocal,139921402603264,2572
calculate_histogram,361.0937399864197,1150.3990726470947,bigbrain_1538_1809_2776.nii,bin-worker-2.novalocal,140023113709312,10839
calculate_histogram,361.2826943397522,1153.0914537906647,bigbrain_1538_603_2082.nii,bin-worker-5.novalocal,139877948524288,16022
flatten,1152.962870836258,1153.0908961296082,bigbrain_3076_603_1388.nii,bin-worker-4.novalocal,139921427781376,2572
flatten,1153.9706625938416,1154.0830101966858,bigbrain_769_1206_694.nii,bin-worker-8.novalocal,140220590704384,29978
flatten,1159.7100105285645,1159.7841081619263,bigbrain_769_0_694.nii,bin-worker-4.novalocal,139921402603264,2572
calculate_histogram,364.0810191631317,1164.6065230369568,bigbrain_1538_1809_694.nii,bin-worker-5.novalocal,139877479868160,16022
read_img,1098.117201089859,1169.0531175136566,bigbrain_769_2412_2082.nii,bin-worker-8.novalocal,140221042947840,29978
read_img,1138.617131471634,1172.7371850013733,bigbrain_769_2412_1388.nii,bin-worker-3.novalocal,139708843685632,10618
calculate_histogram,363.8425052165985,1173.9900324344635,bigbrain_1538_2412_1388.nii,bin-worker-1.novalocal,140252056368896,7575
flatten,1175.12264418602,1175.2124872207642,bigbrain_769_2412_1388.nii,bin-worker-3.novalocal,139708843685632,10618
read_img,1111.6178381443024,1176.1918232440948,bigbrain_3076_2412_694.nii,bin-worker-8.novalocal,140220615882496,29978
flatten,1176.191519021988,1176.3039541244507,bigbrain_769_2412_2082.nii,bin-worker-8.novalocal,140221042947840,29978
flatten,1177.4792535305023,1177.674045085907,bigbrain_3076_2412_694.nii,bin-worker-8.novalocal,140220615882496,29978
read_img,1027.3553762435913,1170.330523967743,bigbrain_3076_2412_0.nii,bin-worker-7.novalocal,140104576263936,24548
read_img,1138.4548103809357,1178.8452327251434,bigbrain_769_0_2776.nii,bin-worker-5.novalocal,139877914953472,16022
calculate_histogram,1092.0380923748016,1611.8869378566742,bigbrain_3076_1809_0.nii,bin-worker-8.novalocal,140220573918976,29978
calculate_histogram,361.21944403648376,1177.0894210338593,bigbrain_0_1809_694.nii,bin-worker-2.novalocal,140023080138496,10839
read_img,1034.3556587696075,1170.7635221481323,bigbrain_3076_603_2776.nii,bin-worker-7.novalocal,140105020839680,24548
flatten,1179.3560047149658,1179.4405381679535,bigbrain_3076_1206_2082.nii,bin-worker-7.novalocal,140105046279936,24548
read_img,1046.9352560043335,1177.6296305656433,bigbrain_769_1206_1388.nii,bin-worker-7.novalocal,140105029494528,24548
read_img,1141.9772174358368,1185.4957263469696,bigbrain_3076_0_2776.nii,bin-worker-2.novalocal,140023071745792,10839
calculate_histogram,363.34096002578735,1191.265960931778,bigbrain_1538_1809_1388.nii,bin-worker-3.novalocal,139708835292928,10618
calculate_histogram,1058.9264118671417,1621.4884316921234,bigbrain_2307_2412_694.nii,bin-worker-8.novalocal,140220607489792,29978
read_img,1128.7282030582428,1191.1366610527039,bigbrain_769_1809_2082.nii,bin-worker-4.novalocal,139921410995968,2572
flatten,1190.505304813385,1190.5728056430817,bigbrain_769_0_2776.nii,bin-worker-5.novalocal,139877914953472,16022
flatten,1193.1396689414978,1193.2265906333923,bigbrain_3076_0_2776.nii,bin-worker-2.novalocal,140023071745792,10839
calculate_histogram,991.9026479721069,1623.985782623291,bigbrain_3076_1206_694.nii,bin-worker-3.novalocal,139708826900224,10618
flatten,1194.291265487671,1194.3593845367432,bigbrain_3076_2412_0.nii,bin-worker-7.novalocal,140104576263936,24548
read_img,1080.3084967136383,1195.9599866867065,bigbrain_769_1809_694.nii,bin-worker-7.novalocal,140105012446976,24548
flatten,1197.1463692188263,1197.253345489502,bigbrain_3076_603_2776.nii,bin-worker-7.novalocal,140105020839680,24548
read_img,1090.1105613708496,1199.9832725524902,bigbrain_769_603_2082.nii,bin-worker-7.novalocal,140104584656640,24548
flatten,1200.005907535553,1200.070719718933,bigbrain_769_1206_1388.nii,bin-worker-7.novalocal,140105029494528,24548
flatten,1200.5049586296082,1200.5962779521942,bigbrain_769_1809_694.nii,bin-worker-7.novalocal,140105012446976,24548
flatten,1201.3043236732483,1201.378515958786,bigbrain_769_603_2082.nii,bin-worker-7.novalocal,140104584656640,24548
flatten,1198.709103345871,1198.871550321579,bigbrain_769_1809_2082.nii,bin-worker-4.novalocal,139921410995968,2572
read_img,1151.2907683849335,1202.1303980350494,bigbrain_769_603_0.nii,bin-worker-4.novalocal,139921436174080,2572
flatten,1203.8212649822235,1203.9442698955536,bigbrain_769_603_0.nii,bin-worker-4.novalocal,139921436174080,2572
read_img,1176.9610223770142,1205.5952105522156,bigbrain_3076_1809_694.nii,bin-worker-1.novalocal,140252056368896,7575
flatten,1206.4920728206635,1206.6065385341644,bigbrain_3076_1809_694.nii,bin-worker-1.novalocal,140252056368896,7575
calculate_histogram,363.0627472400665,1199.9119000434875,bigbrain_1538_1206_1388.nii,bin-worker-5.novalocal,139877488260864,16022
calculate_histogram,1201.4004724025726,1638.3351511955261,bigbrain_3076_0_2776.nii,bin-worker-2.novalocal,140023071745792,10839
read_img,1162.2271921634674,1208.6943063735962,bigbrain_3076_1809_1388.nii,bin-worker-2.novalocal,140023113709312,10839
calculate_histogram,1127.3498167991638,1640.9736328125,bigbrain_3076_2412_2776.nii,bin-worker-8.novalocal,140220582311680,29978
read_img,1161.4359085559845,1212.294911146164,bigbrain_769_1809_1388.nii,bin-worker-5.novalocal,139877948524288,16022
flatten,1213.9482176303864,1214.030011177063,bigbrain_3076_1809_1388.nii,bin-worker-2.novalocal,140023113709312,10839
flatten,1215.6266672611237,1215.903100013733,bigbrain_769_1809_1388.nii,bin-worker-5.novalocal,139877948524288,16022
read_img,1194.6779808998108,1216.576092004776,bigbrain_769_603_694.nii,bin-worker-3.novalocal,139708835292928,10618
read_img,0.5145769119262695,350.02130484580994,bigbrain_1538_0_1388.nii,bin-worker-7.novalocal,140104576263936,24548
read_img,0.5163004398345947,351.2894957065582,bigbrain_1538_0_2776.nii,bin-worker-3.novalocal,139709203433216,10618
read_img,0.5125257968902588,332.44381403923035,bigbrain_0_1206_2082.nii,bin-worker-5.novalocal,139877914953472,16022
read_img,0.5131239891052246,349.8985538482666,bigbrain_1538_1809_694.nii,bin-worker-5.novalocal,139877479868160,16022
read_img,0.517491340637207,355.6211142539978,bigbrain_1538_1809_2776.nii,bin-worker-2.novalocal,140023113709312,10839
read_img,0.5171592235565186,343.0209221839905,bigbrain_0_1206_1388.nii,bin-worker-2.novalocal,140023105316608,10839
read_img,0.5172474384307861,333.48887634277344,bigbrain_0_1809_694.nii,bin-worker-2.novalocal,140023080138496,10839
read_img,0.517333984375,330.5306034088135,bigbrain_0_603_2082.nii,bin-worker-2.novalocal,140023071745792,10839
read_img,0.5174059867858887,350.88625597953796,bigbrain_1538_1206_0.nii,bin-worker-2.novalocal,140022510515968,10839
read_img,0.5101008415222168,354.52888560295105,bigbrain_1538_2412_0.nii,bin-worker-4.novalocal,139921872254720,2572
read_img,0.5095503330230713,341.7887556552887,bigbrain_0_0_0.nii,bin-worker-4.novalocal,139921419388672,2572
read_img,0.5099048614501953,357.1969223022461,bigbrain_0_603_694.nii,bin-worker-4.novalocal,139921427781376,2572
read_img,0.5097994804382324,329.1641538143158,bigbrain_0_2412_1388.nii,bin-worker-4.novalocal,139921444566784,2572
read_img,0.510244607925415,332.2198760509491,bigbrain_1538_603_2776.nii,bin-worker-4.novalocal,139921402603264,2572
read_img,0.5096824169158936,349.832825422287,bigbrain_0_1206_2776.nii,bin-worker-4.novalocal,139921863862016,2572
read_img,0.5105667114257812,358.42128252983093,bigbrain_2307_1206_1388.nii,bin-worker-4.novalocal,139921410995968,2572
read_img,0.5100240707397461,358.4231495857239,bigbrain_1538_1206_2082.nii,bin-worker-4.novalocal,139921436174080,2572
read_img,0.5129609107971191,335.41998624801636,bigbrain_1538_1206_1388.nii,bin-worker-5.novalocal,139877488260864,16022
read_img,0.5133256912231445,357.62350821495056,bigbrain_1538_603_2082.nii,bin-worker-5.novalocal,139877948524288,16022
read_img,0.5126724243164062,354.7858192920685,bigbrain_0_2412_0.nii,bin-worker-5.novalocal,139877931738880,16022
read_img,0.5135660171508789,341.92514991760254,bigbrain_2307_1809_2776.nii,bin-worker-5.novalocal,139877906560768,16022
read_img,0.5134091377258301,358.4380030632019,bigbrain_2307_1206_0.nii,bin-worker-5.novalocal,139877940131584,16022
read_img,0.5128576755523682,358.4394543170929,bigbrain_0_603_2776.nii,bin-worker-5.novalocal,139877923346176,16022
read_img,1180.1159262657166,1217.3866727352142,bigbrain_769_2412_694.nii,bin-worker-5.novalocal,139877479868160,16022
read_img,0.5156934261322021,350.1393630504608,bigbrain_0_2412_694.nii,bin-worker-6.novalocal,140094946125568,20183
read_img,0.5144681930541992,332.8847348690033,bigbrain_0_2412_2776.nii,bin-worker-7.novalocal,140105037887232,24548
read_img,0.514298677444458,332.8008372783661,bigbrain_0_0_2082.nii,bin-worker-7.novalocal,140105020839680,24548
read_img,0.5147597789764404,354.8163778781891,bigbrain_1538_2412_2082.nii,bin-worker-7.novalocal,140105012446976,24548
read_img,0.514693021774292,357.63141775131226,bigbrain_1538_1206_694.nii,bin-worker-7.novalocal,140104584656640,24548
read_img,0.5176241397857666,358.4685106277466,bigbrain_2307_0_694.nii,bin-worker-2.novalocal,140023088531200,10839
read_img,0.5163331031799316,339.1056134700775,bigbrain_2307_1206_694.nii,bin-worker-6.novalocal,140094962910976,20183
read_img,0.5160739421844482,357.67128443717957,bigbrain_1538_2412_2776.nii,bin-worker-6.novalocal,140094988089088,20183
read_img,0.5143861770629883,342.04556345939636,bigbrain_0_1809_0.nii,bin-worker-7.novalocal,140105046279936,24548
read_img,0.5149171352386475,358.4626154899597,bigbrain_2307_1206_2776.nii,bin-worker-7.novalocal,140105029494528,24548
read_img,0.5148382186889648,358.5474953651428,bigbrain_2307_0_0.nii,bin-worker-7.novalocal,140105004054272,24548
read_img,0.5155303478240967,334.46905279159546,bigbrain_0_1809_1388.nii,bin-worker-6.novalocal,140094979696384,20183
read_img,0.5153603553771973,342.0793731212616,bigbrain_0_0_2776.nii,bin-worker-6.novalocal,140094971303680,20183
read_img,0.5159480571746826,354.8259015083313,bigbrain_1538_1809_0.nii,bin-worker-6.novalocal,140094937732864,20183
read_img,0.5158495903015137,358.60842967033386,bigbrain_1538_0_2082.nii,bin-worker-6.novalocal,140094954518272,20183
read_img,0.5161905288696289,358.6089391708374,bigbrain_2307_0_1388.nii,bin-worker-6.novalocal,140095333803776,20183
flatten,358.63696575164795,358.680291891098,bigbrain_0_603_694.nii,bin-worker-4.novalocal,139921427781376,2572
flatten,358.66719818115234,358.7254364490509,bigbrain_1538_603_2082.nii,bin-worker-5.novalocal,139877948524288,16022
read_img,0.5175578594207764,358.46863079071045,bigbrain_1538_603_1388.nii,bin-worker-2.novalocal,140023096923904,10839
read_img,0.5176794528961182,358.73520016670227,bigbrain_2307_1809_2082.nii,bin-worker-2.novalocal,140023063353088,10839
flatten,358.7375650405884,358.7922112941742,bigbrain_1538_1809_2776.nii,bin-worker-2.novalocal,140023113709312,10839
read_img,0.512056827545166,350.7946319580078,bigbrain_1538_0_0.nii,bin-worker-1.novalocal,140251485959936,7575
read_img,0.5116479396820068,334.8760712146759,bigbrain_0_0_1388.nii,bin-worker-1.novalocal,140252047976192,7575
read_img,0.512176513671875,355.45026326179504,bigbrain_1538_1206_2776.nii,bin-worker-1.novalocal,140252089939712,7575
flatten,358.84624576568604,358.91437458992004,bigbrain_0_2412_2776.nii,bin-worker-7.novalocal,140105037887232,24548
flatten,358.8454382419586,358.9573435783386,bigbrain_0_1809_694.nii,bin-worker-2.novalocal,140023080138496,10839
read_img,0.5162217617034912,333.70824122428894,bigbrain_0_603_0.nii,bin-worker-3.novalocal,139709220218624,10618
read_img,0.5163965225219727,356.1457414627075,bigbrain_1538_1809_1388.nii,bin-worker-3.novalocal,139708835292928,10618
flatten,358.9386103153229,358.97771549224854,bigbrain_1538_603_2776.nii,bin-worker-4.novalocal,139921402603264,2572
flatten,358.87757110595703,358.9883098602295,bigbrain_0_1206_1388.nii,bin-worker-2.novalocal,140023105316608,10839
read_img,0.5160112380981445,330.6672730445862,bigbrain_0_0_694.nii,bin-worker-3.novalocal,139709195040512,10618
flatten,358.97479009628296,359.0203466415405,bigbrain_2307_1206_694.nii,bin-worker-6.novalocal,140094962910976,20183
read_img,0.51611328125,343.3312051296234,bigbrain_0_1809_2082.nii,bin-worker-3.novalocal,139709228611328,10618
flatten,359.1017816066742,359.143572807312,bigbrain_0_2412_0.nii,bin-worker-5.novalocal,139877931738880,16022
flatten,359.103657245636,359.16260957717896,bigbrain_0_0_2082.nii,bin-worker-7.novalocal,140105020839680,24548
flatten,359.1978921890259,359.2357807159424,bigbrain_0_1206_2776.nii,bin-worker-4.novalocal,139921863862016,2572
flatten,359.19974756240845,359.2577612400055,bigbrain_0_603_2082.nii,bin-worker-2.novalocal,140023071745792,10839
flatten,359.479775428772,359.5245831012726,bigbrain_0_0_2776.nii,bin-worker-6.novalocal,140094971303680,20183
read_img,0.5118465423583984,342.60814905166626,bigbrain_0_2412_2082.nii,bin-worker-1.novalocal,140252081547008,7575
read_img,0.511744499206543,339.6554026603699,bigbrain_0_1206_694.nii,bin-worker-1.novalocal,140252073154304,7575
read_img,0.5122406482696533,358.1404983997345,bigbrain_1538_2412_1388.nii,bin-worker-1.novalocal,140252056368896,7575
flatten,359.55855107307434,359.59828758239746,bigbrain_1538_1206_1388.nii,bin-worker-5.novalocal,139877488260864,16022
read_img,0.5123341083526611,359.52926683425903,bigbrain_1538_603_694.nii,bin-worker-1.novalocal,140252039583488,7575
read_img,0.5124013423919678,359.6363317966461,bigbrain_2307_1206_2082.nii,bin-worker-1.novalocal,140252064761600,7575
flatten,359.6034245491028,359.66187858581543,bigbrain_1538_2412_2082.nii,bin-worker-7.novalocal,140105012446976,24548
flatten,359.75876212120056,359.79844522476196,bigbrain_0_0_0.nii,bin-worker-4.novalocal,139921419388672,2572
flatten,359.76066637039185,359.8146584033966,bigbrain_1538_1206_0.nii,bin-worker-2.novalocal,140022510515968,10839
read_img,0.5164730548858643,359.1474459171295,bigbrain_1538_2412_694.nii,bin-worker-3.novalocal,139708843685632,10618
read_img,0.5166149139404297,359.05526518821716,bigbrain_2307_0_2082.nii,bin-worker-3.novalocal,139708826900224,10618
read_img,1194.1234712600708,1218.7892563343048,bigbrain_769_0_2082.nii,bin-worker-2.novalocal,140023080138496,10839
flatten,359.8033425807953,359.8457317352295,bigbrain_1538_0_0.nii,bin-worker-1.novalocal,140251485959936,7575
flatten,359.82015681266785,359.8667244911194,bigbrain_2307_1809_2776.nii,bin-worker-5.novalocal,139877906560768,16022
flatten,359.80610847473145,359.8514392375946,bigbrain_0_2412_694.nii,bin-worker-6.novalocal,140094946125568,20183
flatten,359.82079696655273,359.886732339859,bigbrain_1538_1206_694.nii,bin-worker-7.novalocal,140104584656640,24548
read_img,0.516754150390625,359.92965483665466,bigbrain_2307_1809_0.nii,bin-worker-3.novalocal,139709211825920,10618
flatten,359.86816239356995,359.95403146743774,bigbrain_0_0_1388.nii,bin-worker-1.novalocal,140252047976192,7575
flatten,359.8767714500427,359.95745611190796,bigbrain_0_2412_1388.nii,bin-worker-4.novalocal,139921444566784,2572
flatten,359.87624621391296,359.9438462257385,bigbrain_1538_603_1388.nii,bin-worker-2.novalocal,140023096923904,10839
flatten,359.9294662475586,359.9795546531677,bigbrain_1538_0_2776.nii,bin-worker-3.novalocal,139709203433216,10618
flatten,1218.7197177410126,1218.9064865112305,bigbrain_769_2412_694.nii,bin-worker-5.novalocal,139877479868160,16022
flatten,1218.5649049282074,1218.7775990962982,bigbrain_769_603_694.nii,bin-worker-3.novalocal,139708835292928,10618
flatten,359.9378478527069,359.99468207359314,bigbrain_1538_1809_0.nii,bin-worker-6.novalocal,140094937732864,20183
flatten,360.1219890117645,360.1616282463074,bigbrain_1538_1809_694.nii,bin-worker-5.novalocal,139877479868160,16022
flatten,360.06487131118774,360.1718490123749,bigbrain_0_0_694.nii,bin-worker-3.novalocal,139709195040512,10618
flatten,360.0666365623474,360.19029450416565,bigbrain_1538_1809_1388.nii,bin-worker-3.novalocal,139708835292928,10618
flatten,360.1233582496643,360.18092799186707,bigbrain_0_1809_1388.nii,bin-worker-6.novalocal,140094979696384,20183
flatten,360.2195339202881,360.2755799293518,bigbrain_1538_2412_2776.nii,bin-worker-6.novalocal,140094988089088,20183
flatten,360.29641127586365,360.3552975654602,bigbrain_1538_0_1388.nii,bin-worker-7.novalocal,140104576263936,24548
flatten,1219.3120172023773,1219.3766448497772,bigbrain_769_0_2082.nii,bin-worker-2.novalocal,140023080138496,10839
flatten,360.3970763683319,360.45050621032715,bigbrain_1538_1206_2776.nii,bin-worker-1.novalocal,140252089939712,7575
flatten,360.39896059036255,360.4560568332672,bigbrain_2307_1809_2082.nii,bin-worker-2.novalocal,140023063353088,10839
flatten,360.5042173862457,360.5424301624298,bigbrain_1538_2412_0.nii,bin-worker-4.novalocal,139921872254720,2572
flatten,360.51504397392273,360.56027364730835,bigbrain_2307_1206_0.nii,bin-worker-5.novalocal,139877940131584,16022
flatten,360.5059642791748,360.5531208515167,bigbrain_0_603_0.nii,bin-worker-3.novalocal,139709220218624,10618
flatten,360.5785894393921,360.62486815452576,bigbrain_2307_0_1388.nii,bin-worker-6.novalocal,140095333803776,20183
flatten,360.57902550697327,360.6350927352905,bigbrain_0_1809_0.nii,bin-worker-7.novalocal,140105046279936,24548
flatten,360.6916227340698,360.74472522735596,bigbrain_0_2412_2082.nii,bin-worker-1.novalocal,140252081547008,7575
flatten,360.69365644454956,360.7475926876068,bigbrain_2307_0_694.nii,bin-worker-2.novalocal,140023088531200,10839
flatten,360.92556142807007,360.9631464481354,bigbrain_2307_1206_1388.nii,bin-worker-4.novalocal,139921410995968,2572
flatten,360.92766523361206,360.98833322525024,bigbrain_0_1809_2082.nii,bin-worker-3.novalocal,139709228611328,10618
flatten,361.07676458358765,361.12143445014954,bigbrain_0_1206_2082.nii,bin-worker-5.novalocal,139877914953472,16022
flatten,361.07916951179504,361.1252410411835,bigbrain_1538_0_2082.nii,bin-worker-6.novalocal,140094954518272,20183
flatten,361.09375739097595,361.14091539382935,bigbrain_0_1206_694.nii,bin-worker-1.novalocal,140252073154304,7575
flatten,361.12870383262634,361.1781075000763,bigbrain_1538_1206_2082.nii,bin-worker-4.novalocal,139921436174080,2572
flatten,361.09658193588257,361.20116662979126,bigbrain_2307_1206_2776.nii,bin-worker-7.novalocal,140105029494528,24548
flatten,361.13069248199463,361.1869339942932,bigbrain_1538_2412_694.nii,bin-worker-3.novalocal,139708843685632,10618
flatten,361.1737859249115,361.2766218185425,bigbrain_1538_2412_1388.nii,bin-worker-1.novalocal,140252056368896,7575
flatten,361.1540718078613,361.2806522846222,bigbrain_0_603_2776.nii,bin-worker-5.novalocal,139877923346176,16022
flatten,361.1648123264313,361.25142216682434,bigbrain_2307_0_0.nii,bin-worker-7.novalocal,140105004054272,24548
flatten,361.2852885723114,361.37182688713074,bigbrain_2307_0_2082.nii,bin-worker-3.novalocal,139708826900224,10618
flatten,361.46380066871643,361.50219345092773,bigbrain_1538_603_694.nii,bin-worker-1.novalocal,140252039583488,7575
flatten,361.5683026313782,361.61960911750793,bigbrain_2307_1809_0.nii,bin-worker-3.novalocal,139709211825920,10618
flatten,361.83427691459656,361.871150970459,bigbrain_2307_1206_2082.nii,bin-worker-1.novalocal,140252064761600,7575
read_img,0.5156970024108887,362.8027982711792,bigbrain_2307_0_2776.nii,bin-worker-8.novalocal,140220573918976,29978
read_img,0.5151910781860352,362.80264830589294,bigbrain_0_1809_2776.nii,bin-worker-8.novalocal,140220607489792,29978
read_img,0.5152580738067627,361.84993386268616,bigbrain_0_603_1388.nii,bin-worker-8.novalocal,140220590704384,29978
read_img,0.515451192855835,362.9257984161377,bigbrain_1538_1809_2082.nii,bin-worker-8.novalocal,140220615882496,29978
read_img,0.5155587196350098,363.01756858825684,bigbrain_1538_603_0.nii,bin-worker-8.novalocal,140220599097088,29978
read_img,0.5153603553771973,362.92564845085144,bigbrain_1538_0_694.nii,bin-worker-8.novalocal,140221034555136,29978
read_img,0.5150284767150879,363.0174038410187,bigbrain_0_1206_0.nii,bin-worker-8.novalocal,140220582311680,29978
read_img,0.5157794952392578,363.10020637512207,bigbrain_2307_1809_1388.nii,bin-worker-8.novalocal,140221042947840,29978
flatten,363.3465898036957,363.5981755256653,bigbrain_0_603_1388.nii,bin-worker-8.novalocal,140220590704384,29978
flatten,363.4972267150879,363.63600730895996,bigbrain_0_1809_2776.nii,bin-worker-8.novalocal,140220607489792,29978
flatten,363.45713996887207,363.6729552745819,bigbrain_1538_0_694.nii,bin-worker-8.novalocal,140221034555136,29978
flatten,363.3982138633728,363.6544313430786,bigbrain_1538_603_0.nii,bin-worker-8.novalocal,140220599097088,29978
flatten,363.6926989555359,363.81214785575867,bigbrain_2307_0_2776.nii,bin-worker-8.novalocal,140220573918976,29978
flatten,363.9221796989441,364.12480902671814,bigbrain_0_1206_0.nii,bin-worker-8.novalocal,140220582311680,29978
flatten,363.95658254623413,364.14020562171936,bigbrain_1538_1809_2082.nii,bin-worker-8.novalocal,140220615882496,29978
flatten,364.0681240558624,364.23373794555664,bigbrain_2307_1809_1388.nii,bin-worker-8.novalocal,140221042947840,29978
calculate_histogram,1103.6255419254303,1655.5039126873016,bigbrain_3076_1206_2776.nii,bin-worker-6.novalocal,140094971303680,20183
calculate_histogram,363.40907859802246,1226.0074274539948,bigbrain_1538_1206_2776.nii,bin-worker-1.novalocal,140252089939712,7575
calculate_histogram,1043.2089762687683,1659.7324924468994,bigbrain_2307_603_2776.nii,bin-worker-1.novalocal,140252081547008,7575
read_img,1222.9595775604248,1230.719976902008,bigbrain_769_1206_0.nii,bin-worker-5.novalocal,139877488260864,16022
calculate_histogram,1176.5274276733398,1661.4469141960144,bigbrain_769_2412_1388.nii,bin-worker-3.novalocal,139708843685632,10618
flatten,1231.9145183563232,1231.9973211288452,bigbrain_769_1206_0.nii,bin-worker-5.novalocal,139877488260864,16022
calculate_histogram,363.8171491622925,1234.4350299835205,bigbrain_0_1206_694.nii,bin-worker-1.novalocal,140252073154304,7575
read_img,1229.0259404182434,1235.84947514534,bigbrain_3076_603_2082.nii,bin-worker-1.novalocal,140252089939712,7575
flatten,1236.2984330654144,1236.4165170192719,bigbrain_3076_603_2082.nii,bin-worker-1.novalocal,140252089939712,7575
calculate_histogram,1146.3904123306274,1667.88432097435,bigbrain_769_1206_2776.nii,bin-worker-3.novalocal,139709228611328,10618
read_img,1236.396024465561,1243.0216510295868,bigbrain_769_1809_2776.nii,bin-worker-1.novalocal,140252073154304,7575
calculate_histogram,1205.2640805244446,1672.5233817100525,bigbrain_769_0_2776.nii,bin-worker-5.novalocal,139877914953472,16022
flatten,1243.2311429977417,1243.308935880661,bigbrain_769_1809_2776.nii,bin-worker-1.novalocal,140252073154304,7575
calculate_histogram,363.76536560058594,1244.9750082492828,bigbrain_1538_603_694.nii,bin-worker-1.novalocal,140252039583488,7575
calculate_histogram,1130.8326580524445,1683.1394274234772,bigbrain_769_2412_0.nii,bin-worker-6.novalocal,140094937732864,20183
calculate_histogram,362.7669107913971,1253.841166973114,bigbrain_1538_1206_0.nii,bin-worker-2.novalocal,140022510515968,10839
read_img,1246.2285840511322,1254.1200680732727,bigbrain_769_603_1388.nii,bin-worker-1.novalocal,140252039583488,7575
calculate_histogram,1219.3545112609863,1684.4388003349304,bigbrain_769_603_694.nii,bin-worker-3.novalocal,139708835292928,10618
flatten,1255.4002301692963,1255.5081219673157,bigbrain_769_603_1388.nii,bin-worker-1.novalocal,140252039583488,7575
calculate_histogram,1037.016259431839,1687.6170964241028,bigbrain_2307_1809_694.nii,bin-worker-4.novalocal,139921863862016,2572
calculate_histogram,1117.3228170871735,1690.2438921928406,bigbrain_3076_1206_0.nii,bin-worker-4.novalocal,139921419388672,2572
read_img,1255.6914076805115,1262.36013174057,bigbrain_769_1809_0.nii,bin-worker-2.novalocal,140022510515968,10839
flatten,1262.7690768241882,1262.840750694275,bigbrain_769_1809_0.nii,bin-worker-2.novalocal,140022510515968,10839
calculate_histogram,1127.273009300232,1694.2811307907104,bigbrain_3076_2412_1388.nii,bin-worker-6.novalocal,140094954518272,20183
combine_histogram,1696.2731142044067,1696.3104906082153,all_file,bin-worker-3.novalocal,139709228611328,10618
combine_histogram,1696.6036162376404,1696.6437776088715,all_file,bin-worker-3.novalocal,139709228611328,10618
combine_histogram,1696.784863948822,1696.8145823478699,all_file,bin-worker-3.novalocal,139709228611328,10618
combine_histogram,1696.889601945877,1696.9277656078339,all_file,bin-worker-3.novalocal,139709228611328,10618
combine_histogram,1697.0798258781433,1697.1147799491882,all_file,bin-worker-3.novalocal,139709228611328,10618
combine_histogram,1697.163712978363,1697.1906986236572,all_file,bin-worker-3.novalocal,139709228611328,10618
combine_histogram,1697.3037724494934,1697.3327431678772,all_file,bin-worker-3.novalocal,139709228611328,10618
combine_histogram,1698.2184731960297,1698.2583746910095,all_file,bin-worker-3.novalocal,139709195040512,10618
combine_histogram,1698.331294298172,1698.3584566116333,all_file,bin-worker-3.novalocal,139709195040512,10618
combine_histogram,1698.4292838573456,1698.4561614990234,all_file,bin-worker-3.novalocal,139709195040512,10618
combine_histogram,1698.5825600624084,1698.5969786643982,all_file,bin-worker-3.novalocal,139709195040512,10618
combine_histogram,1698.7065844535828,1698.7331109046936,all_file,bin-worker-3.novalocal,139709195040512,10618
combine_histogram,1698.9065945148468,1698.935572385788,all_file,bin-worker-3.novalocal,139709195040512,10618
combine_histogram,1698.977953672409,1699.0137751102448,all_file,bin-worker-3.novalocal,139709195040512,10618
calculate_histogram,1219.5816223621368,1699.4274230003357,bigbrain_769_0_2082.nii,bin-worker-2.novalocal,140023080138496,10839
calculate_histogram,1178.5095341205597,1700.9581937789917,bigbrain_3076_2412_694.nii,bin-worker-8.novalocal,140220615882496,29978
combine_histogram,1703.4773561954498,1703.5071754455566,all_file,bin-worker-3.novalocal,139708835292928,10618
combine_histogram,1703.620178937912,1703.6489412784576,all_file,bin-worker-3.novalocal,139708835292928,10618
combine_histogram,1703.7214884757996,1703.7508449554443,all_file,bin-worker-3.novalocal,139708835292928,10618
combine_histogram,1703.8215749263763,1703.8635675907135,all_file,bin-worker-3.novalocal,139708835292928,10618
combine_histogram,1703.9700450897217,1703.996339082718,all_file,bin-worker-3.novalocal,139708835292928,10618
combine_histogram,1704.0756678581238,1704.1008834838867,all_file,bin-worker-3.novalocal,139708835292928,10618
combine_histogram,1704.1997425556183,1704.223107099533,all_file,bin-worker-3.novalocal,139708835292928,10618
calculate_histogram,1219.3650071620941,1705.1004548072815,bigbrain_769_2412_694.nii,bin-worker-5.novalocal,139877479868160,16022
calculate_histogram,1127.6983473300934,1709.859144449234,bigbrain_3076_603_694.nii,bin-worker-6.novalocal,140094988089088,20183
calculate_histogram,1216.9291887283325,1713.0706255435944,bigbrain_3076_1809_1388.nii,bin-worker-2.novalocal,140023113709312,10839
calculate_histogram,1039.5116486549377,1284.6694049835205,bigbrain_2307_2412_2082.nii,bin-worker-6.novalocal,140095333803776,20183
combine_histogram,1286.1239655017853,1286.169753074646,all_file,bin-worker-6.novalocal,140095333803776,20183
combine_histogram,1286.3216598033905,1286.454689025879,all_file,bin-worker-6.novalocal,140095333803776,20183
combine_histogram,1286.9016616344452,1287.5216789245605,all_file,bin-worker-6.novalocal,140095333803776,20183
combine_histogram,1287.9907522201538,1288.0343670845032,all_file,bin-worker-6.novalocal,140095333803776,20183
combine_histogram,1288.3126962184906,1288.347930431366,all_file,bin-worker-6.novalocal,140095333803776,20183
combine_histogram,1289.0337693691254,1289.0699768066406,all_file,bin-worker-6.novalocal,140095333803776,20183
calculate_histogram,1263.2247672080994,1718.9578039646149,bigbrain_769_1809_0.nii,bin-worker-2.novalocal,140022510515968,10839
combine_histogram,1289.4550564289093,1290.2000482082367,all_file,bin-worker-6.novalocal,140095333803776,20183
calculate_histogram,1233.1200263500214,1725.3425121307373,bigbrain_769_1206_0.nii,bin-worker-5.novalocal,139877488260864,16022
