calculate_histogram,503.4578697681427,1035.9538915157318,bigbrain_2307_2412_2776.nii,bin-worker-1.novalocal,140252047976192,7575
calculate_histogram,1726.817336320877,1896.3175640106201,bigbrain_3076_2412_1388.nii,bin-worker-1.novalocal,140252056368896,7575
calculate_histogram,1645.2251110076904,1897.3701045513153,bigbrain_2307_1809_2082.nii,bin-worker-6.novalocal,140094971303680,20183
flatten,1039.3929538726807,1039.5766706466675,bigbrain_769_0_2776.nii,bin-worker-1.novalocal,140252047976192,7575
calculate_histogram,499.8092715740204,1040.8377912044525,bigbrain_3076_1809_2776.nii,bin-worker-1.novalocal,140252089939712,7575
calculate_histogram,488.2774932384491,1043.9934220314026,bigbrain_3076_2412_0.nii,bin-worker-3.novalocal,139709195040512,10618
flatten,1904.079473733902,1904.1734688282013,bigbrain_3076_1809_0.nii,bin-worker-8.novalocal,140220615882496,29978
calculate_histogram,491.59887194633484,1052.9717099666595,bigbrain_0_2412_694.nii,bin-worker-8.novalocal,140220615882496,29978
calculate_histogram,919.777628660202,1483.152510881424,bigbrain_769_2412_2776.nii,bin-worker-5.novalocal,139877906560768,16022
flatten,1054.2202639579773,1054.4882471561432,bigbrain_3076_1206_694.nii,bin-worker-8.novalocal,140220615882496,29978
read_img,1051.7006676197052,1060.7271642684937,bigbrain_0_1809_0.nii,bin-worker-3.novalocal,139709195040512,10618
flatten,1062.7403736114502,1062.986717224121,bigbrain_769_1206_1388.nii,bin-worker-3.novalocal,139709195040512,10618
calculate_histogram,484.17392587661743,1067.4802174568176,bigbrain_2307_1809_2776.nii,bin-worker-8.novalocal,140220590704384,29978
calculate_histogram,497.6839511394501,1068.8648750782013,bigbrain_0_2412_2082.nii,bin-worker-5.novalocal,139877931738880,16022
flatten,1069.6806101799011,1069.9262919425964,bigbrain_769_2412_0.nii,bin-worker-8.novalocal,140220590704384,29978
calculate_histogram,1810.9993810653687,1929.9528455734253,bigbrain_769_1206_694.nii,bin-worker-4.novalocal,139921402603264,2572
calculate_histogram,509.1745858192444,1071.259330034256,bigbrain_1538_0_2776.nii,bin-worker-5.novalocal,139877948524288,16022
flatten,1071.6443393230438,1071.8839602470398,bigbrain_0_603_2082.nii,bin-worker-8.novalocal,140220590704384,29978
read_img,1066.0031220912933,1074.0328941345215,bigbrain_1538_1809_0.nii,bin-worker-3.novalocal,139709195040512,10618
calculate_histogram,494.3949635028839,1076.2589926719666,bigbrain_2307_2412_0.nii,bin-worker-5.novalocal,139877914953472,16022
flatten,1076.7707076072693,1076.8558566570282,bigbrain_2307_603_2082.nii,bin-worker-5.novalocal,139877948524288,16022
calculate_histogram,522.7969417572021,1077.778902053833,bigbrain_0_0_0.nii,bin-worker-3.novalocal,139709211825920,10618
calculate_histogram,1011.7359812259674,1510.386935710907,bigbrain_0_2412_1388.nii,bin-worker-3.novalocal,139709203433216,10618
calculate_histogram,510.443576335907,1081.1273682117462,bigbrain_3076_2412_2776.nii,bin-worker-3.novalocal,139709220218624,10618
calculate_histogram,521.0578351020813,1081.2218322753906,bigbrain_0_2412_0.nii,bin-worker-7.novalocal,140105004054272,24548
calculate_histogram,500.1170892715454,1082.2259855270386,bigbrain_0_1206_0.nii,bin-worker-3.novalocal,139708843685632,10618
calculate_histogram,1815.911349773407,1942.7846813201904,bigbrain_0_0_1388.nii,bin-worker-1.novalocal,140252064761600,7575
calculate_histogram,538.7637674808502,1513.6328418254852,bigbrain_769_1206_2776.nii,bin-worker-2.novalocal,140023088531200,10839
read_img,1077.2916464805603,1088.1870522499084,bigbrain_0_0_694.nii,bin-worker-3.novalocal,139709195040512,10618
flatten,1092.4950172901154,1092.5955955982208,bigbrain_1538_1809_0.nii,bin-worker-3.novalocal,139709195040512,10618
calculate_histogram,506.53222727775574,1097.1858303546906,bigbrain_2307_0_1388.nii,bin-worker-2.novalocal,140023105316608,10839
flatten,1530.298949956894,1530.3660185337067,bigbrain_3076_603_2082.nii,bin-worker-2.novalocal,140023088531200,10839
flatten,1103.1182248592377,1103.2435133457184,bigbrain_0_0_694.nii,bin-worker-3.novalocal,139709195040512,10618
read_img,1087.064255475998,1110.5686492919922,bigbrain_1538_1809_1388.nii,bin-worker-3.novalocal,139709220218624,10618
read_img,1087.0643918514252,1111.62020611763,bigbrain_769_1809_2776.nii,bin-worker-3.novalocal,139708843685632,10618
read_img,1078.3518733978271,1111.9935252666473,bigbrain_2307_603_0.nii,bin-worker-5.novalocal,139877948524288,16022
read_img,1078.3518154621124,1112.73699593544,bigbrain_2307_1206_2776.nii,bin-worker-5.novalocal,139877931738880,16022
read_img,1078.3517310619354,1113.3565320968628,bigbrain_2307_603_2776.nii,bin-worker-5.novalocal,139877914953472,16022
calculate_histogram,510.66947174072266,1115.6150302886963,bigbrain_3076_603_2776.nii,bin-worker-8.novalocal,140221042947840,29978
calculate_histogram,506.9507279396057,1115.3946397304535,bigbrain_3076_0_2082.nii,bin-worker-4.novalocal,139921872254720,2572
calculate_histogram,1075.5195863246918,1546.4631984233856,bigbrain_769_2412_0.nii,bin-worker-8.novalocal,140220590704384,29978
flatten,1117.7105224132538,1117.7840881347656,bigbrain_1538_1809_1388.nii,bin-worker-3.novalocal,139709220218624,10618
flatten,1117.0239963531494,1117.1878173351288,bigbrain_3076_1809_1388.nii,bin-worker-4.novalocal,139921872254720,2572
calculate_histogram,497.6457920074463,1119.7012152671814,bigbrain_3076_0_1388.nii,bin-worker-4.novalocal,139921436174080,2572
flatten,1120.099555015564,1120.1652002334595,bigbrain_769_1809_2776.nii,bin-worker-3.novalocal,139709220218624,10618
calculate_histogram,1029.2393763065338,1555.2416803836823,bigbrain_0_1809_2776.nii,bin-worker-1.novalocal,140252064761600,7575
calculate_histogram,516.6412494182587,1132.6673517227173,bigbrain_1538_1809_2776.nii,bin-worker-7.novalocal,140105012446976,24548
read_img,1114.418648481369,1134.7419619560242,bigbrain_0_1809_1388.nii,bin-worker-5.novalocal,139877948524288,16022
read_img,1114.4189147949219,1135.2857341766357,bigbrain_0_2412_2776.nii,bin-worker-5.novalocal,139877914953472,16022
read_img,1114.4241831302643,1134.8030333518982,bigbrain_769_603_2082.nii,bin-worker-5.novalocal,139877931738880,16022
read_img,1127.6967363357544,1137.4203491210938,bigbrain_2307_0_2776.nii,bin-worker-4.novalocal,139921436174080,2572
calculate_histogram,525.1352841854095,1138.4687750339508,bigbrain_3076_1206_2776.nii,bin-worker-6.novalocal,140094979696384,20183
calculate_histogram,495.9466917514801,1139.444923400879,bigbrain_1538_2412_2776.nii,bin-worker-4.novalocal,139921402603264,2572
calculate_histogram,499.989280462265,1140.5874025821686,bigbrain_0_0_2776.nii,bin-worker-4.novalocal,139921444566784,2572
calculate_histogram,1044.4283125400543,1572.5208134651184,bigbrain_769_0_2776.nii,bin-worker-1.novalocal,140252089939712,7575
flatten,1146.6241755485535,1146.7808833122253,bigbrain_2307_603_2776.nii,bin-worker-5.novalocal,139877931738880,16022
calculate_histogram,1041.1645803451538,1577.0630531311035,bigbrain_0_1206_2776.nii,bin-worker-1.novalocal,140252047976192,7575
flatten,1147.8300728797913,1147.9335873126984,bigbrain_2307_1206_2776.nii,bin-worker-5.novalocal,139877914953472,16022
flatten,1147.7850968837738,1147.9186565876007,bigbrain_0_1809_1388.nii,bin-worker-5.novalocal,139877931738880,16022
calculate_histogram,521.7754666805267,1148.0820229053497,bigbrain_3076_603_0.nii,bin-worker-2.novalocal,140023113709312,10839
calculate_histogram,501.2194011211395,1148.1873722076416,bigbrain_2307_1809_0.nii,bin-worker-1.novalocal,140252056368896,7575
calculate_histogram,529.785398721695,1578.2367486953735,bigbrain_1538_603_1388.nii,bin-worker-2.novalocal,140023071745792,10839
flatten,1150.1832354068756,1150.3550426959991,bigbrain_0_1206_2082.nii,bin-worker-1.novalocal,140252056368896,7575
read_img,1138.479385137558,1150.9016740322113,bigbrain_769_0_0.nii,bin-worker-4.novalocal,139921436174080,2572
calculate_histogram,554.9570422172546,1151.9564697742462,bigbrain_1538_0_694.nii,bin-worker-5.novalocal,139877923346176,16022
flatten,1152.3498795032501,1152.5315475463867,bigbrain_2307_603_0.nii,bin-worker-5.novalocal,139877914953472,16022
calculate_histogram,1856.1690332889557,2012.7849597930908,bigbrain_3076_1206_2082.nii,bin-worker-8.novalocal,140220607489792,29978
calculate_histogram,535.609869480133,1153.5687823295593,bigbrain_769_603_0.nii,bin-worker-6.novalocal,140094962910976,20183
flatten,1155.459195137024,1155.5988535881042,bigbrain_2307_1206_2082.nii,bin-worker-1.novalocal,140252056368896,7575
flatten,1155.1625952720642,1155.3329577445984,bigbrain_2307_0_2776.nii,bin-worker-4.novalocal,139921436174080,2572
read_img,1141.7138850688934,1160.1594278812408,bigbrain_1538_603_2776.nii,bin-worker-4.novalocal,139921444566784,2572
read_img,1141.45325756073,1160.1461493968964,bigbrain_769_0_694.nii,bin-worker-4.novalocal,139921402603264,2572
calculate_histogram,519.0593643188477,1160.2532501220703,bigbrain_0_603_2776.nii,bin-worker-2.novalocal,140023080138496,10839
read_img,1152.4005155563354,1162.2757456302643,bigbrain_769_1809_1388.nii,bin-worker-5.novalocal,139877931738880,16022
flatten,1162.113225221634,1162.188604593277,bigbrain_769_0_0.nii,bin-worker-4.novalocal,139921402603264,2572
calculate_histogram,509.4800627231598,1592.483405828476,bigbrain_1538_1206_1388.nii,bin-worker-2.novalocal,140022510515968,10839
calculate_histogram,523.1258392333984,1163.5470070838928,bigbrain_0_1809_694.nii,bin-worker-6.novalocal,140094954518272,20183
calculate_histogram,1117.1354265213013,1597.2285017967224,bigbrain_0_603_2082.nii,bin-worker-8.novalocal,140221042947840,29978
flatten,1168.505356311798,1168.7353842258453,bigbrain_3076_0_694.nii,bin-worker-6.novalocal,140094979696384,20183
flatten,1170.6836400032043,1170.7559242248535,bigbrain_3076_1809_2082.nii,bin-worker-2.novalocal,140023080138496,10839
calculate_histogram,513.3282737731934,1171.9603276252747,bigbrain_1538_0_1388.nii,bin-worker-8.novalocal,140221034555136,29978
read_img,1161.4493734836578,1173.4590702056885,bigbrain_2307_0_2082.nii,bin-worker-4.novalocal,139921436174080,2572
read_img,1161.5164589881897,1174.2019970417023,bigbrain_1538_2412_1388.nii,bin-worker-4.novalocal,139921444566784,2572
flatten,1175.4364233016968,1175.535730600357,bigbrain_0_1206_694.nii,bin-worker-2.novalocal,140023080138496,10839
flatten,1176.6165685653687,1176.7942674160004,bigbrain_769_0_2082.nii,bin-worker-8.novalocal,140221034555136,29978
flatten,1179.0411624908447,1179.1551718711853,bigbrain_769_0_694.nii,bin-worker-4.novalocal,139921444566784,2572
calculate_histogram,540.9013826847076,1608.8831987380981,bigbrain_769_1809_2082.nii,bin-worker-2.novalocal,140023063353088,10839
calculate_histogram,1904.6984634399414,2038.7292034626007,bigbrain_3076_1809_0.nii,bin-worker-8.novalocal,140221042947840,29978
calculate_histogram,496.67901849746704,1178.9446110725403,bigbrain_769_603_2776.nii,bin-worker-5.novalocal,139877479868160,16022
flatten,1180.163943529129,1180.2429349422455,bigbrain_1538_603_2776.nii,bin-worker-4.novalocal,139921444566784,2572
flatten,1182.571259021759,1182.675400018692,bigbrain_0_2412_2776.nii,bin-worker-5.novalocal,139877479868160,16022
combine_histogram,2042.0182869434357,2042.0402047634125,all_file,bin-worker-6.novalocal,140094946125568,20183
calculate_histogram,1062.9123935699463,1612.778353691101,bigbrain_3076_1206_694.nii,bin-worker-8.novalocal,140220615882496,29978
combine_histogram,2042.642793416977,2042.6789891719818,all_file,bin-worker-6.novalocal,140094946125568,20183
combine_histogram,2042.8323829174042,2042.8525230884552,all_file,bin-worker-6.novalocal,140094946125568,20183
combine_histogram,2043.097251176834,2043.1354110240936,all_file,bin-worker-6.novalocal,140094946125568,20183
combine_histogram,2043.273452758789,2043.301969051361,all_file,bin-worker-6.novalocal,140094946125568,20183
combine_histogram,2043.5096724033356,2043.5484941005707,all_file,bin-worker-6.novalocal,140094946125568,20183
read_img,1177.7751064300537,1184.2727212905884,bigbrain_3076_603_2082.nii,bin-worker-2.novalocal,140023080138496,10839
combine_histogram,2043.7888677120209,2043.8273293972015,all_file,bin-worker-6.novalocal,140094946125568,20183
combine_histogram,2044.0430977344513,2044.073439836502,all_file,bin-worker-6.novalocal,140094946125568,20183
combine_histogram,2044.1551399230957,2044.186143875122,all_file,bin-worker-6.novalocal,140094946125568,20183
combine_histogram,2044.338492155075,2044.3666694164276,all_file,bin-worker-6.novalocal,140094946125568,20183
calculate_histogram,1182.16991853714,1614.8903379440308,bigbrain_769_0_2082.nii,bin-worker-8.novalocal,140221034555136,29978
combine_histogram,2044.6128714084625,2044.646104335785,all_file,bin-worker-6.novalocal,140094946125568,20183
combine_histogram,2044.7768516540527,2044.811115026474,all_file,bin-worker-6.novalocal,140094946125568,20183
combine_histogram,2044.8403480052948,2044.8685126304626,all_file,bin-worker-6.novalocal,140094946125568,20183
combine_histogram,2044.88223195076,2044.9147078990936,all_file,bin-worker-6.novalocal,140094946125568,20183
combine_histogram,2045.0910494327545,2045.1123352050781,all_file,bin-worker-6.novalocal,140094946125568,20183
combine_histogram,2045.2796947956085,2045.309105873108,all_file,bin-worker-6.novalocal,140094946125568,20183
flatten,1186.1151430606842,1186.2137162685394,bigbrain_769_603_2082.nii,bin-worker-5.novalocal,139877479868160,16022
combine_histogram,2045.3701794147491,2045.397742986679,all_file,bin-worker-6.novalocal,140094946125568,20183
combine_histogram,2045.5009322166443,2045.5215179920197,all_file,bin-worker-6.novalocal,140094946125568,20183
combine_histogram,2045.7080640792847,2045.7296409606934,all_file,bin-worker-6.novalocal,140094946125568,20183
combine_histogram,2045.941290140152,2045.9683167934418,all_file,bin-worker-6.novalocal,140094946125568,20183
combine_histogram,2046.095416545868,2046.1358637809753,all_file,bin-worker-6.novalocal,140094946125568,20183
combine_histogram,2046.2478716373444,2046.290551662445,all_file,bin-worker-6.novalocal,140094946125568,20183
combine_histogram,2047.05349111557,2047.0892717838287,all_file,bin-worker-6.novalocal,140094946125568,20183
combine_histogram,2047.5239470005035,2047.5685031414032,all_file,bin-worker-6.novalocal,140094946125568,20183
combine_histogram,2047.8486542701721,2047.8721561431885,all_file,bin-worker-6.novalocal,140094946125568,20183
combine_histogram,2048.066376209259,2048.098019361496,all_file,bin-worker-6.novalocal,140094946125568,20183
combine_histogram,2048.1765971183777,2048.208945274353,all_file,bin-worker-6.novalocal,140094946125568,20183
combine_histogram,2048.4866778850555,2048.5147953033447,all_file,bin-worker-6.novalocal,140094946125568,20183
combine_histogram,2048.7072355747223,2048.7351837158203,all_file,bin-worker-6.novalocal,140094946125568,20183
combine_histogram,2049.076268672943,2049.1098217964172,all_file,bin-worker-6.novalocal,140094946125568,20183
combine_histogram,2049.191397190094,2049.225674390793,all_file,bin-worker-6.novalocal,140094946125568,20183
combine_histogram,2049.3574838638306,2049.3939957618713,all_file,bin-worker-6.novalocal,140094946125568,20183
combine_histogram,2049.408088207245,2049.4349479675293,all_file,bin-worker-6.novalocal,140094946125568,20183
combine_histogram,2049.4524092674255,2049.4863481521606,all_file,bin-worker-6.novalocal,140094946125568,20183
calculate_histogram,497.7463972568512,1190.2982246875763,bigbrain_3076_603_1388.nii,bin-worker-5.novalocal,139877940131584,16022
combine_histogram,2049.6790318489075,2049.7114021778107,all_file,bin-worker-6.novalocal,140094946125568,20183
combine_histogram,2049.958042383194,2049.992443084717,all_file,bin-worker-6.novalocal,140094946125568,20183
combine_histogram,2050.0611248016357,2050.090658903122,all_file,bin-worker-6.novalocal,140094946125568,20183
combine_histogram,2050.373100757599,2050.4036197662354,all_file,bin-worker-6.novalocal,140094946125568,20183
combine_histogram,2050.5971541404724,2050.630843639374,all_file,bin-worker-6.novalocal,140094946125568,20183
combine_histogram,2050.7858839035034,2050.8189113140106,all_file,bin-worker-6.novalocal,140094946125568,20183
combine_histogram,2051.065769433975,2051.100953102112,all_file,bin-worker-6.novalocal,140094946125568,20183
combine_histogram,2051.2031950950623,2051.236450433731,all_file,bin-worker-6.novalocal,140094946125568,20183
combine_histogram,2051.35768866539,2051.387172460556,all_file,bin-worker-6.novalocal,140094946125568,20183
combine_histogram,2051.6254436969757,2051.6592342853546,all_file,bin-worker-6.novalocal,140094946125568,20183
combine_histogram,2052.1538302898407,2052.1873412132263,all_file,bin-worker-6.novalocal,140094946125568,20183
combine_histogram,2052.5824205875397,2052.6206777095795,all_file,bin-worker-6.novalocal,140094946125568,20183
combine_histogram,2052.998315811157,2053.039431333542,all_file,bin-worker-6.novalocal,140094946125568,20183
combine_histogram,2053.126264810562,2053.1612074375153,all_file,bin-worker-6.novalocal,140094946125568,20183
combine_histogram,2053.185138940811,2053.215767145157,all_file,bin-worker-6.novalocal,140094946125568,20183
combine_histogram,2053.2701177597046,2053.289947271347,all_file,bin-worker-6.novalocal,140094946125568,20183
combine_histogram,2053.4353647232056,2053.456439971924,all_file,bin-worker-6.novalocal,140094946125568,20183
combine_histogram,2053.65323805809,2053.6763973236084,all_file,bin-worker-6.novalocal,140094946125568,20183
combine_histogram,2053.719185113907,2053.7412219047546,all_file,bin-worker-6.novalocal,140094946125568,20183
combine_histogram,2053.7772262096405,2053.80339550972,all_file,bin-worker-6.novalocal,140094946125568,20183
combine_histogram,2053.869438648224,2053.898086309433,all_file,bin-worker-6.novalocal,140094946125568,20183
combine_histogram,2053.925374507904,2053.967020750046,all_file,bin-worker-6.novalocal,140094946125568,20183
combine_histogram,2054.013171672821,2054.044166326523,all_file,bin-worker-6.novalocal,140094946125568,20183
combine_histogram,2054.139519929886,2054.1690623760223,all_file,bin-worker-6.novalocal,140094946125568,20183
combine_histogram,2054.21484041214,2054.246046066284,all_file,bin-worker-6.novalocal,140094946125568,20183
combine_histogram,2054.2614159584045,2054.2865834236145,all_file,bin-worker-6.novalocal,140094946125568,20183
combine_histogram,2054.427461385727,2054.4555583000183,all_file,bin-worker-6.novalocal,140094946125568,20183
combine_histogram,2054.4949040412903,2054.5206985473633,all_file,bin-worker-6.novalocal,140094946125568,20183
combine_histogram,2054.5555300712585,2054.578879594803,all_file,bin-worker-6.novalocal,140094946125568,20183
calculate_histogram,558.3090572357178,1195.5945675373077,bigbrain_0_1809_2082.nii,bin-worker-6.novalocal,140095333803776,20183
combine_histogram,2054.6691472530365,2054.696715116501,all_file,bin-worker-6.novalocal,140094946125568,20183
combine_histogram,2054.710441350937,2054.7326736450195,all_file,bin-worker-6.novalocal,140094946125568,20183
combine_histogram,2054.758491754532,2054.7832856178284,all_file,bin-worker-6.novalocal,140094946125568,20183
combine_histogram,2054.859020471573,2054.882499217987,all_file,bin-worker-6.novalocal,140094946125568,20183
combine_histogram,2054.9828703403473,2055.000729560852,all_file,bin-worker-6.novalocal,140094946125568,20183
combine_histogram,2055.0145823955536,2055.039878129959,all_file,bin-worker-6.novalocal,140094946125568,20183
combine_histogram,2055.179109096527,2055.2027101516724,all_file,bin-worker-6.novalocal,140094946125568,20183
combine_histogram,2055.26052570343,2055.2909541130066,all_file,bin-worker-6.novalocal,140094946125568,20183
combine_histogram,2055.4501080513,2055.4786751270294,all_file,bin-worker-6.novalocal,140094946125568,20183
combine_histogram,2055.4945516586304,2055.5187408924103,all_file,bin-worker-6.novalocal,140094946125568,20183
combine_histogram,2055.640538215637,2055.671049118042,all_file,bin-worker-6.novalocal,140094946125568,20183
combine_histogram,2055.8947656154633,2055.9134397506714,all_file,bin-worker-6.novalocal,140094946125568,20183
combine_histogram,2056.0798909664154,2056.0989966392517,all_file,bin-worker-6.novalocal,140094946125568,20183
combine_histogram,2056.18851852417,2056.208468914032,all_file,bin-worker-6.novalocal,140094946125568,20183
combine_histogram,2056.288682460785,2056.3091280460358,all_file,bin-worker-6.novalocal,140094946125568,20183
combine_histogram,2056.5362071990967,2056.557420015335,all_file,bin-worker-6.novalocal,140094946125568,20183
combine_histogram,2056.744633436203,2056.771139860153,all_file,bin-worker-6.novalocal,140094946125568,20183
combine_histogram,2056.8112354278564,2056.8368763923645,all_file,bin-worker-6.novalocal,140094946125568,20183
combine_histogram,2056.8953499794006,2056.9228146076202,all_file,bin-worker-6.novalocal,140094946125568,20183
combine_histogram,2057.028050661087,2057.0515530109406,all_file,bin-worker-6.novalocal,140094946125568,20183
combine_histogram,2057.125139474869,2057.15509057045,all_file,bin-worker-6.novalocal,140094946125568,20183
combine_histogram,2057.228097677231,2057.2512006759644,all_file,bin-worker-6.novalocal,140094946125568,20183
combine_histogram,2057.280422925949,2057.3109471797943,all_file,bin-worker-6.novalocal,140094946125568,20183
combine_histogram,2057.398581504822,2057.425673007965,all_file,bin-worker-6.novalocal,140094946125568,20183
combine_histogram,2057.4488394260406,2057.4707679748535,all_file,bin-worker-6.novalocal,140094946125568,20183
combine_histogram,2057.5634512901306,2057.590236902237,all_file,bin-worker-6.novalocal,140094946125568,20183
combine_histogram,2057.6349403858185,2057.65558886528,all_file,bin-worker-6.novalocal,140094946125568,20183
combine_histogram,2057.812073469162,2057.838849067688,all_file,bin-worker-6.novalocal,140094946125568,20183
combine_histogram,2057.9317858219147,2057.953236579895,all_file,bin-worker-6.novalocal,140094946125568,20183
combine_histogram,2057.9697556495667,2057.9881887435913,all_file,bin-worker-6.novalocal,140094946125568,20183
combine_histogram,2058.037225484848,2058.0600934028625,all_file,bin-worker-6.novalocal,140094946125568,20183
combine_histogram,2058.1301770210266,2058.1546087265015,all_file,bin-worker-6.novalocal,140094946125568,20183
combine_histogram,2058.168429851532,2058.196304798126,all_file,bin-worker-6.novalocal,140094946125568,20183
combine_histogram,2058.2368474006653,2058.261121749878,all_file,bin-worker-6.novalocal,140094946125568,20183
combine_histogram,2058.3243958950043,2058.3473999500275,all_file,bin-worker-6.novalocal,140094946125568,20183
combine_histogram,2058.377781152725,2058.4017763137817,all_file,bin-worker-6.novalocal,140094946125568,20183
combine_histogram,2058.578501701355,2058.5972595214844,all_file,bin-worker-6.novalocal,140094946125568,20183
combine_histogram,2058.6236910820007,2058.656700849533,all_file,bin-worker-6.novalocal,140094946125568,20183
combine_histogram,2058.683338165283,2058.7153463363647,all_file,bin-worker-6.novalocal,140094946125568,20183
combine_histogram,2058.8166420459747,2058.847433567047,all_file,bin-worker-6.novalocal,140094946125568,20183
combine_histogram,2058.868871450424,2058.903067588806,all_file,bin-worker-6.novalocal,140094946125568,20183
combine_histogram,2058.9318594932556,2058.960043668747,all_file,bin-worker-6.novalocal,140094946125568,20183
combine_histogram,2058.9909081459045,2059.0207862854004,all_file,bin-worker-6.novalocal,140094946125568,20183
combine_histogram,2059.0340757369995,2059.0640745162964,all_file,bin-worker-6.novalocal,140094946125568,20183
combine_histogram,2059.108240842819,2059.136449575424,all_file,bin-worker-6.novalocal,140094946125568,20183
combine_histogram,2059.2119166851044,2059.2416291236877,all_file,bin-worker-6.novalocal,140094946125568,20183
combine_histogram,2059.2817912101746,2059.3084292411804,all_file,bin-worker-6.novalocal,140094946125568,20183
combine_histogram,2059.3924446105957,2059.4164078235626,all_file,bin-worker-6.novalocal,140094946125568,20183
combine_histogram,2059.456899881363,2059.4819135665894,all_file,bin-worker-6.novalocal,140094946125568,20183
combine_histogram,2059.5008380413055,2059.52450799942,all_file,bin-worker-6.novalocal,140094946125568,20183
combine_histogram,2059.5780131816864,2059.6027364730835,all_file,bin-worker-6.novalocal,140094946125568,20183
combine_histogram,2059.7055373191833,2059.73038482666,all_file,bin-worker-6.novalocal,140094946125568,20183
combine_histogram,2059.7961840629578,2059.8236124515533,all_file,bin-worker-6.novalocal,140094946125568,20183
combine_histogram,2059.8959567546844,2059.922871828079,all_file,bin-worker-6.novalocal,140094946125568,20183
combine_histogram,2059.9755096435547,2059.996116399765,all_file,bin-worker-6.novalocal,140094946125568,20183
combine_histogram,2060.0337307453156,2060.058900117874,all_file,bin-worker-6.novalocal,140094946125568,20183
combine_histogram,2060.1115367412567,2060.139982700348,all_file,bin-worker-6.novalocal,140094946125568,20183
combine_histogram,2060.251305580139,2060.2845816612244,all_file,bin-worker-6.novalocal,140094946125568,20183
combine_histogram,2060.314461708069,2060.3473863601685,all_file,bin-worker-6.novalocal,140094946125568,20183
combine_histogram,2060.363911151886,2060.394578933716,all_file,bin-worker-6.novalocal,140094946125568,20183
combine_histogram,2060.4345004558563,2060.4672889709473,all_file,bin-worker-6.novalocal,140094946125568,20183
calculate_histogram,480.1014096736908,1202.0080449581146,bigbrain_1538_1206_694.nii,bin-worker-4.novalocal,139921410995968,2572
save_histogram,2061.1263897418976,2061.4009051322937,all_file,driver.novalocal,139908404401984,14511
calculate_histogram,1082.54656624794,1633.5878891944885,bigbrain_769_2412_2082.nii,bin-worker-7.novalocal,140105004054272,24548
calculate_histogram,1116.6586616039276,1634.2556505203247,bigbrain_0_0_694.nii,bin-worker-3.novalocal,139708843685632,10618
calculate_histogram,1021.8973784446716,1637.0890803337097,bigbrain_0_603_694.nii,bin-worker-6.novalocal,140094971303680,20183
calculate_histogram,535.1872959136963,1207.7539339065552,bigbrain_769_0_1388.nii,bin-worker-6.novalocal,140094988089088,20183
calculate_histogram,512.5292603969574,1211.5963063240051,bigbrain_2307_1206_1388.nii,bin-worker-6.novalocal,140094937732864,20183
calculate_histogram,1163.4337840080261,1641.6318924427032,bigbrain_1538_0_0.nii,bin-worker-6.novalocal,140094962910976,20183
calculate_histogram,529.1965339183807,1214.3433747291565,bigbrain_769_1206_0.nii,bin-worker-7.novalocal,140105029494528,24548
flatten,1215.8652334213257,1216.02326130867,bigbrain_3076_1809_694.nii,bin-worker-7.novalocal,140105029494528,24548
read_img,1.3625860214233398,360.07755041122437,bigbrain_769_603_1388.nii,bin-worker-5.novalocal,139877948524288,16022
read_img,1.3629300594329834,360.0774869918823,bigbrain_769_1206_694.nii,bin-worker-5.novalocal,139877923346176,16022
read_img,1.3623230457305908,360.07740235328674,bigbrain_3076_0_2776.nii,bin-worker-5.novalocal,139877479868160,16022
read_img,1.3626859188079834,362.5266134738922,bigbrain_2307_2412_0.nii,bin-worker-5.novalocal,139877940131584,16022
read_img,1.362788438796997,363.34496998786926,bigbrain_3076_603_1388.nii,bin-worker-5.novalocal,139877906560768,16022
read_img,1.3628921508789062,363.71373224258423,bigbrain_769_603_2776.nii,bin-worker-5.novalocal,139877931738880,16022
read_img,1.3622479438781738,353.25179386138916,bigbrain_0_2412_2082.nii,bin-worker-5.novalocal,139877488260864,16022
read_img,1.362847089767456,353.2518792152405,bigbrain_1538_0_2776.nii,bin-worker-5.novalocal,139877914953472,16022
read_img,1.3651587963104248,348.2799029350281,bigbrain_0_603_0.nii,bin-worker-6.novalocal,140094954518272,20183
read_img,1.3652753829956055,332.8544805049896,bigbrain_2307_1206_1388.nii,bin-worker-6.novalocal,140094937732864,20183
read_img,1.3667075634002686,356.19420552253723,bigbrain_2307_0_1388.nii,bin-worker-2.novalocal,140022510515968,10839
read_img,1.3610711097717285,363.6240026950836,bigbrain_769_1206_2082.nii,bin-worker-4.novalocal,139921436174080,2572
read_img,1.3608355522155762,360.0494475364685,bigbrain_1538_1206_694.nii,bin-worker-4.novalocal,139921427781376,2572
read_img,1.360649824142456,348.0773332118988,bigbrain_3076_0_1388.nii,bin-worker-4.novalocal,139921872254720,2572
read_img,1.3611764907836914,340.95884585380554,bigbrain_0_0_2776.nii,bin-worker-4.novalocal,139921863862016,2572
read_img,1.3603007793426514,345.0124228000641,bigbrain_1538_2412_2776.nii,bin-worker-4.novalocal,139921419388672,2572
read_img,1.3607573509216309,355.07140707969666,bigbrain_2307_603_1388.nii,bin-worker-4.novalocal,139921410995968,2572
calculate_histogram,489.3657810688019,1222.793650150299,bigbrain_769_1809_0.nii,bin-worker-3.novalocal,139708826900224,10618
read_img,1.3662564754486084,347.31430983543396,bigbrain_1538_603_2082.nii,bin-worker-2.novalocal,140023113709312,10839
read_img,1.366776466369629,360.60894799232483,bigbrain_0_603_2776.nii,bin-worker-2.novalocal,140023063353088,10839
read_img,1.366422414779663,348.895058631897,bigbrain_2307_2412_2082.nii,bin-worker-3.novalocal,139709211825920,10618
read_img,1.3662071228027344,355.69973850250244,bigbrain_3076_0_0.nii,bin-worker-3.novalocal,139708843685632,10618
read_img,1.3656589984893799,333.5980336666107,bigbrain_1538_1809_2082.nii,bin-worker-3.novalocal,139708835292928,10618
read_img,1.360900640487671,362.97528624534607,bigbrain_2307_1206_694.nii,bin-worker-4.novalocal,139921444566784,2572
read_img,1.360992193222046,363.9256999492645,bigbrain_3076_0_2082.nii,bin-worker-4.novalocal,139921402603264,2572
read_img,1.3645689487457275,354.9430284500122,bigbrain_1538_1809_2776.nii,bin-worker-7.novalocal,140104584656640,24548
read_img,1.3646881580352783,347.4667694568634,bigbrain_0_1206_1388.nii,bin-worker-7.novalocal,140104576263936,24548
read_img,1.3641712665557861,347.4668483734131,bigbrain_0_2412_0.nii,bin-worker-7.novalocal,140105029494528,24548
read_img,1.3648321628570557,363.5600118637085,bigbrain_0_603_1388.nii,bin-worker-7.novalocal,140105020839680,24548
read_img,1.3649821281433105,362.8399922847748,bigbrain_1538_1809_694.nii,bin-worker-7.novalocal,140105046279936,24548
read_img,1.3649005889892578,356.7275552749634,bigbrain_3076_2412_2082.nii,bin-worker-7.novalocal,140105012446976,24548
read_img,1.365060567855835,363.9651186466217,bigbrain_1538_603_694.nii,bin-worker-7.novalocal,140105004054272,24548
read_img,1.3642759323120117,359.93683552742004,bigbrain_769_1206_0.nii,bin-worker-7.novalocal,140105037887232,24548
read_img,1.3665666580200195,360.7300536632538,bigbrain_769_1809_0.nii,bin-worker-3.novalocal,139708826900224,10618
read_img,1.3658668994903564,349.9062194824219,bigbrain_3076_2412_0.nii,bin-worker-3.novalocal,139709220218624,10618
read_img,1.3666772842407227,363.4260106086731,bigbrain_0_1206_0.nii,bin-worker-3.novalocal,139709203433216,10618
read_img,1.3669354915618896,356.1939718723297,bigbrain_1538_603_1388.nii,bin-worker-2.novalocal,140023080138496,10839
read_img,1.3668708801269531,363.3684859275818,bigbrain_3076_603_0.nii,bin-worker-2.novalocal,140023071745792,10839
read_img,1.3666300773620605,356.01189613342285,bigbrain_1538_1206_1388.nii,bin-worker-2.novalocal,140023096923904,10839
read_img,1.3657267093658447,348.37423634529114,bigbrain_3076_1206_2776.nii,bin-worker-6.novalocal,140095333803776,20183
read_img,1.3658769130706787,360.07964420318604,bigbrain_769_0_1388.nii,bin-worker-6.novalocal,140094988089088,20183
read_img,1.36582612991333,355.0657870769501,bigbrain_769_603_0.nii,bin-worker-6.novalocal,140094946125568,20183
read_img,1.3653347492218018,363.00080704689026,bigbrain_769_603_694.nii,bin-worker-6.novalocal,140094979696384,20183
read_img,1.3669793605804443,364.07037472724915,bigbrain_3076_1809_2082.nii,bin-worker-2.novalocal,140023088531200,10839
read_img,1.3670144081115723,364.1579701900482,bigbrain_769_1206_2776.nii,bin-worker-2.novalocal,140023105316608,10839
read_img,1.3659729957580566,364.0970723628998,bigbrain_0_1809_2082.nii,bin-worker-6.novalocal,140094971303680,20183
read_img,1.3655388355255127,364.19209480285645,bigbrain_0_1809_694.nii,bin-worker-6.novalocal,140094962910976,20183
read_img,1.3628337383270264,360.65404176712036,bigbrain_3076_603_694.nii,bin-worker-1.novalocal,140251485959936,7575
read_img,1.361983299255371,355.51389026641846,bigbrain_2307_2412_2776.nii,bin-worker-1.novalocal,140252081547008,7575
read_img,1.3660964965820312,353.0044364929199,bigbrain_2307_1809_2776.nii,bin-worker-8.novalocal,140221042947840,29978
read_img,1.3664531707763672,361.96829080581665,bigbrain_769_2412_1388.nii,bin-worker-8.novalocal,140221034555136,29978
read_img,1.3626279830932617,363.3245313167572,bigbrain_2307_1206_0.nii,bin-worker-1.novalocal,140252073154304,7575
read_img,1.3668491840362549,364.0115842819214,bigbrain_3076_2412_2776.nii,bin-worker-3.novalocal,139709228611328,10618
read_img,1.36698317527771,364.4986832141876,bigbrain_0_0_0.nii,bin-worker-3.novalocal,139709195040512,10618
read_img,1.3620617389678955,348.3438329696655,bigbrain_2307_1809_0.nii,bin-worker-1.novalocal,140252064761600,7575
read_img,1.3618791103363037,348.4642515182495,bigbrain_1538_2412_0.nii,bin-worker-1.novalocal,140252039583488,7575
read_img,1.3627419471740723,357.8915476799011,bigbrain_3076_1206_1388.nii,bin-worker-1.novalocal,140252056368896,7575
read_img,1.3623905181884766,364.6061522960663,bigbrain_3076_1809_2776.nii,bin-worker-1.novalocal,140252047976192,7575
read_img,1.3622169494628906,364.6062891483307,bigbrain_2307_1809_1388.nii,bin-worker-1.novalocal,140252089939712,7575
read_img,1.3665027618408203,362.1329655647278,bigbrain_1538_1206_2776.nii,bin-worker-8.novalocal,140220573918976,29978
flatten,1223.8171677589417,1223.9188883304596,bigbrain_3076_2412_694.nii,bin-worker-7.novalocal,140105029494528,24548
read_img,1.3661551475524902,362.21557354927063,bigbrain_0_2412_694.nii,bin-worker-8.novalocal,140220607489792,29978
read_img,1.365816593170166,362.0503911972046,bigbrain_2307_1809_694.nii,bin-worker-8.novalocal,140220582311680,29978
read_img,1.366410255432129,365.06557178497314,bigbrain_1538_0_1388.nii,bin-worker-8.novalocal,140220590704384,29978
read_img,1.3662734031677246,365.06547951698303,bigbrain_3076_603_2776.nii,bin-worker-8.novalocal,140220615882496,29978
calculate_histogram,1157.368324995041,1653.8535542488098,bigbrain_0_1206_2082.nii,bin-worker-1.novalocal,140252056368896,7575
read_img,1.366328477859497,365.066077709198,bigbrain_769_1809_694.nii,bin-worker-8.novalocal,140220599097088,29978
calculate_histogram,499.44042325019836,1224.560908317566,bigbrain_2307_603_1388.nii,bin-worker-4.novalocal,139921427781376,2572
flatten,1225.100255727768,1225.2941634654999,bigbrain_2307_0_2082.nii,bin-worker-4.novalocal,139921427781376,2572
calculate_histogram,519.4299297332764,1226.0125224590302,bigbrain_769_603_694.nii,bin-worker-6.novalocal,140094946125568,20183
flatten,1226.0413014888763,1226.1073389053345,bigbrain_1538_2412_2082.nii,bin-worker-6.novalocal,140094937732864,20183
flatten,1228.2821068763733,1228.3497161865234,bigbrain_1538_2412_1388.nii,bin-worker-4.novalocal,139921427781376,2572
calculate_histogram,999.7846865653992,1664.0777080059052,bigbrain_1538_2412_694.nii,bin-worker-3.novalocal,139708835292928,10618
flatten,371.1041748523712,371.1506106853485,bigbrain_1538_1206_694.nii,bin-worker-4.novalocal,139921436174080,2572
flatten,365.6556260585785,365.6973304748535,bigbrain_3076_0_2776.nii,bin-worker-5.novalocal,139877940131584,16022
flatten,370.52976274490356,370.58322048187256,bigbrain_1538_2412_0.nii,bin-worker-1.novalocal,140252056368896,7575
flatten,375.3100824356079,375.3939266204834,bigbrain_1538_1809_2776.nii,bin-worker-7.novalocal,140105020839680,24548
flatten,372.7617747783661,372.817400932312,bigbrain_1538_603_2082.nii,bin-worker-2.novalocal,140022510515968,10839
flatten,375.21459674835205,375.28310346603394,bigbrain_2307_1809_2776.nii,bin-worker-8.novalocal,140220607489792,29978
flatten,374.53812623023987,374.5871844291687,bigbrain_0_603_0.nii,bin-worker-6.novalocal,140094937732864,20183
flatten,372.20398330688477,372.26056385040283,bigbrain_769_603_1388.nii,bin-worker-5.novalocal,139877931738880,16022
read_img,1226.0497229099274,1245.078378200531,bigbrain_1538_1206_0.nii,bin-worker-6.novalocal,140095333803776,20183
calculate_histogram,1108.5391674041748,1675.6227266788483,bigbrain_2307_0_0.nii,bin-worker-2.novalocal,140023105316608,10839
read_img,1226.0538017749786,1245.4087064266205,bigbrain_3076_1206_0.nii,bin-worker-6.novalocal,140094979696384,20183
calculate_histogram,478.3776693344116,1246.3963840007782,bigbrain_769_603_1388.nii,bin-worker-5.novalocal,139877488260864,16022
read_img,1230.2060532569885,1249.270039319992,bigbrain_2307_2412_694.nii,bin-worker-6.novalocal,140094937732864,20183
read_img,1230.6145224571228,1249.575742483139,bigbrain_3076_1206_2082.nii,bin-worker-6.novalocal,140094946125568,20183
calculate_histogram,1281.0712957382202,1679.913488149643,bigbrain_2307_1206_2082.nii,bin-worker-1.novalocal,140251485959936,7575
flatten,1250.963044643402,1251.060977935791,bigbrain_769_1809_1388.nii,bin-worker-5.novalocal,139877488260864,16022
flatten,381.3110315799713,381.38901686668396,bigbrain_2307_2412_2082.nii,bin-worker-3.novalocal,139708826900224,10618
calculate_histogram,517.576887845993,1254.196166753769,bigbrain_0_1206_1388.nii,bin-worker-7.novalocal,140105020839680,24548
calculate_histogram,571.6634240150452,1256.239907503128,bigbrain_1538_603_0.nii,bin-worker-7.novalocal,140105046279936,24548
flatten,388.96599817276,389.02144837379456,bigbrain_3076_0_0.nii,bin-worker-3.novalocal,139708835292928,10618
calculate_histogram,1168.4715571403503,1686.5300533771515,bigbrain_1538_0_2082.nii,bin-worker-6.novalocal,140094954518272,20183
flatten,1257.9254562854767,1258.111528635025,bigbrain_0_0_2082.nii,bin-worker-7.novalocal,140105046279936,24548
flatten,1688.7089772224426,1688.8173878192902,bigbrain_0_1809_0.nii,bin-worker-8.novalocal,140220573918976,29978
calculate_histogram,1211.0118749141693,1696.661521434784,bigbrain_3076_0_694.nii,bin-worker-6.novalocal,140094988089088,20183
read_img,1252.1995141506195,1267.2410700321198,bigbrain_2307_1809_2082.nii,bin-worker-6.novalocal,140095333803776,20183
read_img,1252.194172859192,1267.240942955017,bigbrain_769_2412_694.nii,bin-worker-6.novalocal,140094946125568,20183
flatten,393.6169879436493,393.6832273006439,bigbrain_0_1206_1388.nii,bin-worker-7.novalocal,140105004054272,24548
read_img,1257.5725259780884,1270.7815186977386,bigbrain_2307_0_694.nii,bin-worker-6.novalocal,140094937732864,20183
flatten,398.36046147346497,398.3979814052582,bigbrain_769_1206_694.nii,bin-worker-5.novalocal,139877906560768,16022
flatten,399.4016227722168,399.44888830184937,bigbrain_2307_1206_1388.nii,bin-worker-6.novalocal,140095333803776,20183
calculate_histogram,564.2586188316345,1277.8832454681396,bigbrain_2307_1206_0.nii,bin-worker-1.novalocal,140251485959936,7575
flatten,1281.218908071518,1281.2819793224335,bigbrain_1538_1206_0.nii,bin-worker-6.novalocal,140094946125568,20183
flatten,410.3412826061249,410.39209055900574,bigbrain_2307_2412_0.nii,bin-worker-5.novalocal,139877488260864,16022
calculate_histogram,1109.5573053359985,1711.2088534832,bigbrain_1538_1809_0.nii,bin-worker-3.novalocal,139709195040512,10618
flatten,407.2014195919037,407.28263998031616,bigbrain_1538_1809_2082.nii,bin-worker-3.novalocal,139709203433216,10618
flatten,395.39973616600037,395.45499634742737,bigbrain_2307_0_1388.nii,bin-worker-2.novalocal,140023080138496,10839
flatten,406.8346474170685,406.9103670120239,bigbrain_0_603_1388.nii,bin-worker-7.novalocal,140105029494528,24548
calculate_histogram,1165.77161860466,1713.857996225357,bigbrain_2307_0_2776.nii,bin-worker-4.novalocal,139921402603264,2572
calculate_histogram,1225.8363440036774,1714.40420794487,bigbrain_3076_1809_694.nii,bin-worker-7.novalocal,140105029494528,24548
flatten,395.47795701026917,395.51637864112854,bigbrain_3076_1206_1388.nii,bin-worker-1.novalocal,140252073154304,7575
flatten,400.0003664493561,400.07103729248047,bigbrain_0_2412_694.nii,bin-worker-8.novalocal,140220573918976,29978
calculate_histogram,1257.8842058181763,1720.1676216125488,bigbrain_3076_2412_694.nii,bin-worker-7.novalocal,140105020839680,24548
flatten,1290.6492021083832,1290.8482558727264,bigbrain_3076_1206_0.nii,bin-worker-6.novalocal,140095333803776,20183
flatten,1291.5156948566437,1291.64555311203,bigbrain_2307_2412_694.nii,bin-worker-6.novalocal,140094937732864,20183
flatten,1291.990241765976,1292.0929811000824,bigbrain_3076_1206_2082.nii,bin-worker-6.novalocal,140095333803776,20183
calculate_histogram,530.6880557537079,1292.3276934623718,bigbrain_1538_1809_694.nii,bin-worker-7.novalocal,140104576263936,24548
calculate_histogram,1081.6623566150665,1722.2726781368256,bigbrain_769_1206_1388.nii,bin-worker-3.novalocal,139709211825920,10618
flatten,396.0383906364441,396.08177495002747,bigbrain_769_1206_2082.nii,bin-worker-4.novalocal,139921410995968,2572
flatten,1293.495858669281,1293.6318769454956,bigbrain_769_2412_694.nii,bin-worker-6.novalocal,140095333803776,20183
flatten,1293.642847776413,1293.8263657093048,bigbrain_2307_1809_2082.nii,bin-worker-6.novalocal,140094937732864,20183
calculate_histogram,519.7860221862793,1294.3207414150238,bigbrain_769_2412_1388.nii,bin-worker-8.novalocal,140220582311680,29978
flatten,415.3905074596405,415.4264225959778,bigbrain_0_603_2776.nii,bin-worker-2.novalocal,140023096923904,10839
calculate_histogram,1224.2148566246033,1726.041570186615,bigbrain_769_1809_2776.nii,bin-worker-3.novalocal,139708826900224,10618
flatten,1726.2317564487457,1726.2997889518738,bigbrain_3076_2412_1388.nii,bin-worker-1.novalocal,140251485959936,7575
flatten,425.51844215393066,425.56909680366516,bigbrain_0_0_2776.nii,bin-worker-4.novalocal,139921444566784,2572
calculate_histogram,530.328355550766,1297.832584619522,bigbrain_0_603_1388.nii,bin-worker-7.novalocal,140104584656640,24548
calculate_histogram,1269.9546575546265,1728.992026567459,bigbrain_0_0_2082.nii,bin-worker-7.novalocal,140105046279936,24548
flatten,413.4623064994812,413.5342433452606,bigbrain_1538_2412_2776.nii,bin-worker-4.novalocal,139921872254720,2572
flatten,419.6601450443268,419.7354803085327,bigbrain_2307_1809_694.nii,bin-worker-8.novalocal,140220590704384,29978
calculate_histogram,1127.169587135315,1732.9139235019684,bigbrain_1538_1809_1388.nii,bin-worker-3.novalocal,139709220218624,10618
flatten,414.1094083786011,414.15374755859375,bigbrain_3076_1809_2776.nii,bin-worker-1.novalocal,140252064761600,7575
flatten,427.47964310646057,427.51702904701233,bigbrain_3076_603_694.nii,bin-worker-1.novalocal,140252081547008,7575
flatten,424.6658675670624,424.70106625556946,bigbrain_769_603_2776.nii,bin-worker-5.novalocal,139877914953472,16022
flatten,418.47667121887207,418.54197335243225,bigbrain_3076_2412_0.nii,bin-worker-3.novalocal,139709228611328,10618
flatten,418.9583225250244,419.01041197776794,bigbrain_769_603_694.nii,bin-worker-6.novalocal,140094971303680,20183
flatten,432.715699672699,432.7889668941498,bigbrain_769_2412_1388.nii,bin-worker-8.novalocal,140220615882496,29978
calculate_histogram,1155.7844800949097,1741.3336884975433,bigbrain_2307_603_2776.nii,bin-worker-5.novalocal,139877914953472,16022
flatten,441.09876441955566,441.14242005348206,bigbrain_3076_0_1388.nii,bin-worker-4.novalocal,139921402603264,2572
calculate_histogram,1151.882083415985,1743.2902426719666,bigbrain_3076_603_694.nii,bin-worker-2.novalocal,140023113709312,10839
flatten,441.1783435344696,441.23355197906494,bigbrain_1538_1206_1388.nii,bin-worker-2.novalocal,140023105316608,10839
flatten,438.21851682662964,438.2739109992981,bigbrain_769_1809_0.nii,bin-worker-3.novalocal,139709195040512,10618
flatten,445.94942355155945,446.0242645740509,bigbrain_1538_0_1388.nii,bin-worker-8.novalocal,140220599097088,29978
calculate_histogram,1178.074185848236,1747.8808665275574,bigbrain_769_0_0.nii,bin-worker-4.novalocal,139921436174080,2572
flatten,440.288369178772,440.3331561088562,bigbrain_2307_1809_0.nii,bin-worker-1.novalocal,140252089939712,7575
flatten,438.0398154258728,438.095915555954,bigbrain_0_2412_2082.nii,bin-worker-5.novalocal,139877940131584,16022
flatten,443.2970681190491,443.33208537101746,bigbrain_3076_603_1388.nii,bin-worker-5.novalocal,139877931738880,16022
calculate_histogram,1202.4140455722809,1750.4590632915497,bigbrain_0_2412_2776.nii,bin-worker-5.novalocal,139877940131584,16022
flatten,455.2199456691742,455.25787329673767,bigbrain_3076_603_0.nii,bin-worker-2.novalocal,140022510515968,10839
calculate_histogram,1189.5482771396637,1754.3284811973572,bigbrain_2307_603_0.nii,bin-worker-5.novalocal,139877479868160,16022
flatten,450.2293424606323,450.2975044250488,bigbrain_0_1206_0.nii,bin-worker-3.novalocal,139708826900224,10618
flatten,454.24805212020874,454.2913670539856,bigbrain_2307_603_1388.nii,bin-worker-4.novalocal,139921436174080,2572
calculate_histogram,1372.2634398937225,1756.5808758735657,bigbrain_3076_2412_2082.nii,bin-worker-7.novalocal,140104576263936,24548
calculate_histogram,1137.7677328586578,1756.9845728874207,bigbrain_1538_1206_2082.nii,bin-worker-7.novalocal,140105012446976,24548
flatten,453.2658214569092,453.3189413547516,bigbrain_2307_2412_2776.nii,bin-worker-1.novalocal,140252056368896,7575
flatten,456.8260464668274,456.90724658966064,bigbrain_3076_603_2776.nii,bin-worker-8.novalocal,140220607489792,29978
flatten,459.5945825576782,459.65546226501465,bigbrain_3076_1206_2776.nii,bin-worker-6.novalocal,140094937732864,20183
flatten,438.60625863075256,438.6732144355774,bigbrain_0_2412_0.nii,bin-worker-7.novalocal,140105012446976,24548
read_img,364.6955053806305,470.3488826751709,bigbrain_1538_2412_694.nii,bin-worker-3.novalocal,139709211825920,10618
calculate_histogram,499.5786554813385,1339.2019410133362,bigbrain_769_1206_2082.nii,bin-worker-4.novalocal,139921863862016,2572
calculate_histogram,1230.1500990390778,1769.027456521988,bigbrain_2307_0_2082.nii,bin-worker-4.novalocal,139921427781376,2572
flatten,444.28021931648254,444.34996604919434,bigbrain_0_1809_694.nii,bin-worker-6.novalocal,140094946125568,20183
calculate_histogram,559.6348292827606,1342.1920964717865,bigbrain_1538_603_694.nii,bin-worker-7.novalocal,140105037887232,24548
calculate_histogram,1166.6164164543152,1772.0351405143738,bigbrain_2307_1206_2776.nii,bin-worker-5.novalocal,139877931738880,16022
flatten,452.8141026496887,452.8745939731598,bigbrain_1538_1809_694.nii,bin-worker-7.novalocal,140105020839680,24548
read_img,364.3071813583374,475.98584723472595,bigbrain_1538_0_0.nii,bin-worker-4.novalocal,139921427781376,2572
calculate_histogram,482.4142417907715,1347.3971874713898,bigbrain_1538_1809_2082.nii,bin-worker-3.novalocal,139709228611328,10618
calculate_histogram,464.24626064300537,917.9398231506348,bigbrain_3076_0_2776.nii,bin-worker-5.novalocal,139877906560768,16022
calculate_histogram,502.1774444580078,1350.0316026210785,bigbrain_2307_1206_694.nii,bin-worker-4.novalocal,139921419388672,2572
read_img,368.5616879463196,484.73352813720703,bigbrain_769_1206_1388.nii,bin-worker-3.novalocal,139708843685632,10618
read_img,365.8244388103485,484.1713514328003,bigbrain_3076_1206_694.nii,bin-worker-8.novalocal,140221042947840,29978
flatten,471.12075448036194,471.2051351070404,bigbrain_769_1206_0.nii,bin-worker-7.novalocal,140105004054272,24548
calculate_histogram,1201.3615441322327,1781.1245460510254,bigbrain_3076_1809_2082.nii,bin-worker-2.novalocal,140023080138496,10839
flatten,484.498646736145,484.55103635787964,bigbrain_2307_1206_694.nii,bin-worker-4.novalocal,139921444566784,2572
flatten,1354.0536773204803,1354.144035100937,bigbrain_3076_2412_2082.nii,bin-worker-7.novalocal,140104576263936,24548
flatten,479.7677047252655,479.81471133232117,bigbrain_2307_1206_0.nii,bin-worker-1.novalocal,140252073154304,7575
read_img,365.7749617099762,488.68925404548645,bigbrain_2307_603_694.nii,bin-worker-1.novalocal,140252039583488,7575
read_img,363.8912603855133,495.4423089027405,bigbrain_0_0_1388.nii,bin-worker-5.novalocal,139877479868160,16022
read_img,363.89106345176697,493.86980748176575,bigbrain_2307_603_2082.nii,bin-worker-5.novalocal,139877923346176,16022
read_img,363.93549489974976,495.77365922927856,bigbrain_1538_0_694.nii,bin-worker-5.novalocal,139877948524288,16022
flatten,495.82651948928833,495.87498354911804,bigbrain_1538_0_2776.nii,bin-worker-5.novalocal,139877940131584,16022
flatten,492.0741534233093,492.1305568218231,bigbrain_3076_0_2082.nii,bin-worker-4.novalocal,139921872254720,2572
flatten,494.64645528793335,494.7345335483551,bigbrain_3076_2412_2776.nii,bin-worker-3.novalocal,139709211825920,10618
read_img,366.61383056640625,492.59505224227905,bigbrain_3076_2412_1388.nii,bin-worker-4.novalocal,139921863862016,2572
read_img,381.95736026763916,498.17721009254456,bigbrain_3076_1809_1388.nii,bin-worker-4.novalocal,139921419388672,2572
calculate_histogram,1137.75501537323,1788.4649758338928,bigbrain_2307_603_2082.nii,bin-worker-5.novalocal,139877948524288,16022
read_img,368.32143330574036,494.06174397468567,bigbrain_769_2412_0.nii,bin-worker-8.novalocal,140221034555136,29978
read_img,398.2629358768463,500.11661887168884,bigbrain_0_2412_1388.nii,bin-worker-3.novalocal,139709220218624,10618
flatten,1788.7649509906769,1788.820550918579,bigbrain_2307_0_694.nii,bin-worker-7.novalocal,140104576263936,24548
flatten,476.6624240875244,476.70782804489136,bigbrain_769_0_1388.nii,bin-worker-6.novalocal,140095333803776,20183
read_img,368.21298265457153,495.95805740356445,bigbrain_0_1809_2776.nii,bin-worker-1.novalocal,140251485959936,7575
flatten,496.1089243888855,496.2158875465393,bigbrain_2307_1809_1388.nii,bin-worker-1.novalocal,140252081547008,7575
read_img,381.3331229686737,501.07813692092896,bigbrain_0_1206_2776.nii,bin-worker-1.novalocal,140252047976192,7575
read_img,364.5873112678528,492.3406147956848,bigbrain_1538_603_0.nii,bin-worker-7.novalocal,140104584656640,24548
read_img,365.35167384147644,485.29707074165344,bigbrain_0_603_694.nii,bin-worker-6.novalocal,140094954518272,20183
flatten,475.0582916736603,475.12007665634155,bigbrain_1538_603_1388.nii,bin-worker-2.novalocal,140023080138496,10839
calculate_histogram,1156.9935541152954,1793.707096338272,bigbrain_0_1809_1388.nii,bin-worker-5.novalocal,139877923346176,16022
calculate_histogram,1123.9186370372772,1794.6679348945618,bigbrain_3076_1809_1388.nii,bin-worker-4.novalocal,139921872254720,2572
flatten,506.42509055137634,506.49213552474976,bigbrain_0_0_0.nii,bin-worker-3.novalocal,139709211825920,10618
flatten,506.55616307258606,506.6998267173767,bigbrain_1538_2412_694.nii,bin-worker-3.novalocal,139709220218624,10618
calculate_histogram,1184.6756393909454,1796.05486702919,bigbrain_769_0_694.nii,bin-worker-4.novalocal,139921444566784,2572
flatten,505.8940875530243,506.0083267688751,bigbrain_769_1809_694.nii,bin-worker-8.novalocal,140220607489792,29978
read_img,365.0937306880951,494.92847204208374,bigbrain_769_1809_2082.nii,bin-worker-2.novalocal,140023113709312,10839
calculate_histogram,564.2637419700623,1367.9214265346527,bigbrain_3076_1206_1388.nii,bin-worker-1.novalocal,140252081547008,7575
read_img,369.6717391014099,506.3807899951935,bigbrain_1538_0_2082.nii,bin-worker-6.novalocal,140094979696384,20183
flatten,500.39540553092957,500.4613924026489,bigbrain_1538_603_694.nii,bin-worker-7.novalocal,140105029494528,24548
read_img,368.49323773384094,506.70402455329895,bigbrain_769_2412_2082.nii,bin-worker-7.novalocal,140104576263936,24548
read_img,388.7719044685364,509.87924885749817,bigbrain_0_603_2082.nii,bin-worker-8.novalocal,140220582311680,29978
calculate_histogram,494.93197798728943,1370.8354215621948,bigbrain_1538_603_2082.nii,bin-worker-2.novalocal,140023096923904,10839
read_img,369.1405417919159,509.2092549800873,bigbrain_2307_2412_1388.nii,bin-worker-2.novalocal,140023063353088,10839
calculate_histogram,499.2895426750183,1373.4797639846802,bigbrain_2307_1809_694.nii,bin-worker-8.novalocal,140220599097088,29978
flatten,518.1053085327148,518.2147145271301,bigbrain_1538_1206_2776.nii,bin-worker-8.novalocal,140220607489792,29978
read_img,385.7618327140808,519.306149482727,bigbrain_1538_1206_2082.nii,bin-worker-7.novalocal,140105046279936,24548
read_img,382.30688977241516,519.4847180843353,bigbrain_2307_0_0.nii,bin-worker-2.novalocal,140023071745792,10839
read_img,388.16272377967834,518.7096943855286,bigbrain_1538_2412_2082.nii,bin-worker-6.novalocal,140094988089088,20183
flatten,523.1422724723816,523.2231826782227,bigbrain_769_603_0.nii,bin-worker-6.novalocal,140095333803776,20183
flatten,1814.561665058136,1814.6339421272278,bigbrain_0_0_1388.nii,bin-worker-1.novalocal,140251485959936,7575
calculate_histogram,541.3678271770477,1385.5592081546783,bigbrain_1538_1206_2776.nii,bin-worker-8.novalocal,140220573918976,29978
calculate_histogram,1260.199478149414,1815.4581136703491,bigbrain_769_1809_1388.nii,bin-worker-5.novalocal,139877488260864,16022
calculate_histogram,1302.656832933426,1817.92201089859,bigbrain_3076_1206_0.nii,bin-worker-6.novalocal,140094937732864,20183
read_img,497.7199430465698,530.0455570220947,bigbrain_769_2412_2776.nii,bin-worker-5.novalocal,139877923346176,16022
read_img,425.2917995452881,531.8350727558136,bigbrain_0_0_2082.nii,bin-worker-7.novalocal,140105037887232,24548
read_img,428.5006799697876,531.8966569900513,bigbrain_0_1206_694.nii,bin-worker-2.novalocal,140023088531200,10839
read_img,430.9357099533081,532.5058465003967,bigbrain_3076_0_694.nii,bin-worker-6.novalocal,140094962910976,20183
flatten,532.6449909210205,532.7689347267151,bigbrain_769_1206_2776.nii,bin-worker-2.novalocal,140023088531200,10839
flatten,533.0121941566467,533.1077148914337,bigbrain_769_1809_2082.nii,bin-worker-2.novalocal,140023063353088,10839
flatten,532.9929926395416,533.088755607605,bigbrain_0_1809_2082.nii,bin-worker-6.novalocal,140094988089088,20183
read_img,473.17874574661255,532.755300283432,bigbrain_769_0_2082.nii,bin-worker-8.novalocal,140220573918976,29978
flatten,533.8643364906311,533.9304344654083,bigbrain_2307_2412_1388.nii,bin-worker-2.novalocal,140023088531200,10839
calculate_histogram,1203.200425863266,1823.1726424694061,bigbrain_1538_603_2776.nii,bin-worker-4.novalocal,139921410995968,2572
flatten,535.202207326889,535.278094291687,bigbrain_0_603_694.nii,bin-worker-6.novalocal,140095333803776,20183
flatten,535.8701145648956,535.9389002323151,bigbrain_2307_0_0.nii,bin-worker-2.novalocal,140023088531200,10839
calculate_histogram,1270.076827764511,1825.729124546051,bigbrain_1538_2412_2082.nii,bin-worker-6.novalocal,140094979696384,20183
calculate_histogram,1746.228589296341,1830.8910281658173,bigbrain_769_2412_694.nii,bin-worker-3.novalocal,139709195040512,10618
flatten,542.4107637405396,542.4908201694489,bigbrain_1538_0_694.nii,bin-worker-5.novalocal,139877923346176,16022
flatten,546.0815978050232,546.1828324794769,bigbrain_769_2412_2776.nii,bin-worker-5.novalocal,139877923346176,16022
calculate_histogram,1689.0242249965668,1836.345398902893,bigbrain_0_1809_0.nii,bin-worker-8.novalocal,140220615882496,29978
calculate_histogram,1688.077044248581,1840.2718839645386,bigbrain_2307_2412_1388.nii,bin-worker-1.novalocal,140252039583488,7575
flatten,553.2589313983917,553.3048074245453,bigbrain_1538_0_2082.nii,bin-worker-6.novalocal,140095333803776,20183
read_img,534.5563509464264,557.777257680893,bigbrain_3076_1809_694.nii,bin-worker-7.novalocal,140105046279936,24548
read_img,534.5757601261139,557.9786427021027,bigbrain_3076_2412_694.nii,bin-worker-7.novalocal,140105037887232,24548
calculate_histogram,1318.5448369979858,1848.1336507797241,bigbrain_2307_2412_694.nii,bin-worker-6.novalocal,140095333803776,20183
flatten,559.685159444809,559.8088848590851,bigbrain_1538_603_0.nii,bin-worker-7.novalocal,140105046279936,24548
flatten,560.6063146591187,560.7409965991974,bigbrain_769_2412_2082.nii,bin-worker-7.novalocal,140105046279936,24548
calculate_histogram,1297.1992645263672,1849.704240322113,bigbrain_1538_1206_0.nii,bin-worker-6.novalocal,140094946125568,20183
calculate_histogram,1342.1303675174713,1850.1468868255615,bigbrain_1538_2412_1388.nii,bin-worker-4.novalocal,139921863862016,2572
read_img,502.8352475166321,561.1488568782806,bigbrain_769_0_2776.nii,bin-worker-1.novalocal,140252073154304,7575
read_img,502.9925148487091,561.9310595989227,bigbrain_0_1206_2082.nii,bin-worker-1.novalocal,140252039583488,7575
read_img,502.99289560317993,561.8390655517578,bigbrain_2307_1206_2082.nii,bin-worker-1.novalocal,140251485959936,7575
read_img,502.99821758270264,562.7551531791687,bigbrain_3076_1809_0.nii,bin-worker-1.novalocal,140252081547008,7575
calculate_histogram,463.6864216327667,997.7875266075134,bigbrain_2307_2412_2082.nii,bin-worker-3.novalocal,139708835292928,10618
calculate_histogram,1556.9626350402832,1857.154987335205,bigbrain_3076_603_2082.nii,bin-worker-2.novalocal,140023088531200,10839
flatten,569.9907469749451,570.1593708992004,bigbrain_1538_1206_2082.nii,bin-worker-7.novalocal,140105046279936,24548
calculate_histogram,474.6224949359894,1001.3412239551544,bigbrain_3076_0_0.nii,bin-worker-3.novalocal,139709203433216,10618
flatten,1002.8400285243988,1003.0348556041718,bigbrain_0_2412_1388.nii,bin-worker-3.novalocal,139709203433216,10618
flatten,573.9299767017365,574.0539224147797,bigbrain_2307_603_694.nii,bin-worker-1.novalocal,140252039583488,7575
calculate_histogram,528.4215409755707,1436.492243051529,bigbrain_769_1809_694.nii,bin-worker-8.novalocal,140220607489792,29978
calculate_histogram,599.5222191810608,1436.907730102539,bigbrain_2307_603_694.nii,bin-worker-1.novalocal,140252039583488,7575
flatten,578.5874285697937,578.7644000053406,bigbrain_0_1809_2776.nii,bin-worker-1.novalocal,140252039583488,7575
calculate_histogram,506.0665600299835,1008.482985496521,bigbrain_0_603_0.nii,bin-worker-6.novalocal,140094971303680,20183
calculate_histogram,1672.5850713253021,1867.8140108585358,bigbrain_769_603_2082.nii,bin-worker-8.novalocal,140220590704384,29978
calculate_histogram,1788.8588733673096,1869.7550919055939,bigbrain_2307_0_694.nii,bin-worker-7.novalocal,140105004054272,24548
calculate_histogram,1374.4518399238586,1870.1199955940247,bigbrain_0_1206_694.nii,bin-worker-2.novalocal,140023096923904,10839
flatten,583.2705357074738,583.3391904830933,bigbrain_0_1206_2776.nii,bin-worker-1.novalocal,140252039583488,7575
flatten,1019.53733086586,1019.6093599796295,bigbrain_1538_0_0.nii,bin-worker-6.novalocal,140094971303680,20183
calculate_histogram,492.315327167511,1027.2698938846588,bigbrain_1538_2412_0.nii,bin-worker-1.novalocal,140252064761600,7575
calculate_histogram,573.7756161689758,1458.2836515903473,bigbrain_2307_1809_1388.nii,bin-worker-1.novalocal,140252073154304,7575
