read_img,4095.671611070633,4103.179417848587,bigbrain_2307_1809_1388.nii,bin-worker-6.novalocal,139695269467904,30448
read_img,9250.677854776382,9257.232785463333,bigbrain_0_2412_1388.nii,bin-worker-6.novalocal,139695235897088,30448
calculate_histogram,6517.044817209244,7110.5491938591,bigbrain_1538_1809_2776.nii,bin-worker-6.novalocal,139695244289792,30448
calculate_histogram,3828.5526933670044,4534.47961640358,bigbrain_769_1809_1388.nii,bin-worker-6.novalocal,139695277860608,30448
flatten,670.5922191143036,670.7089214324951,bigbrain_1538_2412_0.nii,bin-worker-6.novalocal,139695269467904,30448
flatten,670.5723848342896,670.7559533119202,bigbrain_3076_1809_2082.nii,bin-worker-6.novalocal,139695244289792,30448
flatten,672.7169060707092,672.9208912849426,bigbrain_3076_0_1388.nii,bin-worker-6.novalocal,139695269467904,30448
read_img,2388.562427520752,2391.008915901184,bigbrain_1538_1206_2082.nii,bin-worker-6.novalocal,139695771023104,30448
calculate_histogram,5213.126918792725,5828.86811375618,bigbrain_1538_2412_2082.nii,bin-worker-6.novalocal,139695277860608,30448
calculate_histogram,7441.864055633545,7977.97857260704,bigbrain_1538_0_2776.nii,bin-worker-6.novalocal,139695261075200,30448
flatten,7979.5341465473175,7979.730223655701,bigbrain_3076_2412_1388.nii,bin-worker-6.novalocal,139695261075200,30448
read_img,7115.238637924194,7122.356798887253,bigbrain_2307_1809_2082.nii,bin-worker-6.novalocal,139695244289792,30448
calculate_histogram,1340.3916165828705,1968.691493988037,bigbrain_0_603_694.nii,bin-worker-6.novalocal,139695277860608,30448
flatten,7982.163897752762,7982.360201835632,bigbrain_2307_0_2776.nii,bin-worker-6.novalocal,139695261075200,30448
flatten,1969.4468104839325,1969.6524999141693,bigbrain_0_603_2082.nii,bin-worker-6.novalocal,139695277860608,30448
calculate_histogram,68.8674201965332,681.4098336696625,bigbrain_0_1206_0.nii,bin-worker-6.novalocal,139695261075200,30448
calculate_histogram,8456.656524658203,9275.235361814499,bigbrain_0_1206_1388.nii,bin-worker-6.novalocal,139695277860608,30448
calculate_histogram,8646.267362594604,9275.806527853012,bigbrain_0_1809_694.nii,bin-worker-6.novalocal,139695252682496,30448
flatten,9276.194103717804,9276.301591157913,bigbrain_1538_1206_0.nii,bin-worker-6.novalocal,139695277860608,30448
calculate_histogram,7608.609519958496,8418.701381921768,bigbrain_1538_1206_694.nii,bin-worker-6.novalocal,139695277860608,30448
read_img,7983.453701496124,7989.791737318039,bigbrain_1538_2412_2776.nii,bin-worker-6.novalocal,139695261075200,30448
read_img,1972.9992339611053,1981.843697309494,bigbrain_3076_603_2082.nii,bin-worker-6.novalocal,139695277860608,30448
read_img,8420.21518087387,8427.557248830795,bigbrain_0_1206_1388.nii,bin-worker-6.novalocal,139695277860608,30448
calculate_histogram,1336.1855597496033,1985.1856756210327,bigbrain_1538_603_0.nii,bin-worker-6.novalocal,139695261075200,30448
calculate_histogram,8261.80539059639,8858.317327260971,bigbrain_2307_1809_0.nii,bin-worker-6.novalocal,139695269467904,30448
flatten,1986.3833076953888,1986.9562904834747,bigbrain_1538_603_694.nii,bin-worker-6.novalocal,139695261075200,30448
read_img,1986.3921744823456,1989.2321662902832,bigbrain_769_1206_2776.nii,bin-worker-6.novalocal,139695277860608,30448
calculate_histogram,2704.400339126587,3279.808798313141,bigbrain_2307_2412_0.nii,bin-worker-6.novalocal,139695252682496,30448
read_img,9278.860210418701,9293.55474972725,bigbrain_0_1206_2776.nii,bin-worker-6.novalocal,139695277860608,30448
calculate_histogram,3008.4245212078094,3711.554318666458,bigbrain_1538_1809_1388.nii,bin-worker-6.novalocal,139695771023104,30448
read_img,9279.796175003052,9295.550059556961,bigbrain_769_1206_694.nii,bin-worker-6.novalocal,139695252682496,30448
read_img,8428.600023031235,8438.190255641937,bigbrain_3076_1206_694.nii,bin-worker-6.novalocal,139695277860608,30448
flatten,9297.361396312714,9297.43361902237,bigbrain_0_2412_1388.nii,bin-worker-6.novalocal,139695277860608,30448
read_img,8864.930148363113,8871.802443742752,bigbrain_2307_1809_2776.nii,bin-worker-6.novalocal,139695269467904,30448
read_img,8438.70670247078,8448.720684051514,bigbrain_769_603_2776.nii,bin-worker-6.novalocal,139695277860608,30448
calculate_histogram,2674.514927625656,3294.9149515628815,bigbrain_3076_603_1388.nii,bin-worker-6.novalocal,139695277860608,30448
calculate_histogram,6621.77724480629,7161.66540813446,bigbrain_0_0_2776.nii,bin-worker-6.novalocal,139695235897088,30448
flatten,3296.7130041122437,3296.8460280895233,bigbrain_3076_1809_2776.nii,bin-worker-6.novalocal,139695277860608,30448
calculate_histogram,5995.6398186683655,6732.993745088577,bigbrain_769_1809_2082.nii,bin-worker-6.novalocal,139695261075200,30448
calculate_histogram,1300.2655899524689,2010.109147310257,bigbrain_0_1206_694.nii,bin-worker-6.novalocal,139695235897088,30448
flatten,8451.953912973404,8452.41167640686,bigbrain_0_1206_1388.nii,bin-worker-6.novalocal,139695277860608,30448
calculate_histogram,71.92723035812378,721.6946306228638,bigbrain_1538_2412_1388.nii,bin-worker-6.novalocal,139695235897088,30448
flatten,6735.1224501132965,6735.258446216583,bigbrain_3076_1206_2082.nii,bin-worker-6.novalocal,139695261075200,30448
read_img,9298.246387720108,9313.12287735939,bigbrain_0_0_0.nii,bin-worker-6.novalocal,139695252682496,30448
read_img,9298.386988401413,9313.285223007202,bigbrain_2307_603_2776.nii,bin-worker-6.novalocal,139695277860608,30448
flatten,2011.76646733284,2011.9074721336365,bigbrain_3076_603_2082.nii,bin-worker-6.novalocal,139695235897088,30448
flatten,8455.087634325027,8455.226345062256,bigbrain_3076_1206_694.nii,bin-worker-6.novalocal,139695277860608,30448
flatten,2013.869238615036,2014.0816798210144,bigbrain_769_1206_2776.nii,bin-worker-6.novalocal,139695235897088,30448
flatten,9315.58224606514,9315.69031381607,bigbrain_0_1206_2776.nii,bin-worker-6.novalocal,139695277860608,30448
calculate_histogram,7026.4096512794495,7599.318484067917,bigbrain_769_0_2776.nii,bin-worker-6.novalocal,139695277860608,30448
flatten,7600.098170995712,7600.482976913452,bigbrain_1538_1206_694.nii,bin-worker-6.novalocal,139695277860608,30448
read_img,3302.656252861023,3309.000443458557,bigbrain_3076_1809_1388.nii,bin-worker-6.novalocal,139695277860608,30448
read_img,7168.111506462097,7174.957395076752,bigbrain_1538_1809_2082.nii,bin-worker-6.novalocal,139695235897088,30448
calculate_histogram,4483.186838388443,5027.345798254013,bigbrain_3076_2412_2776.nii,bin-worker-6.novalocal,139695771023104,30448
read_img,6735.94114613533,6746.499388694763,bigbrain_3076_2412_2082.nii,bin-worker-6.novalocal,139695261075200,30448
flatten,7176.008875370026,7176.135931015015,bigbrain_2307_1809_2082.nii,bin-worker-6.novalocal,139695235897088,30448
flatten,3311.435367822647,3311.6045038700104,bigbrain_0_1206_2082.nii,bin-worker-6.novalocal,139695277860608,30448
flatten,7606.554001569748,7606.684299707413,bigbrain_2307_603_0.nii,bin-worker-6.novalocal,139695277860608,30448
calculate_histogram,62.64210796356201,735.0194058418274,bigbrain_0_1809_1388.nii,bin-worker-6.novalocal,139695277860608,30448
read_img,725.5898220539093,735.9457640647888,bigbrain_3076_0_0.nii,bin-worker-6.novalocal,139695235897088,30448
read_img,2018.9388813972473,2025.266917705536,bigbrain_0_2412_2776.nii,bin-worker-6.novalocal,139695235897088,30448
calculate_histogram,2668.072762489319,3314.6324570178986,bigbrain_2307_603_694.nii,bin-worker-6.novalocal,139695235897088,30448
calculate_histogram,2727.3899602890015,3318.3909051418304,bigbrain_3076_603_0.nii,bin-worker-6.novalocal,139695269467904,30448
read_img,7177.296439409256,7184.354635953903,bigbrain_1538_0_2776.nii,bin-worker-6.novalocal,139695235897088,30448
read_img,3318.5841488838196,3321.0238575935364,bigbrain_769_2412_694.nii,bin-worker-6.novalocal,139695235897088,30448
calculate_histogram,8359.833547353745,8905.555506706238,bigbrain_0_603_2776.nii,bin-worker-6.novalocal,139695771023104,30448
flatten,3322.1269619464874,3322.2899770736694,bigbrain_3076_1809_1388.nii,bin-worker-6.novalocal,139695235897088,30448
read_img,5034.006637334824,5041.721667766571,bigbrain_1538_0_1388.nii,bin-worker-6.novalocal,139695771023104,30448
read_img,737.6687369346619,746.8863749504089,bigbrain_2307_0_2082.nii,bin-worker-6.novalocal,139695277860608,30448
calculate_histogram,5777.08988237381,6331.912129402161,bigbrain_3076_0_2082.nii,bin-worker-6.novalocal,139695771023104,30448
calculate_histogram,7936.7079219818115,8479.294346094131,bigbrain_3076_603_694.nii,bin-worker-6.novalocal,139695235897088,30448
read_img,8908.959096431732,8915.573248624802,bigbrain_2307_1206_1388.nii,bin-worker-6.novalocal,139695771023104,30448
read_img,3324.2972509860992,3332.5310957431793,bigbrain_769_2412_2776.nii,bin-worker-6.novalocal,139695235897088,30448
flatten,3333.5745375156403,3333.780385017395,bigbrain_769_2412_694.nii,bin-worker-6.novalocal,139695235897088,30448
flatten,756.8129706382751,756.8824243545532,bigbrain_3076_0_0.nii,bin-worker-6.novalocal,139695277860608,30448
flatten,8918.43512225151,8918.548073291779,bigbrain_2307_1809_2776.nii,bin-worker-6.novalocal,139695771023104,30448
calculate_histogram,8779.074450016022,9351.484072208405,bigbrain_769_2412_2082.nii,bin-worker-6.novalocal,139692444743424,30448
calculate_histogram,9913.060371398926,10212.149204730988,bigbrain_769_2412_0.nii,bin-worker-6.novalocal,139695277860608,30448
read_img,8483.733284235,8495.008484363556,bigbrain_0_1809_694.nii,bin-worker-6.novalocal,139695235897088,30448
read_img,759.6890044212341,766.7850241661072,bigbrain_0_1809_0.nii,bin-worker-6.novalocal,139695277860608,30448
read_img,8919.89225268364,8928.565272808075,bigbrain_769_1809_0.nii,bin-worker-6.novalocal,139695771023104,30448
calculate_histogram,1379.0036540031433,2057.8472974300385,bigbrain_769_1206_0.nii,bin-worker-6.novalocal,139695252682496,30448
flatten,8930.005143642426,8930.194047689438,bigbrain_2307_1206_1388.nii,bin-worker-6.novalocal,139695771023104,30448
flatten,769.8725309371948,770.3734486103058,bigbrain_2307_0_2082.nii,bin-worker-6.novalocal,139695277860608,30448
calculate_histogram,9926.034341096878,10221.185705900192,bigbrain_769_1809_2776.nii,bin-worker-6.novalocal,139695235897088,30448
calculate_histogram,8756.260988235474,9367.083883047104,bigbrain_2307_1206_0.nii,bin-worker-6.novalocal,139695244289792,30448
calculate_histogram,5737.117228269577,6360.660900592804,bigbrain_2307_1206_2776.nii,bin-worker-6.novalocal,139692444743424,30448
flatten,6361.503986597061,6361.719531536102,bigbrain_3076_0_2776.nii,bin-worker-6.novalocal,139692444743424,30448
flatten,9368.42904496193,9368.628738880157,bigbrain_769_1206_694.nii,bin-worker-6.novalocal,139695244289792,30448
calculate_histogram,9943.22897195816,10228.632124185562,bigbrain_3076_1809_694.nii,bin-worker-6.novalocal,139692444743424,30448
combine_histogram,10228.883752822876,10228.917214155197,all_file,bin-worker-6.novalocal,139695252682496,30448
combine_histogram,10229.165146827698,10229.2014503479,all_file,bin-worker-6.novalocal,139695252682496,30448
combine_histogram,10229.413852930069,10229.43453502655,all_file,bin-worker-6.novalocal,139695252682496,30448
combine_histogram,10229.552776813507,10229.59625196457,all_file,bin-worker-6.novalocal,139695252682496,30448
combine_histogram,10229.800230503082,10229.830555677414,all_file,bin-worker-6.novalocal,139695252682496,30448
combine_histogram,10229.875899791718,10229.917793989182,all_file,bin-worker-6.novalocal,139695252682496,30448
combine_histogram,10230.049664258957,10230.091132164001,all_file,bin-worker-6.novalocal,139695252682496,30448
combine_histogram,10230.237481117249,10230.27550125122,all_file,bin-worker-6.novalocal,139695252682496,30448
combine_histogram,10230.542112350464,10230.576459884644,all_file,bin-worker-6.novalocal,139695252682496,30448
combine_histogram,10230.745707035065,10230.777216434479,all_file,bin-worker-6.novalocal,139695252682496,30448
combine_histogram,10230.967734098434,10231.0019261837,all_file,bin-worker-6.novalocal,139695252682496,30448
combine_histogram,10231.0752120018,10231.112578868866,all_file,bin-worker-6.novalocal,139695252682496,30448
combine_histogram,10231.186725616455,10231.213129281998,all_file,bin-worker-6.novalocal,139695252682496,30448
combine_histogram,10231.29767537117,10231.330607175827,all_file,bin-worker-6.novalocal,139695252682496,30448
combine_histogram,10231.398760795593,10231.423861265182,all_file,bin-worker-6.novalocal,139695252682496,30448
combine_histogram,10231.850760221481,10231.881506443024,all_file,bin-worker-6.novalocal,139695252682496,30448
combine_histogram,10232.138795375824,10232.163658380508,all_file,bin-worker-6.novalocal,139695252682496,30448
combine_histogram,10232.366612911224,10232.38898229599,all_file,bin-worker-6.novalocal,139695252682496,30448
calculate_histogram,5347.43310046196,5937.440256118774,bigbrain_2307_2412_2082.nii,bin-worker-6.novalocal,139695235897088,30448
combine_histogram,10232.46336054802,10232.483550310135,all_file,bin-worker-6.novalocal,139695252682496,30448
combine_histogram,10232.533550977707,10232.56120967865,all_file,bin-worker-6.novalocal,139695252682496,30448
combine_histogram,10232.645194530487,10232.688008069992,all_file,bin-worker-6.novalocal,139695252682496,30448
combine_histogram,10232.877927780151,10232.924080371857,all_file,bin-worker-6.novalocal,139695252682496,30448
combine_histogram,10233.085632801056,10233.120079517365,all_file,bin-worker-6.novalocal,139695252682496,30448
combine_histogram,10233.405315160751,10233.446575164795,all_file,bin-worker-6.novalocal,139695252682496,30448
combine_histogram,10233.864964485168,10233.887026071548,all_file,bin-worker-6.novalocal,139695252682496,30448
combine_histogram,10234.037086725235,10234.070580482483,all_file,bin-worker-6.novalocal,139695252682496,30448
combine_histogram,10234.148713588715,10234.183393716812,all_file,bin-worker-6.novalocal,139695252682496,30448
combine_histogram,10234.38960647583,10234.41661310196,all_file,bin-worker-6.novalocal,139695252682496,30448
calculate_histogram,626.6244299411774,1214.5804903507233,bigbrain_2307_2412_2776.nii,bin-worker-6.novalocal,139692444743424,30448
combine_histogram,10234.609525680542,10234.638863563538,all_file,bin-worker-6.novalocal,139695252682496,30448
calculate_histogram,4450.761700391769,5080.291920900345,bigbrain_2307_2412_694.nii,bin-worker-6.novalocal,139692444743424,30448
combine_histogram,10235.027710437775,10235.069520235062,all_file,bin-worker-6.novalocal,139695252682496,30448
flatten,1215.6370062828064,1215.7807610034943,bigbrain_0_1809_0.nii,bin-worker-6.novalocal,139692444743424,30448
combine_histogram,10235.396761417389,10235.438909769058,all_file,bin-worker-6.novalocal,139695252682496,30448
combine_histogram,10235.62360739708,10235.668594837189,all_file,bin-worker-6.novalocal,139695252682496,30448
calculate_histogram,2671.2102551460266,3363.654630422592,bigbrain_3076_1206_1388.nii,bin-worker-6.novalocal,139695244289792,30448
combine_histogram,10236.341168165207,10236.37742304802,all_file,bin-worker-6.novalocal,139695252682496,30448
combine_histogram,10236.626123189926,10236.668904066086,all_file,bin-worker-6.novalocal,139695252682496,30448
combine_histogram,10236.688918352127,10236.717039585114,all_file,bin-worker-6.novalocal,139695252682496,30448
combine_histogram,10236.769594669342,10236.80308675766,all_file,bin-worker-6.novalocal,139695252682496,30448
combine_histogram,10237.043085336685,10237.074871063232,all_file,bin-worker-6.novalocal,139695252682496,30448
calculate_histogram,7305.35057926178,8089.6780824661255,bigbrain_1538_1809_2082.nii,bin-worker-6.novalocal,139695252682496,30448
combine_histogram,10237.320852279663,10237.354316711426,all_file,bin-worker-6.novalocal,139695252682496,30448
flatten,5082.2706661224365,5082.492832660675,bigbrain_769_0_2082.nii,bin-worker-6.novalocal,139692444743424,30448
combine_histogram,10237.514605998993,10237.54782295227,all_file,bin-worker-6.novalocal,139695252682496,30448
combine_histogram,10237.631413936615,10237.66233921051,all_file,bin-worker-6.novalocal,139695252682496,30448
combine_histogram,10237.843064546585,10237.876966714859,all_file,bin-worker-6.novalocal,139695252682496,30448
combine_histogram,10238.00117611885,10238.03787112236,all_file,bin-worker-6.novalocal,139695252682496,30448
read_img,6363.69752240181,6372.590345621109,bigbrain_1538_1809_2776.nii,bin-worker-6.novalocal,139692444743424,30448
calculate_histogram,70.92260241508484,789.2096040248871,bigbrain_1538_1206_1388.nii,bin-worker-6.novalocal,139695252682496,30448
combine_histogram,10238.388717412949,10238.416124343872,all_file,bin-worker-6.novalocal,139695252682496,30448
combine_histogram,10238.586599349976,10238.624677419662,all_file,bin-worker-6.novalocal,139695252682496,30448
combine_histogram,10238.74568772316,10238.780832529068,all_file,bin-worker-6.novalocal,139695252682496,30448
combine_histogram,10238.89717078209,10238.938811063766,all_file,bin-worker-6.novalocal,139695252682496,30448
combine_histogram,10239.277248859406,10239.314686775208,all_file,bin-worker-6.novalocal,139695252682496,30448
combine_histogram,10239.568010568619,10239.604819059372,all_file,bin-worker-6.novalocal,139695252682496,30448
flatten,6373.670528650284,6373.849988222122,bigbrain_2307_603_2082.nii,bin-worker-6.novalocal,139692444743424,30448
combine_histogram,10239.876605510712,10239.917154312134,all_file,bin-worker-6.novalocal,139695252682496,30448
combine_histogram,10240.202213287354,10240.22573518753,all_file,bin-worker-6.novalocal,139695252682496,30448
combine_histogram,10240.390639305115,10240.412776470184,all_file,bin-worker-6.novalocal,139695252682496,30448
combine_histogram,10240.807587862015,10240.832137584686,all_file,bin-worker-6.novalocal,139695252682496,30448
combine_histogram,10241.395855903625,10241.416487932205,all_file,bin-worker-6.novalocal,139695252682496,30448
combine_histogram,10241.66152381897,10241.690289258957,all_file,bin-worker-6.novalocal,139695252682496,30448
read_img,5940.16042304039,5946.806520462036,bigbrain_769_0_1388.nii,bin-worker-6.novalocal,139695235897088,30448
combine_histogram,10241.942946195602,10241.975756645203,all_file,bin-worker-6.novalocal,139695252682496,30448
combine_histogram,10242.113009214401,10242.152513504028,all_file,bin-worker-6.novalocal,139695252682496,30448
calculate_histogram,5381.877156734467,5947.261967897415,bigbrain_0_1809_2776.nii,bin-worker-6.novalocal,139695261075200,30448
combine_histogram,10242.306757926941,10242.343707323074,all_file,bin-worker-6.novalocal,139695252682496,30448
combine_histogram,10243.019727945328,10243.057234048843,all_file,bin-worker-6.novalocal,139695252682496,30448
combine_histogram,10243.188050031662,10243.226330757141,all_file,bin-worker-6.novalocal,139695252682496,30448
read_img,1216.2762894630432,1224.0801379680634,bigbrain_2307_0_694.nii,bin-worker-6.novalocal,139692444743424,30448
combine_histogram,10243.621104240417,10243.652884244919,all_file,bin-worker-6.novalocal,139695252682496,30448
read_img,9376.33272075653,9384.671178817749,bigbrain_769_2412_0.nii,bin-worker-6.novalocal,139695244289792,30448
combine_histogram,10243.997620105743,10244.033904790878,all_file,bin-worker-6.novalocal,139695252682496,30448
combine_histogram,10244.19765496254,10244.235413074493,all_file,bin-worker-6.novalocal,139695252682496,30448
combine_histogram,10244.308605194092,10244.338011264801,all_file,bin-worker-6.novalocal,139695252682496,30448
flatten,5949.396035671234,5949.492587804794,bigbrain_0_0_2082.nii,bin-worker-6.novalocal,139695235897088,30448
combine_histogram,10244.483977079391,10244.518661737442,all_file,bin-worker-6.novalocal,139695252682496,30448
combine_histogram,10244.938789129257,10244.966839551926,all_file,bin-worker-6.novalocal,139695252682496,30448
combine_histogram,10245.173537254333,10245.20758152008,all_file,bin-worker-6.novalocal,139695252682496,30448
combine_histogram,10245.426012992859,10245.456023931503,all_file,bin-worker-6.novalocal,139695252682496,30448
calculate_histogram,6947.591469287872,7668.612508296967,bigbrain_2307_1206_2082.nii,bin-worker-6.novalocal,139692444743424,30448
combine_histogram,10246.210114479065,10246.232798576355,all_file,bin-worker-6.novalocal,139695252682496,30448
combine_histogram,10246.333911657333,10246.365838050842,all_file,bin-worker-6.novalocal,139695252682496,30448
combine_histogram,10246.499691009521,10246.53082227707,all_file,bin-worker-6.novalocal,139695252682496,30448
combine_histogram,10246.679506063461,10246.71496295929,all_file,bin-worker-6.novalocal,139695252682496,30448
combine_histogram,10246.968031406403,10247.005595684052,all_file,bin-worker-6.novalocal,139695252682496,30448
read_img,5086.682199716568,5093.20724606514,bigbrain_1538_2412_2082.nii,bin-worker-6.novalocal,139692444743424,30448
combine_histogram,10247.233790397644,10247.268216133118,all_file,bin-worker-6.novalocal,139695252682496,30448
combine_histogram,10247.505937814713,10247.543258666992,all_file,bin-worker-6.novalocal,139695252682496,30448
combine_histogram,10247.979112625122,10247.999392747879,all_file,bin-worker-6.novalocal,139695252682496,30448
combine_histogram,10248.283885240555,10248.30631327629,all_file,bin-worker-6.novalocal,139695252682496,30448
calculate_histogram,3280.9089431762695,3805.8732628822327,bigbrain_3076_1206_0.nii,bin-worker-6.novalocal,139695252682496,30448
combine_histogram,10248.537474155426,10248.55777478218,all_file,bin-worker-6.novalocal,139695252682496,30448
calculate_histogram,4398.0153160095215,5095.004644393921,bigbrain_2307_1809_1388.nii,bin-worker-6.novalocal,139695252682496,30448
calculate_histogram,4070.2443301677704,4665.842046022415,bigbrain_0_603_0.nii,bin-worker-6.novalocal,139695244289792,30448
combine_histogram,10249.370125293732,10249.392258644104,all_file,bin-worker-6.novalocal,139695252682496,30448
combine_histogram,10249.460537672043,10249.481096506119,all_file,bin-worker-6.novalocal,139695252682496,30448
combine_histogram,10249.595871686935,10249.623283624649,all_file,bin-worker-6.novalocal,139695252682496,30448
combine_histogram,10249.926048755646,10249.954993724823,all_file,bin-worker-6.novalocal,139695252682496,30448
flatten,3807.3297367095947,3807.7128303050995,bigbrain_769_1809_1388.nii,bin-worker-6.novalocal,139695252682496,30448
combine_histogram,10250.308759212494,10250.339915275574,all_file,bin-worker-6.novalocal,139695252682496,30448
flatten,4666.721667766571,4666.833220243454,bigbrain_769_2412_1388.nii,bin-worker-6.novalocal,139695244289792,30448
flatten,5096.404196739197,5096.5354969501495,bigbrain_1538_0_1388.nii,bin-worker-6.novalocal,139695252682496,30448
combine_histogram,10250.54396224022,10250.570226669312,all_file,bin-worker-6.novalocal,139695252682496,30448
read_img,3372.156559944153,3378.766682624817,bigbrain_769_603_694.nii,bin-worker-6.novalocal,139695244289792,30448
combine_histogram,10251.01316523552,10251.045248270035,all_file,bin-worker-6.novalocal,139695252682496,30448
combine_histogram,10251.093170404434,10251.120146989822,all_file,bin-worker-6.novalocal,139695252682496,30448
combine_histogram,10251.326844215393,10251.358937978745,all_file,bin-worker-6.novalocal,139695252682496,30448
combine_histogram,10251.570162057877,10251.597596406937,all_file,bin-worker-6.novalocal,139695252682496,30448
combine_histogram,10251.768156766891,10251.794582605362,all_file,bin-worker-6.novalocal,139695252682496,30448
read_img,5949.957402706146,5956.9122450351715,bigbrain_769_1809_2082.nii,bin-worker-6.novalocal,139695261075200,30448
combine_histogram,10252.078005313873,10252.110975265503,all_file,bin-worker-6.novalocal,139695252682496,30448
combine_histogram,10252.309627056122,10252.332569360733,all_file,bin-worker-6.novalocal,139695252682496,30448
combine_histogram,10252.3834502697,10252.409140586853,all_file,bin-worker-6.novalocal,139695252682496,30448
combine_histogram,10252.514583349228,10252.5374417305,all_file,bin-worker-6.novalocal,139695252682496,30448
combine_histogram,10252.55946803093,10252.578422784805,all_file,bin-worker-6.novalocal,139695252682496,30448
combine_histogram,10252.774555444717,10252.799536705017,all_file,bin-worker-6.novalocal,139695252682496,30448
combine_histogram,10253.321222782135,10253.345611095428,all_file,bin-worker-6.novalocal,139695252682496,30448
combine_histogram,10253.845823764801,10253.877548456192,all_file,bin-worker-6.novalocal,139695252682496,30448
calculate_histogram,5833.071318149567,6388.497345685959,bigbrain_3076_1206_2776.nii,bin-worker-6.novalocal,139695277860608,30448
combine_histogram,10254.185220479965,10254.215485572815,all_file,bin-worker-6.novalocal,139695252682496,30448
combine_histogram,10254.726167440414,10254.750581264496,all_file,bin-worker-6.novalocal,139695252682496,30448
combine_histogram,10255.001035928726,10255.031288385391,all_file,bin-worker-6.novalocal,139695252682496,30448
combine_histogram,10255.147500038147,10255.170033693314,all_file,bin-worker-6.novalocal,139695252682496,30448
combine_histogram,10255.225771665573,10255.261387109756,all_file,bin-worker-6.novalocal,139695252682496,30448
combine_histogram,10255.440191030502,10255.47990489006,all_file,bin-worker-6.novalocal,139695252682496,30448
combine_histogram,10255.653100728989,10255.685336828232,all_file,bin-worker-6.novalocal,139695252682496,30448
combine_histogram,10255.792078733444,10255.833278656006,all_file,bin-worker-6.novalocal,139695252682496,30448
combine_histogram,10255.948173046112,10255.981485843658,all_file,bin-worker-6.novalocal,139695252682496,30448
combine_histogram,10256.052785396576,10256.094937801361,all_file,bin-worker-6.novalocal,139695252682496,30448
combine_histogram,10256.123841524124,10256.156360387802,all_file,bin-worker-6.novalocal,139695252682496,30448
combine_histogram,10256.392829418182,10256.431393623352,all_file,bin-worker-6.novalocal,139695252682496,30448
combine_histogram,10256.612703561783,10256.655441045761,all_file,bin-worker-6.novalocal,139695252682496,30448
combine_histogram,10256.865023374557,10256.901001214981,all_file,bin-worker-6.novalocal,139695252682496,30448
calculate_histogram,5351.397522687912,5961.446865797043,bigbrain_3076_603_2776.nii,bin-worker-6.novalocal,139695244289792,30448
combine_histogram,10257.15413570404,10257.187172174454,all_file,bin-worker-6.novalocal,139695252682496,30448
calculate_histogram,8872.71530866623,9398.169499635696,bigbrain_2307_0_0.nii,bin-worker-6.novalocal,139695269467904,30448
read_img,4667.757509946823,4673.892400503159,bigbrain_1538_0_0.nii,bin-worker-6.novalocal,139695244289792,30448
combine_histogram,10257.58324790001,10257.622849941254,all_file,bin-worker-6.novalocal,139695252682496,30448
combine_histogram,10257.734645605087,10257.76600265503,all_file,bin-worker-6.novalocal,139695252682496,30448
combine_histogram,10257.893137931824,10257.92686533928,all_file,bin-worker-6.novalocal,139695252682496,30448
read_img,7674.1936230659485,7681.092572212219,bigbrain_0_1809_2082.nii,bin-worker-6.novalocal,139692444743424,30448
combine_histogram,10258.078609704971,10258.109789609909,all_file,bin-worker-6.novalocal,139695252682496,30448
read_img,1228.5900220870972,1238.6629333496094,bigbrain_0_1206_694.nii,bin-worker-6.novalocal,139692444743424,30448
combine_histogram,10258.32090306282,10258.353728532791,all_file,bin-worker-6.novalocal,139695252682496,30448
combine_histogram,10258.425027370453,10258.45975613594,all_file,bin-worker-6.novalocal,139695252682496,30448
combine_histogram,10258.474749326706,10258.498430252075,all_file,bin-worker-6.novalocal,139695252682496,30448
combine_histogram,10258.65693283081,10258.68819475174,all_file,bin-worker-6.novalocal,139695252682496,30448
combine_histogram,10258.87466096878,10258.908140182495,all_file,bin-worker-6.novalocal,139695252682496,30448
combine_histogram,10259.02379322052,10259.067377090454,all_file,bin-worker-6.novalocal,139695252682496,30448
combine_histogram,10259.141763210297,10259.184311628342,all_file,bin-worker-6.novalocal,139695252682496,30448
combine_histogram,10259.287224769592,10259.328236103058,all_file,bin-worker-6.novalocal,139695252682496,30448
read_img,3809.443038702011,3816.993248939514,bigbrain_1538_0_2082.nii,bin-worker-6.novalocal,139695252682496,30448
combine_histogram,10259.669681549072,10259.71671462059,all_file,bin-worker-6.novalocal,139695252682496,30448
read_img,5097.614878892899,5107.047975301743,bigbrain_1538_1809_694.nii,bin-worker-6.novalocal,139695252682496,30448
calculate_histogram,4107.244677782059,4677.6317002773285,bigbrain_3076_2412_694.nii,bin-worker-6.novalocal,139695269467904,30448
flatten,9402.272444963455,9402.376423835754,bigbrain_0_0_0.nii,bin-worker-6.novalocal,139695269467904,30448
save_histogram,10260.583716869354,10261.512388706207,all_file,driver.novalocal,140562518705984,19558
flatten,9404.295610427856,9404.606983423233,bigbrain_2307_603_2776.nii,bin-worker-6.novalocal,139695269467904,30448
read_img,5959.297435998917,5970.1933743953705,bigbrain_1538_1206_2776.nii,bin-worker-6.novalocal,139695235897088,30448
read_img,5959.20471072197,5970.894611358643,bigbrain_769_1809_694.nii,bin-worker-6.novalocal,139695261075200,30448
flatten,5112.192558050156,5112.286730051041,bigbrain_1538_2412_2082.nii,bin-worker-6.novalocal,139695252682496,30448
read_img,6391.952040433884,6401.059749126434,bigbrain_769_1206_2082.nii,bin-worker-6.novalocal,139695277860608,30448
flatten,5972.99515247345,5973.180768966675,bigbrain_769_0_1388.nii,bin-worker-6.novalocal,139695261075200,30448
calculate_histogram,7991.196788549423,8550.72048163414,bigbrain_3076_2412_1388.nii,bin-worker-6.novalocal,139695261075200,30448
calculate_histogram,3314.1731786727905,3827.1395325660706,bigbrain_3076_1809_2776.nii,bin-worker-6.novalocal,139695277860608,30448
read_img,3820.7184250354767,3827.7243123054504,bigbrain_0_0_694.nii,bin-worker-6.novalocal,139695252682496,30448
flatten,8552.489841222763,8552.60311794281,bigbrain_769_603_2776.nii,bin-worker-6.novalocal,139695261075200,30448
flatten,3828.5580122470856,3828.734188079834,bigbrain_1538_0_2082.nii,bin-worker-6.novalocal,139695252682496,30448
flatten,3831.647349357605,3831.819331407547,bigbrain_0_0_694.nii,bin-worker-6.novalocal,139695252682496,30448
read_img,4679.880683660507,4692.763615131378,bigbrain_0_2412_694.nii,bin-worker-6.novalocal,139695269467904,30448
read_img,4679.931775331497,4692.784783124924,bigbrain_3076_1809_0.nii,bin-worker-6.novalocal,139695244289792,30448
flatten,4694.432729959488,4694.537257194519,bigbrain_1538_0_0.nii,bin-worker-6.novalocal,139695269467904,30448
read_img,5973.345687627792,5983.937883615494,bigbrain_3076_0_2776.nii,bin-worker-6.novalocal,139695235897088,30448
read_img,5974.73327589035,5985.164075374603,bigbrain_2307_603_2082.nii,bin-worker-6.novalocal,139695261075200,30448
calculate_histogram,1835.9861307144165,2549.494261264801,bigbrain_769_1206_1388.nii,bin-worker-6.novalocal,139692444743424,30448
flatten,5985.624078273773,5985.759463071823,bigbrain_769_1809_2082.nii,bin-worker-6.novalocal,139695235897088,30448
read_img,8556.612463474274,8563.689246177673,bigbrain_2307_1206_0.nii,bin-worker-6.novalocal,139695261075200,30448
flatten,4699.472551584244,4699.680711269379,bigbrain_0_2412_694.nii,bin-worker-6.novalocal,139695269467904,30448
calculate_histogram,2393.571118116379,2982.4964673519135,bigbrain_769_0_0.nii,bin-worker-6.novalocal,139695771023104,30448
calculate_histogram,625.0182237625122,1264.6706824302673,bigbrain_769_0_694.nii,bin-worker-6.novalocal,139695771023104,30448
flatten,1266.0088274478912,1266.1658682823181,bigbrain_2307_0_694.nii,bin-worker-6.novalocal,139695771023104,30448
flatten,2984.856625556946,2984.9783914089203,bigbrain_1538_1809_1388.nii,bin-worker-6.novalocal,139695771023104,30448
calculate_histogram,7100.784085512161,7711.302752494812,bigbrain_0_603_1388.nii,bin-worker-6.novalocal,139695771023104,30448
flatten,5994.517218589783,5994.613551616669,bigbrain_769_1809_694.nii,bin-worker-6.novalocal,139695261075200,30448
calculate_histogram,3179.2269151210785,3854.361435174942,bigbrain_1538_603_2776.nii,bin-worker-6.novalocal,139692444743424,30448
read_img,2986.9205782413483,2995.3961098194122,bigbrain_1538_603_2776.nii,bin-worker-6.novalocal,139695771023104,30448
read_img,7713.219787359238,7720.667982578278,bigbrain_769_603_2082.nii,bin-worker-6.novalocal,139695771023104,30448
flatten,7722.225257158279,7722.355726242065,bigbrain_0_1809_2082.nii,bin-worker-6.novalocal,139695771023104,30448
calculate_histogram,6085.562398195267,6864.208052635193,bigbrain_769_1809_694.nii,bin-worker-6.novalocal,139695269467904,30448
calculate_histogram,4066.7143247127533,4717.557019472122,bigbrain_2307_2412_1388.nii,bin-worker-6.novalocal,139695235897088,30448
calculate_histogram,6522.654726028442,7294.830767154694,bigbrain_769_1206_2082.nii,bin-worker-6.novalocal,139695252682496,30448
calculate_histogram,2649.6621177196503,3430.422533750534,bigbrain_1538_1206_2082.nii,bin-worker-6.novalocal,139695261075200,30448
flatten,6867.734905004501,6867.949844837189,bigbrain_3076_2412_2082.nii,bin-worker-6.novalocal,139695269467904,30448
flatten,7296.925761461258,7297.111436843872,bigbrain_1538_1809_2082.nii,bin-worker-6.novalocal,139695252682496,30448
read_img,1276.250910282135,1284.3132367134094,bigbrain_0_0_1388.nii,bin-worker-6.novalocal,139695771023104,30448
flatten,3434.3978340625763,3434.563743829727,bigbrain_769_2412_2776.nii,bin-worker-6.novalocal,139695261075200,30448
read_img,2999.679112672806,3005.981435060501,bigbrain_3076_1206_0.nii,bin-worker-6.novalocal,139695771023104,30448
read_img,3858.5191943645477,3866.4846184253693,bigbrain_1538_603_1388.nii,bin-worker-6.novalocal,139692444743424,30448
calculate_histogram,1362.6255233287811,2148.490566968918,bigbrain_2307_1206_694.nii,bin-worker-6.novalocal,139695269467904,30448
read_img,7725.641270637512,7732.382484912872,bigbrain_3076_603_694.nii,bin-worker-6.novalocal,139695771023104,30448
flatten,7304.281175136566,7304.447065830231,bigbrain_1538_0_2776.nii,bin-worker-6.novalocal,139695252682496,30448
calculate_histogram,672.4456768035889,1292.3751740455627,bigbrain_3076_2412_0.nii,bin-worker-6.novalocal,139695244289792,30448
read_img,0.4254953861236572,2.6509039402008057,bigbrain_0_2412_0.nii,bin-worker-6.novalocal,139695269467904,30448
read_img,6869.376442909241,6877.270618915558,bigbrain_2307_1206_2082.nii,bin-worker-6.novalocal,139695269467904,30448
flatten,1295.1115958690643,1295.2598304748535,bigbrain_0_1206_694.nii,bin-worker-6.novalocal,139695244289792,30448
calculate_histogram,737.546543598175,1295.7661757469177,bigbrain_3076_0_1388.nii,bin-worker-6.novalocal,139695235897088,30448
read_img,4723.8484852313995,4731.727876424789,bigbrain_1538_603_2082.nii,bin-worker-6.novalocal,139695235897088,30448
calculate_histogram,684.73663854599,1296.1842308044434,bigbrain_1538_2412_0.nii,bin-worker-6.novalocal,139695261075200,30448
flatten,1297.0827980041504,1297.1760206222534,bigbrain_0_0_1388.nii,bin-worker-6.novalocal,139695235897088,30448
read_img,2151.2751774787903,2157.7553639411926,bigbrain_769_0_0.nii,bin-worker-6.novalocal,139695269467904,30448
read_img,1297.154818534851,1298.7692997455597,bigbrain_1538_603_0.nii,bin-worker-6.novalocal,139695244289792,30448
read_img,0.4257330894470215,6.826150894165039,bigbrain_0_1809_1388.nii,bin-worker-6.novalocal,139695277860608,30448
read_img,3436.200516939163,3447.5857462882996,bigbrain_769_1809_1388.nii,bin-worker-6.novalocal,139695261075200,30448
flatten,2159.388551712036,2159.4547638893127,bigbrain_0_2412_2776.nii,bin-worker-6.novalocal,139695269467904,30448
flatten,3448.526607990265,3448.719475746155,bigbrain_769_603_694.nii,bin-worker-6.novalocal,139695261075200,30448
calculate_histogram,9318.480550050735,9892.896045923233,bigbrain_0_2412_1388.nii,bin-worker-6.novalocal,139695277860608,30448
read_img,6881.681556463242,6888.198301315308,bigbrain_769_0_2776.nii,bin-worker-6.novalocal,139695269467904,30448
read_img,2160.4441154003143,2166.8309721946716,bigbrain_769_603_0.nii,bin-worker-6.novalocal,139695269467904,30448
read_img,1297.1600215435028,1310.2357308864594,bigbrain_0_603_694.nii,bin-worker-6.novalocal,139695261075200,30448
read_img,1301.7700638771057,1314.9951074123383,bigbrain_2307_1206_694.nii,bin-worker-6.novalocal,139695244289792,30448
read_img,9898.146878480911,9906.426493644714,bigbrain_769_1809_2776.nii,bin-worker-6.novalocal,139695277860608,30448
calculate_histogram,9259.125860214233,9907.924234390259,bigbrain_769_1809_0.nii,bin-worker-6.novalocal,139695235897088,30448
flatten,9908.71743106842,9908.875524044037,bigbrain_769_2412_0.nii,bin-worker-6.novalocal,139695277860608,30448
flatten,1321.3651089668274,1321.4552097320557,bigbrain_1538_603_0.nii,bin-worker-6.novalocal,139695261075200,30448
flatten,1323.5288350582123,1323.6909070014954,bigbrain_0_603_694.nii,bin-worker-6.novalocal,139695261075200,30448
read_img,9908.741373062134,9917.677320480347,bigbrain_3076_1809_694.nii,bin-worker-6.novalocal,139695235897088,30448
flatten,1328.6291816234589,1328.7679932117462,bigbrain_2307_1206_694.nii,bin-worker-6.novalocal,139695261075200,30448
calculate_histogram,8092.44758439064,8631.007719516754,bigbrain_2307_0_2776.nii,bin-worker-6.novalocal,139695252682496,30448
flatten,9919.434799194336,9919.584074497223,bigbrain_769_1809_2776.nii,bin-worker-6.novalocal,139695235897088,30448
calculate_histogram,1988.297911643982,2620.703779935837,bigbrain_0_603_2082.nii,bin-worker-6.novalocal,139695261075200,30448
calculate_histogram,677.3791601657867,1332.7501606941223,bigbrain_3076_1809_2082.nii,bin-worker-6.novalocal,139695269467904,30448
calculate_histogram,4023.6315536499023,4769.739554166794,bigbrain_1538_603_1388.nii,bin-worker-6.novalocal,139695261075200,30448
flatten,8635.05277967453,8635.204955816269,bigbrain_0_1809_694.nii,bin-worker-6.novalocal,139695252682496,30448
calculate_histogram,773.7230105400085,1337.099650144577,bigbrain_3076_0_0.nii,bin-worker-6.novalocal,139695277860608,30448
flatten,4772.725175619125,4773.15257692337,bigbrain_3076_1809_0.nii,bin-worker-6.novalocal,139695261075200,30448
read_img,0.4251828193664551,47.651124477386475,bigbrain_3076_0_694.nii,bin-worker-6.novalocal,139695771023104,30448
read_img,0.42603373527526855,47.65100860595703,bigbrain_1538_1206_1388.nii,bin-worker-6.novalocal,139695235897088,30448
read_img,0.42562007904052734,47.877283334732056,bigbrain_2307_0_1388.nii,bin-worker-6.novalocal,139692444743424,30448
calculate_histogram,7682.705933094025,8210.689663410187,bigbrain_2307_603_0.nii,bin-worker-6.novalocal,139692444743424,30448
calculate_histogram,1918.8048355579376,2627.489577770233,bigbrain_1538_2412_694.nii,bin-worker-6.novalocal,139695244289792,30448
read_img,0.4261941909790039,47.877686500549316,bigbrain_1538_2412_1388.nii,bin-worker-6.novalocal,139695261075200,30448
read_img,0.4258561134338379,48.291893005371094,bigbrain_0_1206_0.nii,bin-worker-6.novalocal,139695252682496,30448
flatten,8211.65885090828,8211.948751449585,bigbrain_1538_2412_2776.nii,bin-worker-6.novalocal,139692444743424,30448
calculate_histogram,4539.724734306335,5205.500470161438,bigbrain_2307_603_1388.nii,bin-worker-6.novalocal,139695277860608,30448
read_img,0.4250452518463135,48.21704721450806,bigbrain_1538_0_694.nii,bin-worker-6.novalocal,139695244289792,30448
calculate_histogram,8935.748261928558,9500.731161355972,bigbrain_2307_1809_2776.nii,bin-worker-6.novalocal,139695771023104,30448
flatten,2629.2719962596893,2629.384955406189,bigbrain_1538_1206_2082.nii,bin-worker-6.novalocal,139695244289792,30448
flatten,52.41240072250366,52.47894263267517,bigbrain_0_2412_0.nii,bin-worker-6.novalocal,139695771023104,30448
read_img,12.571674346923828,53.07735276222229,bigbrain_769_0_694.nii,bin-worker-6.novalocal,139695269467904,30448
calculate_histogram,6375.442695140839,6925.93762087822,bigbrain_3076_0_2776.nii,bin-worker-6.novalocal,139692444743424,30448
read_img,2624.662294626236,2631.0705201625824,bigbrain_2307_603_694.nii,bin-worker-6.novalocal,139695261075200,30448
calculate_histogram,799.9352865219116,1342.4211058616638,bigbrain_2307_0_2082.nii,bin-worker-6.novalocal,139695252682496,30448
calculate_histogram,5728.725228309631,6498.0221157073975,bigbrain_769_603_1388.nii,bin-worker-6.novalocal,139695252682496,30448
flatten,55.63236713409424,55.69573950767517,bigbrain_3076_0_694.nii,bin-worker-6.novalocal,139695235897088,30448
read_img,8638.47209405899,8645.483328819275,bigbrain_769_2412_2082.nii,bin-worker-6.novalocal,139695252682496,30448
read_img,16.42388677597046,56.228358030319214,bigbrain_2307_2412_2776.nii,bin-worker-6.novalocal,139695277860608,30448
flatten,56.451669216156006,56.50616669654846,bigbrain_0_1809_1388.nii,bin-worker-6.novalocal,139692444743424,30448
flatten,56.537036180496216,56.652371883392334,bigbrain_1538_1206_1388.nii,bin-worker-6.novalocal,139695261075200,30448
flatten,56.65060234069824,56.77928590774536,bigbrain_2307_0_1388.nii,bin-worker-6.novalocal,139695252682496,30448
flatten,6499.645398139954,6499.8623168468475,bigbrain_1538_1809_2776.nii,bin-worker-6.novalocal,139695252682496,30448
read_img,1336.1686313152313,1346.0198941230774,bigbrain_769_1206_0.nii,bin-worker-6.novalocal,139695269467904,30448
flatten,57.19536280632019,57.70261001586914,bigbrain_0_1206_0.nii,bin-worker-6.novalocal,139695771023104,30448
read_img,56.9040048122406,57.70456862449646,bigbrain_3076_2412_0.nii,bin-worker-6.novalocal,139695244289792,30448
flatten,57.70469880104065,57.79629325866699,bigbrain_1538_0_694.nii,bin-worker-6.novalocal,139695269467904,30448
flatten,57.797847032547,57.93203020095825,bigbrain_1538_2412_1388.nii,bin-worker-6.novalocal,139695277860608,30448
calculate_histogram,9357.03621840477,9936.481046676636,bigbrain_0_1206_2776.nii,bin-worker-6.novalocal,139692444743424,30448
flatten,4782.628093481064,4782.745204925537,bigbrain_1538_603_2082.nii,bin-worker-6.novalocal,139695261075200,30448
flatten,9938.201338291168,9938.302446126938,bigbrain_3076_1809_694.nii,bin-worker-6.novalocal,139692444743424,30448
read_img,8213.99033999443,8220.77548623085,bigbrain_2307_1809_0.nii,bin-worker-6.novalocal,139692444743424,30448
read_img,4783.632120370865,4790.474323272705,bigbrain_769_0_2082.nii,bin-worker-6.novalocal,139695261075200,30448
read_img,6928.215974569321,6938.227255821228,bigbrain_0_603_1388.nii,bin-worker-6.novalocal,139692444743424,30448
read_img,58.05873656272888,66.02641487121582,bigbrain_1538_2412_0.nii,bin-worker-6.novalocal,139695261075200,30448
calculate_histogram,5324.471490621567,6079.274381399155,bigbrain_1538_1809_694.nii,bin-worker-6.novalocal,139695269467904,30448
read_img,58.06418251991272,66.46778202056885,bigbrain_3076_0_1388.nii,bin-worker-6.novalocal,139695252682496,30448
flatten,6939.516758441925,6939.734931945801,bigbrain_2307_1206_2082.nii,bin-worker-6.novalocal,139692444743424,30448
read_img,2632.7874364852905,2645.0504047870636,bigbrain_3076_603_1388.nii,bin-worker-6.novalocal,139695244289792,30448
read_img,8222.87809586525,8228.894178152084,bigbrain_0_603_2776.nii,bin-worker-6.novalocal,139692444743424,30448
flatten,6940.767301559448,6940.989357709885,bigbrain_769_0_2776.nii,bin-worker-6.novalocal,139692444743424,30448
calculate_histogram,2028.5350229740143,2645.9962203502655,bigbrain_3076_603_2082.nii,bin-worker-6.novalocal,139695235897088,30448
read_img,2632.7664244174957,2646.513767719269,bigbrain_3076_1206_1388.nii,bin-worker-6.novalocal,139695261075200,30448
flatten,6083.116165876389,6083.387637138367,bigbrain_1538_1206_2776.nii,bin-worker-6.novalocal,139695269467904,30448
read_img,58.05245327949524,70.79594612121582,bigbrain_3076_1809_2082.nii,bin-worker-6.novalocal,139695235897088,30448
calculate_histogram,5964.619288921356,6514.559473991394,bigbrain_0_0_2082.nii,bin-worker-6.novalocal,139695244289792,30448
read_img,1346.3833813667297,1360.89662027359,bigbrain_0_2412_2082.nii,bin-worker-6.novalocal,139695269467904,30448
read_img,1346.3834965229034,1361.3137974739075,bigbrain_769_1206_1388.nii,bin-worker-6.novalocal,139695252682496,30448
read_img,6508.385465860367,6516.0776488780975,bigbrain_0_0_2776.nii,bin-worker-6.novalocal,139695252682496,30448
flatten,6517.04992389679,6517.131062507629,bigbrain_769_1206_2082.nii,bin-worker-6.novalocal,139695252682496,30448
calculate_histogram,7122.9445540905,7805.799931764603,bigbrain_1538_1809_0.nii,bin-worker-6.novalocal,139695244289792,30448
flatten,7807.966290235519,7808.243900299072,bigbrain_769_603_2082.nii,bin-worker-6.novalocal,139695244289792,30448
calculate_histogram,3833.5576701164246,4373.309277534485,bigbrain_1538_0_2082.nii,bin-worker-6.novalocal,139695252682496,30448
flatten,4374.267029047012,4374.386983156204,bigbrain_2307_1809_1388.nii,bin-worker-6.novalocal,139695252682496,30448
calculate_histogram,9412.772158384323,9958.568828105927,bigbrain_0_0_0.nii,bin-worker-6.novalocal,139695269467904,30448
flatten,1371.6723999977112,1371.7478182315826,bigbrain_769_1206_0.nii,bin-worker-6.novalocal,139695252682496,30448
read_img,2647.749670267105,2660.7859246730804,bigbrain_3076_603_0.nii,bin-worker-6.novalocal,139695235897088,30448
read_img,2647.718375682831,2660.4994053840637,bigbrain_2307_2412_0.nii,bin-worker-6.novalocal,139695244289792,30448
flatten,2661.9255273342133,2662.008800268173,bigbrain_2307_603_694.nii,bin-worker-6.novalocal,139695235897088,30448
calculate_histogram,7481.375546216965,8249.014383554459,bigbrain_2307_1809_694.nii,bin-worker-6.novalocal,139695269467904,30448
flatten,2665.7539718151093,2665.8354647159576,bigbrain_3076_1206_1388.nii,bin-worker-6.novalocal,139695235897088,30448
flatten,1377.5004584789276,1377.6296877861023,bigbrain_0_2412_2082.nii,bin-worker-6.novalocal,139695252682496,30448
read_img,4377.552023649216,4384.4371774196625,bigbrain_2307_2412_694.nii,bin-worker-6.novalocal,139695252682496,30448
read_img,7810.065727710724,7820.834786653519,bigbrain_3076_2412_1388.nii,bin-worker-6.novalocal,139695244289792,30448
flatten,2667.6522455215454,2667.8440523147583,bigbrain_3076_603_1388.nii,bin-worker-6.novalocal,139695235897088,30448
flatten,2667.6531784534454,2667.8285064697266,bigbrain_2307_2412_0.nii,bin-worker-6.novalocal,139695244289792,30448
flatten,7823.772109746933,7823.840170145035,bigbrain_3076_603_694.nii,bin-worker-6.novalocal,139695244289792,30448
flatten,8253.828755617142,8254.00049829483,bigbrain_2307_1809_0.nii,bin-worker-6.novalocal,139695269467904,30448
calculate_histogram,9200.39373254776,9972.669915676117,bigbrain_2307_1206_1388.nii,bin-worker-6.novalocal,139695261075200,30448
calculate_histogram,1996.8643641471863,2671.7725496292114,bigbrain_1538_603_694.nii,bin-worker-6.novalocal,139695277860608,30448
flatten,8256.05770277977,8256.591367721558,bigbrain_0_603_2776.nii,bin-worker-6.novalocal,139695269467904,30448
read_img,4390.23725271225,4396.869062662125,bigbrain_3076_2412_2776.nii,bin-worker-6.novalocal,139695252682496,30448
calculate_histogram,1287.0080585479736,1821.172093629837,bigbrain_2307_0_694.nii,bin-worker-6.novalocal,139695771023104,30448
flatten,1826.4296371936798,1826.5787146091461,bigbrain_769_1206_1388.nii,bin-worker-6.novalocal,139695771023104,30448
calculate_histogram,1242.1481375694275,1827.8438425064087,bigbrain_0_1809_0.nii,bin-worker-6.novalocal,139692444743424,30448
calculate_histogram,5115.168618917465,5695.987286567688,bigbrain_1538_0_1388.nii,bin-worker-6.novalocal,139695252682496,30448
read_img,1829.6131732463837,1831.7566821575165,bigbrain_1538_2412_694.nii,bin-worker-6.novalocal,139692444743424,30448
read_img,5697.906103610992,5708.359565496445,bigbrain_2307_1206_2776.nii,bin-worker-6.novalocal,139695252682496,30448
calculate_histogram,2060.3964293003082,2702.2780113220215,bigbrain_769_1206_2776.nii,bin-worker-6.novalocal,139695252682496,30448
flatten,5710.253784656525,5710.3378784656525,bigbrain_769_603_1388.nii,bin-worker-6.novalocal,139695252682496,30448
calculate_histogram,9314.744309663773,10007.882287740707,bigbrain_1538_1206_0.nii,bin-worker-6.novalocal,139695252682496,30448
calculate_histogram,3450.3372399806976,3996.224690437317,bigbrain_769_2412_2776.nii,bin-worker-6.novalocal,139695261075200,30448
calculate_histogram,6751.097137451172,7432.136129140854,bigbrain_3076_1206_2082.nii,bin-worker-6.novalocal,139695261075200,30448
calculate_histogram,2169.6014235019684,2710.7911899089813,bigbrain_0_2412_2776.nii,bin-worker-6.novalocal,139695269467904,30448
flatten,2711.5537538528442,2711.692790031433,bigbrain_3076_603_0.nii,bin-worker-6.novalocal,139695269467904,30448
read_img,5711.745258331299,5721.138902902603,bigbrain_3076_0_2082.nii,bin-worker-6.novalocal,139695252682496,30448
read_img,7433.891471385956,7440.128408670425,bigbrain_2307_1809_694.nii,bin-worker-6.novalocal,139695261075200,30448
calculate_histogram,2550.5602612495422,3146.016612291336,bigbrain_769_603_0.nii,bin-worker-6.novalocal,139692444743424,30448
calculate_histogram,3868.4765000343323,4435.511659860611,bigbrain_0_0_694.nii,bin-worker-6.novalocal,139692444743424,30448
flatten,4437.511193037033,4437.710506439209,bigbrain_2307_2412_694.nii,bin-worker-6.novalocal,139692444743424,30448
read_img,2713.0148169994354,2720.027182817459,bigbrain_1538_1809_1388.nii,bin-worker-6.novalocal,139695269467904,30448
read_img,3999.871176958084,4008.824240207672,bigbrain_2307_2412_1388.nii,bin-worker-6.novalocal,139695261075200,30448
flatten,5726.937942266464,5727.075206279755,bigbrain_2307_1206_2776.nii,bin-worker-6.novalocal,139695252682496,30448
flatten,4010.5470249652863,4010.6647639274597,bigbrain_1538_603_1388.nii,bin-worker-6.novalocal,139695261075200,30448
calculate_histogram,4700.3667623996735,5299.826776981354,bigbrain_1538_0_0.nii,bin-worker-6.novalocal,139695269467904,30448
calculate_histogram,6888.990283966064,7447.470159292221,bigbrain_3076_2412_2082.nii,bin-worker-6.novalocal,139695269467904,30448
flatten,5300.508952379227,5300.984396696091,bigbrain_1538_1809_694.nii,bin-worker-6.novalocal,139695269467904,30448
calculate_histogram,7824.317380666733,8736.853850364685,bigbrain_769_603_2082.nii,bin-worker-6.novalocal,139695244289792,30448
calculate_histogram,5096.682893753052,5730.882572889328,bigbrain_769_0_2082.nii,bin-worker-6.novalocal,139692444743424,30448
flatten,8739.491733551025,8739.595395565033,bigbrain_2307_1206_0.nii,bin-worker-6.novalocal,139695244289792,30448
calculate_histogram,4733.478314876556,5304.1014568805695,bigbrain_0_2412_694.nii,bin-worker-6.novalocal,139695235897088,30448
read_img,3149.754506111145,3158.7125980854034,bigbrain_3076_1809_2776.nii,bin-worker-6.novalocal,139692444743424,30448
calculate_histogram,5043.366431236267,5736.4905524253845,bigbrain_1538_603_2082.nii,bin-worker-6.novalocal,139695771023104,30448
calculate_histogram,6402.034478187561,7024.795743942261,bigbrain_2307_603_2082.nii,bin-worker-6.novalocal,139695277860608,30448
read_img,4442.503123044968,4449.207144498825,bigbrain_2307_603_1388.nii,bin-worker-6.novalocal,139692444743424,30448
flatten,3163.026983499527,3163.144033432007,bigbrain_1538_603_2776.nii,bin-worker-6.novalocal,139692444743424,30448
read_img,4013.7715232372284,4022.6345405578613,bigbrain_0_603_0.nii,bin-worker-6.novalocal,139695261075200,30448
read_img,5304.09516954422,5311.226496458054,bigbrain_2307_2412_2082.nii,bin-worker-6.novalocal,139695269467904,30448
flatten,3164.5248322486877,3164.696115255356,bigbrain_3076_1206_0.nii,bin-worker-6.novalocal,139692444743424,30448
read_img,7453.587321519852,7459.75138258934,bigbrain_1538_1206_694.nii,bin-worker-6.novalocal,139695269467904,30448
flatten,7461.324465274811,7461.446028709412,bigbrain_2307_1809_694.nii,bin-worker-6.novalocal,139695269467904,30448
calculate_histogram,5987.771470069885,6606.836043357849,bigbrain_769_0_1388.nii,bin-worker-6.novalocal,139695235897088,30448
read_img,8744.572972297668,8755.128153085709,bigbrain_2307_0_0.nii,bin-worker-6.novalocal,139695244289792,30448
flatten,6608.3254606723785,6608.455958843231,bigbrain_0_0_2776.nii,bin-worker-6.novalocal,139695235897088,30448
calculate_histogram,3722.4332025051117,4461.285562992096,bigbrain_769_603_694.nii,bin-worker-6.novalocal,139695771023104,30448
read_img,5739.480101108551,5749.861243963242,bigbrain_3076_1206_2776.nii,bin-worker-6.novalocal,139695771023104,30448
calculate_histogram,8564.858401298523,9185.462893724442,bigbrain_769_603_2776.nii,bin-worker-6.novalocal,139695261075200,30448
flatten,5750.650743961334,5750.733521461487,bigbrain_3076_0_2082.nii,bin-worker-6.novalocal,139695771023104,30448
read_img,7463.417371273041,7470.41481089592,bigbrain_2307_603_0.nii,bin-worker-6.novalocal,139695269467904,30448
read_img,5311.76372718811,5323.0016548633575,bigbrain_3076_603_2776.nii,bin-worker-6.novalocal,139695269467904,30448
read_img,3166.203824520111,3176.1229209899902,bigbrain_0_1206_2082.nii,bin-worker-6.novalocal,139692444743424,30448
read_img,5312.236390829086,5323.764862298965,bigbrain_0_1809_2776.nii,bin-worker-6.novalocal,139695235897088,30448
flatten,4464.847281932831,4465.067905902863,bigbrain_3076_2412_2776.nii,bin-worker-6.novalocal,139695771023104,30448
read_img,6609.603658914566,6616.216806411743,bigbrain_3076_1206_2082.nii,bin-worker-6.novalocal,139695235897088,30448
calculate_histogram,59.43996977806091,607.7629382610321,bigbrain_3076_0_694.nii,bin-worker-6.novalocal,139695771023104,30448
read_img,9192.119976520538,9199.245938062668,bigbrain_1538_1206_0.nii,bin-worker-6.novalocal,139695261075200,30448
calculate_histogram,8229.480153799057,8769.873951673508,bigbrain_1538_2412_2776.nii,bin-worker-6.novalocal,139692444743424,30448
calculate_histogram,1319.8006675243378,1898.837590456009,bigbrain_0_0_1388.nii,bin-worker-6.novalocal,139695244289792,30448
flatten,8771.018444299698,8771.240272760391,bigbrain_769_2412_2082.nii,bin-worker-6.novalocal,139692444743424,30448
calculate_histogram,4694.267084121704,5335.6843049526215,bigbrain_769_2412_1388.nii,bin-worker-6.novalocal,139695244289792,30448
flatten,5335.690749406815,5335.748726844788,bigbrain_2307_2412_2082.nii,bin-worker-6.novalocal,139695235897088,30448
flatten,611.4702014923096,612.1320776939392,bigbrain_769_0_694.nii,bin-worker-6.novalocal,139695771023104,30448
flatten,1900.5875861644745,1900.7087240219116,bigbrain_1538_2412_694.nii,bin-worker-6.novalocal,139695244289792,30448
read_img,4469.1892993450165,4477.767305850983,bigbrain_769_2412_1388.nii,bin-worker-6.novalocal,139695771023104,30448
flatten,5337.5344960689545,5337.757342100143,bigbrain_3076_603_2776.nii,bin-worker-6.novalocal,139695235897088,30448
calculate_histogram,3335.6312243938446,4049.961047410965,bigbrain_3076_1809_1388.nii,bin-worker-6.novalocal,139695235897088,30448
read_img,5759.1831476688385,5768.100397825241,bigbrain_0_0_2082.nii,bin-worker-6.novalocal,139695771023104,30448
flatten,4481.2074472904205,4481.328532457352,bigbrain_2307_603_1388.nii,bin-worker-6.novalocal,139695771023104,30448
flatten,8776.106318473816,8776.263775587082,bigbrain_2307_0_0.nii,bin-worker-6.novalocal,139692444743424,30448
flatten,4051.909296989441,4052.1163058280945,bigbrain_2307_2412_1388.nii,bin-worker-6.novalocal,139695235897088,30448
flatten,616.5166063308716,616.7021644115448,bigbrain_2307_2412_2776.nii,bin-worker-6.novalocal,139695771023104,30448
calculate_histogram,9502.67736005783,10066.811868906021,bigbrain_2307_603_2776.nii,bin-worker-6.novalocal,139695771023104,30448
flatten,4055.2275149822235,4055.406390428543,bigbrain_0_603_0.nii,bin-worker-6.novalocal,139695235897088,30448
read_img,5337.58127617836,5344.735069036484,bigbrain_769_603_1388.nii,bin-worker-6.novalocal,139695244289792,30448
flatten,5775.388102769852,5775.594714164734,bigbrain_3076_1206_2776.nii,bin-worker-6.novalocal,139695771023104,30448
calculate_histogram,7193.0274176597595,7923.762858867645,bigbrain_2307_1809_2082.nii,bin-worker-6.novalocal,139695235897088,30448
flatten,5347.582301855087,5347.693943738937,bigbrain_0_1809_2776.nii,bin-worker-6.novalocal,139695244289792,30448
read_img,1901.4675133228302,1911.8367819786072,bigbrain_0_603_2082.nii,bin-worker-6.novalocal,139695244289792,30448
calculate_histogram,57.95956349372864,624.359911441803,bigbrain_0_2412_0.nii,bin-worker-6.novalocal,139692444743424,30448
calculate_histogram,7732.983972072601,8356.247911453247,bigbrain_0_1809_2082.nii,bin-worker-6.novalocal,139695771023104,30448
read_img,1915.2298226356506,1917.478528022766,bigbrain_1538_603_694.nii,bin-worker-6.novalocal,139695244289792,30448
read_img,4056.9132177829742,4065.3520679473877,bigbrain_3076_2412_694.nii,bin-worker-6.novalocal,139695235897088,30448
calculate_histogram,3380.0301871299744,4066.7030482292175,bigbrain_769_2412_694.nii,bin-worker-6.novalocal,139695244289792,30448
read_img,7928.799273967743,7935.127404689789,bigbrain_2307_0_2776.nii,bin-worker-6.novalocal,139695235897088,30448
calculate_histogram,6335.209486246109,7078.844479084015,bigbrain_1538_1206_2776.nii,bin-worker-6.novalocal,139695771023104,30448
read_img,7082.581007242203,7089.623138666153,bigbrain_1538_1809_0.nii,bin-worker-6.novalocal,139695771023104,30448
flatten,7090.577552556992,7090.6721749305725,bigbrain_0_603_1388.nii,bin-worker-6.novalocal,139695771023104,30448
calculate_histogram,4792.670919179916,5374.725103855133,bigbrain_3076_1809_0.nii,bin-worker-6.novalocal,139695261075200,30448
flatten,7098.268451213837,7098.491890192032,bigbrain_1538_1809_0.nii,bin-worker-6.novalocal,139695771023104,30448
calculate_histogram,1827.7593977451324,2374.9352877140045,bigbrain_0_2412_2082.nii,bin-worker-6.novalocal,139695771023104,30448
calculate_histogram,8496.726647853851,9247.155125141144,bigbrain_3076_1206_694.nii,bin-worker-6.novalocal,139695235897088,30448
calculate_histogram,3320.000358581543,4093.802627325058,bigbrain_0_1206_2082.nii,bin-worker-6.novalocal,139695269467904,30448
calculate_histogram,9386.90059542656,10107.440224409103,bigbrain_769_1206_694.nii,bin-worker-6.novalocal,139695244289792,30448
flatten,9248.296509742737,9248.440101385117,bigbrain_769_1809_0.nii,bin-worker-6.novalocal,139695235897088,30448
flatten,4094.4703652858734,4094.576449394226,bigbrain_3076_2412_694.nii,bin-worker-6.novalocal,139695269467904,30448
flatten,2377.316187143326,2377.499017715454,bigbrain_769_0_0.nii,bin-worker-6.novalocal,139695771023104,30448
calculate_histogram,64.01269721984863,661.5038146972656,bigbrain_1538_0_694.nii,bin-worker-6.novalocal,139695269467904,30448
flatten,2381.247179746628,2381.3770594596863,bigbrain_769_603_0.nii,bin-worker-6.novalocal,139695771023104,30448
flatten,665.1559410095215,665.311943769455,bigbrain_3076_2412_0.nii,bin-worker-6.novalocal,139695269467904,30448
calculate_histogram,60.03813433647156,666.0671484470367,bigbrain_2307_0_1388.nii,bin-worker-6.novalocal,139695244289792,30448
