combine_histogram,473.6975667476654,473.81009244918823,all_file,bin-worker-4.novalocal,140457169381120,15592
read_img,360.58589816093445,534.1109583377838,bigbrain_2307_1809_694.nii,bin-worker-4.novalocal,140457127417600,15592
combine_histogram,476.7990400791168,477.0053129196167,all_file,bin-worker-1.novalocal,140140638869248,18828
combine_histogram,476.25584173202515,476.4402701854706,all_file,bin-worker-8.novalocal,140706744100608,8936
read_img,368.17187309265137,553.3091707229614,bigbrain_2307_2412_0.nii,bin-worker-1.novalocal,140140664047360,18828
read_img,360.9994704723358,517.7571461200714,bigbrain_2307_2412_2082.nii,bin-worker-6.novalocal,140292235360000,10569
read_img,360.21636724472046,540.1425123214722,bigbrain_2307_2412_1388.nii,bin-worker-7.novalocal,140117335340800,8379
read_img,353.37489581108093,545.8425726890564,bigbrain_2307_603_0.nii,bin-worker-2.novalocal,139818983454464,21829
read_img,367.4625165462494,557.027589559555,bigbrain_2307_2412_694.nii,bin-worker-8.novalocal,140707201591040,8936
read_img,368.6639838218689,605.440027475357,bigbrain_3076_0_0.nii,bin-worker-6.novalocal,140292252407552,10569
read_img,360.6772758960724,532.0385115146637,bigbrain_2307_603_1388.nii,bin-worker-5.novalocal,139746357540608,28869
read_img,375.0112521648407,618.3300104141235,bigbrain_2307_603_2776.nii,bin-worker-1.novalocal,140141039089408,18828
read_img,364.8850383758545,587.66246509552,bigbrain_2307_603_2082.nii,bin-worker-4.novalocal,140457152595712,15592
read_img,374.4655113220215,608.3120436668396,bigbrain_3076_0_2082.nii,bin-worker-8.novalocal,140707167758080,8936
read_img,358.08272194862366,603.179785490036,bigbrain_3076_0_2776.nii,bin-worker-2.novalocal,139818566678272,21829
read_img,373.7091805934906,628.824887752533,bigbrain_3076_1206_0.nii,bin-worker-4.novalocal,140457135810304,15592
read_img,365.8049168586731,607.1180737018585,bigbrain_3076_0_694.nii,bin-worker-5.novalocal,139746349147904,28869
read_img,377.47544288635254,628.2963516712189,bigbrain_3076_1206_1388.nii,bin-worker-1.novalocal,140140689225472,18828
read_img,363.888085603714,595.2805888652802,bigbrain_2307_603_694.nii,bin-worker-7.novalocal,140117761767168,8379
read_img,374.4622919559479,622.183146238327,bigbrain_3076_0_1388.nii,bin-worker-3.novalocal,139706545198848,21989
flatten,639.1221907138824,639.1584596633911,bigbrain_2307_1809_694.nii,bin-worker-4.novalocal,140457127417600,15592
read_img,368.65854692459106,555.8137397766113,bigbrain_2307_2412_2776.nii,bin-worker-3.novalocal,139707006121728,21989
read_img,379.1074016094208,638.2297866344452,bigbrain_3076_1809_0.nii,bin-worker-8.novalocal,140707193198336,8936
read_img,384.5495743751526,648.3142948150635,bigbrain_3076_1809_694.nii,bin-worker-1.novalocal,140140680832768,18828
read_img,386.2115168571472,652.277884721756,bigbrain_3076_2412_2776.nii,bin-worker-8.novalocal,140707184805632,8936
read_img,385.0128161907196,644.9131293296814,bigbrain_3076_1809_2776.nii,bin-worker-4.novalocal,140456570648320,15592
read_img,398.5667054653168,656.9893114566803,bigbrain_3076_603_1388.nii,bin-worker-4.novalocal,140457119024896,15592
combine_histogram,653.5155460834503,653.6272716522217,all_file,bin-worker-4.novalocal,140457169381120,15592
read_img,360.5435676574707,628.7934427261353,bigbrain_3076_1809_1388.nii,bin-worker-2.novalocal,139819017025280,21829
combine_histogram,657.1234264373779,657.2371325492859,all_file,bin-worker-1.novalocal,140140638869248,18828
read_img,369.3794026374817,632.7447376251221,bigbrain_3076_1809_2082.nii,bin-worker-5.novalocal,139746786363136,28869
read_img,366.7586691379547,648.7922163009644,bigbrain_3076_2412_694.nii,bin-worker-2.novalocal,139819000239872,21829
read_img,379.04456901550293,646.8797752857208,bigbrain_3076_1206_694.nii,bin-worker-3.novalocal,139706561984256,21989
flatten,667.3268582820892,667.3978002071381,bigbrain_2307_2412_694.nii,bin-worker-8.novalocal,140707201591040,8936
combine_histogram,658.6748802661896,658.7888412475586,all_file,bin-worker-8.novalocal,140706744100608,8936
flatten,673.1907086372375,673.2382423877716,bigbrain_3076_1206_0.nii,bin-worker-4.novalocal,140457135810304,15592
read_img,416.47873401641846,673.5744862556458,bigbrain_769_0_694.nii,bin-worker-4.novalocal,140457160988416,15592
read_img,449.30204367637634,674.9512341022491,bigbrain_769_1809_2082.nii,bin-worker-4.novalocal,140457144203008,15592
flatten,675.1755042076111,675.2163927555084,bigbrain_2307_603_2082.nii,bin-worker-4.novalocal,140457152595712,15592
calculate_histogram,677.0280125141144,677.051441192627,bigbrain_2307_1809_694.nii,bin-worker-4.novalocal,140457127417600,15592
flatten,678.8125689029694,678.8521404266357,bigbrain_3076_1809_2776.nii,bin-worker-4.novalocal,140456570648320,15592
flatten,672.2123866081238,672.2547574043274,bigbrain_2307_2412_0.nii,bin-worker-1.novalocal,140140664047360,18828
read_img,375.287584066391,646.3326346874237,bigbrain_3076_1206_2082.nii,bin-worker-7.novalocal,140117753374464,8379
flatten,680.6643354892731,680.7019808292389,bigbrain_3076_603_1388.nii,bin-worker-4.novalocal,140457119024896,15592
combine_histogram,681.2377681732178,681.3511955738068,all_file,bin-worker-4.novalocal,140457169381120,15592
calculate_histogram,682.3084335327148,682.3312005996704,bigbrain_3076_1206_0.nii,bin-worker-4.novalocal,140457135810304,15592
read_img,406.3771667480469,671.6409966945648,bigbrain_769_0_1388.nii,bin-worker-8.novalocal,140707209983744,8936
read_img,414.531769990921,676.0632076263428,bigbrain_3076_603_2082.nii,bin-worker-1.novalocal,140140655654656,18828
flatten,680.2471718788147,680.2889103889465,bigbrain_2307_603_2776.nii,bin-worker-1.novalocal,140141039089408,18828
flatten,678.8955280780792,678.9687135219574,bigbrain_3076_0_2082.nii,bin-worker-8.novalocal,140707167758080,8936
read_img,430.2239279747009,682.5275359153748,bigbrain_769_1206_694.nii,bin-worker-8.novalocal,140707176150784,8936
flatten,683.607090473175,683.7415037155151,bigbrain_3076_1809_0.nii,bin-worker-8.novalocal,140707193198336,8936
read_img,452.58358359336853,683.7425224781036,bigbrain_769_2412_2082.nii,bin-worker-8.novalocal,140706752493312,8936
flatten,683.2281119823456,683.2699887752533,bigbrain_3076_1809_694.nii,bin-worker-1.novalocal,140140680832768,18828
read_img,432.6947898864746,682.8960971832275,bigbrain_769_1206_0.nii,bin-worker-1.novalocal,140140647261952,18828
flatten,683.9817380905151,684.0235333442688,bigbrain_769_0_694.nii,bin-worker-4.novalocal,140457160988416,15592
read_img,451.96441650390625,684.0675480365753,bigbrain_769_1809_2776.nii,bin-worker-1.novalocal,140140672440064,18828
flatten,685.1846945285797,685.2365460395813,bigbrain_3076_1206_1388.nii,bin-worker-1.novalocal,140140689225472,18828
read_img,384.5527067184448,666.5434324741364,bigbrain_3076_2412_0.nii,bin-worker-7.novalocal,140117318555392,8379
flatten,685.1903021335602,685.2630665302277,bigbrain_3076_2412_2776.nii,bin-worker-8.novalocal,140707184805632,8936
flatten,685.9974145889282,686.0357482433319,bigbrain_769_1809_2082.nii,bin-worker-4.novalocal,140457144203008,15592
combine_histogram,686.9328415393829,687.0441126823425,all_file,bin-worker-1.novalocal,140140638869248,18828
read_img,377.5437955856323,643.5687680244446,bigbrain_3076_1206_2776.nii,bin-worker-6.novalocal,140291809994496,10569
calculate_histogram,687.1385688781738,687.1700122356415,bigbrain_2307_2412_694.nii,bin-worker-8.novalocal,140707201591040,8936
calculate_histogram,688.4499790668488,688.4733595848083,bigbrain_2307_603_2082.nii,bin-worker-4.novalocal,140457152595712,15592
read_img,385.24985909461975,671.6159512996674,bigbrain_3076_603_0.nii,bin-worker-5.novalocal,139746794755840,28869
calculate_histogram,688.7074196338654,688.7323713302612,bigbrain_2307_2412_0.nii,bin-worker-1.novalocal,140140664047360,18828
combine_histogram,690.369882106781,690.488972902298,all_file,bin-worker-8.novalocal,140706744100608,8936
combine_histogram,690.5852725505829,690.700674533844,all_file,bin-worker-4.novalocal,140457127417600,15592
flatten,691.4274380207062,691.4720573425293,bigbrain_3076_603_2082.nii,bin-worker-1.novalocal,140140655654656,18828
read_img,387.02442169189453,667.9848861694336,bigbrain_3076_2412_1388.nii,bin-worker-6.novalocal,140291818387200,10569
read_img,388.56112480163574,677.1426808834076,bigbrain_769_0_2082.nii,bin-worker-2.novalocal,139818558285568,21829
flatten,693.0780599117279,693.1747026443481,bigbrain_769_0_1388.nii,bin-worker-8.novalocal,140707209983744,8936
read_img,398.17027401924133,683.4191334247589,bigbrain_3076_603_2776.nii,bin-worker-7.novalocal,140117310162688,8379
calculate_histogram,694.8786299228668,694.9017975330353,bigbrain_3076_1809_2776.nii,bin-worker-4.novalocal,140456570648320,15592
calculate_histogram,694.9740507602692,695.0002460479736,bigbrain_2307_603_2776.nii,bin-worker-1.novalocal,140141039089408,18828
read_img,388.4675643444061,670.3211255073547,bigbrain_3076_2412_2082.nii,bin-worker-3.novalocal,139706553591552,21989
calculate_histogram,696.0512635707855,696.0816361904144,bigbrain_3076_0_2082.nii,bin-worker-8.novalocal,140707167758080,8936
calculate_histogram,696.9533686637878,696.9759228229523,bigbrain_3076_603_1388.nii,bin-worker-4.novalocal,140457119024896,15592
flatten,679.5652005672455,679.607513666153,bigbrain_2307_2412_2082.nii,bin-worker-6.novalocal,140292235360000,10569
flatten,685.188063621521,685.2473318576813,bigbrain_2307_2412_1388.nii,bin-worker-7.novalocal,140117335340800,8379
flatten,682.5619740486145,682.6155326366425,bigbrain_2307_603_0.nii,bin-worker-2.novalocal,139818983454464,21829
calculate_histogram,698.2480347156525,698.2804980278015,bigbrain_3076_1809_694.nii,bin-worker-1.novalocal,140140680832768,18828
flatten,694.8967933654785,694.9536879062653,bigbrain_2307_603_1388.nii,bin-worker-5.novalocal,139746357540608,28869
read_img,407.45231008529663,691.4856915473938,bigbrain_769_0_2776.nii,bin-worker-5.novalocal,139746340755200,28869
calculate_histogram,698.8088753223419,698.8392369747162,bigbrain_3076_1809_0.nii,bin-worker-8.novalocal,140707193198336,8936
flatten,692.2537748813629,692.2913100719452,bigbrain_3076_0_2776.nii,bin-worker-2.novalocal,139818566678272,21829
read_img,441.70793414115906,698.6542716026306,bigbrain_769_2412_2776.nii,bin-worker-2.novalocal,139818991847168,21829
read_img,418.0095865726471,696.8238754272461,bigbrain_769_1809_0.nii,bin-worker-2.novalocal,139819008632576,21829
combine_histogram,699.6404542922974,699.7504417896271,all_file,bin-worker-4.novalocal,140457169381120,15592
flatten,699.3769729137421,699.4362936019897,bigbrain_3076_1809_1388.nii,bin-worker-2.novalocal,139819017025280,21829
read_img,461.3645122051239,699.9451673030853,bigbrain_769_603_0.nii,bin-worker-2.novalocal,139819025417984,21829
flatten,701.3895928859711,701.440479516983,bigbrain_769_1809_2776.nii,bin-worker-1.novalocal,140140672440064,18828
read_img,400.28240036964417,685.4471843242645,bigbrain_3076_603_694.nii,bin-worker-6.novalocal,140291793209088,10569
flatten,701.5235962867737,701.6152541637421,bigbrain_769_1206_694.nii,bin-worker-8.novalocal,140707176150784,8936
flatten,690.3833875656128,690.4187490940094,bigbrain_3076_0_0.nii,bin-worker-6.novalocal,140292252407552,10569
flatten,702.71852850914,702.7730338573456,bigbrain_3076_2412_694.nii,bin-worker-2.novalocal,139819000239872,21829
read_img,425.4956531524658,699.9852104187012,bigbrain_769_1809_1388.nii,bin-worker-5.novalocal,139746777970432,28869
flatten,700.2124462127686,700.2747440338135,bigbrain_2307_603_694.nii,bin-worker-7.novalocal,140117761767168,8379
read_img,425.4886906147003,698.6940817832947,bigbrain_769_1206_2082.nii,bin-worker-6.novalocal,140292260800256,10569
flatten,702.377524137497,702.6003544330597,bigbrain_3076_0_694.nii,bin-worker-5.novalocal,139746349147904,28869
flatten,704.7712650299072,704.8332841396332,bigbrain_769_1206_0.nii,bin-worker-1.novalocal,140140647261952,18828
flatten,705.89568567276,705.9709086418152,bigbrain_769_2412_2082.nii,bin-worker-8.novalocal,140706752493312,8936
combine_histogram,706.1620469093323,706.271570444107,all_file,bin-worker-4.novalocal,140457135810304,15592
flatten,706.7065134048462,706.7597754001617,bigbrain_769_0_2082.nii,bin-worker-2.novalocal,139818558285568,21829
read_img,447.74130845069885,703.0403497219086,bigbrain_769_2412_0.nii,bin-worker-6.novalocal,140291801601792,10569
read_img,448.61729645729065,704.4561116695404,bigbrain_769_1809_694.nii,bin-worker-7.novalocal,140117301769984,8379
read_img,445.03520131111145,702.6810128688812,bigbrain_769_2412_694.nii,bin-worker-5.novalocal,139746769315584,28869
read_img,426.4205868244171,703.7876417636871,bigbrain_769_1206_1388.nii,bin-worker-7.novalocal,140117326948096,8379
flatten,706.0301561355591,706.0901472568512,bigbrain_3076_1206_2082.nii,bin-worker-7.novalocal,140117753374464,8379
read_img,470.7529447078705,707.2969636917114,bigbrain_769_603_2082.nii,bin-worker-7.novalocal,140117293377280,8379
read_img,469.9640402793884,707.2061820030212,bigbrain_769_603_1388.nii,bin-worker-5.novalocal,139746332362496,28869
flatten,707.2051379680634,707.2439255714417,bigbrain_3076_1809_2082.nii,bin-worker-5.novalocal,139746786363136,28869
flatten,706.9193847179413,706.9643046855927,bigbrain_3076_1206_2776.nii,bin-worker-6.novalocal,140291809994496,10569
calculate_histogram,707.3108563423157,707.3330295085907,bigbrain_769_0_694.nii,bin-worker-4.novalocal,140457160988416,15592
flatten,707.3155462741852,707.3860785961151,bigbrain_3076_2412_0.nii,bin-worker-7.novalocal,140117318555392,8379
calculate_histogram,707.3228125572205,707.3510401248932,bigbrain_3076_1206_1388.nii,bin-worker-1.novalocal,140140689225472,18828
calculate_histogram,707.4823894500732,707.506694316864,bigbrain_3076_2412_2776.nii,bin-worker-8.novalocal,140707184805632,8936
combine_histogram,707.5080351829529,707.6151211261749,all_file,bin-worker-1.novalocal,140140638869248,18828
read_img,471.99806094169617,707.7482748031616,bigbrain_769_603_2776.nii,bin-worker-6.novalocal,140292243752704,10569
flatten,708.0339071750641,708.0899996757507,bigbrain_3076_2412_1388.nii,bin-worker-6.novalocal,140291818387200,10569
calculate_histogram,708.3533306121826,708.3747448921204,bigbrain_2307_603_0.nii,bin-worker-2.novalocal,139818983454464,21829
flatten,708.3568549156189,708.4008114337921,bigbrain_3076_603_0.nii,bin-worker-5.novalocal,139746794755840,28869
calculate_histogram,708.7413549423218,708.7641746997833,bigbrain_769_1809_2082.nii,bin-worker-4.novalocal,140457144203008,15592
flatten,708.7414350509644,708.8031957149506,bigbrain_3076_603_2776.nii,bin-worker-7.novalocal,140117310162688,8379
flatten,699.2574486732483,699.2991585731506,bigbrain_3076_0_1388.nii,bin-worker-3.novalocal,139706545198848,21989
calculate_histogram,709.2957434654236,709.3173961639404,bigbrain_2307_2412_2082.nii,bin-worker-6.novalocal,140292235360000,10569
calculate_histogram,709.3398897647858,709.3608889579773,bigbrain_3076_0_2776.nii,bin-worker-2.novalocal,139818566678272,21829
read_img,419.409548997879,705.4769968986511,bigbrain_769_0_0.nii,bin-worker-3.novalocal,139706536806144,21989
combine_histogram,709.670880317688,709.7842035293579,all_file,bin-worker-4.novalocal,140457152595712,15592
calculate_histogram,709.6633486747742,709.6838870048523,bigbrain_2307_603_1388.nii,bin-worker-5.novalocal,139746357540608,28869
calculate_histogram,709.6659309864044,709.6855628490448,bigbrain_2307_2412_1388.nii,bin-worker-7.novalocal,140117335340800,8379
calculate_histogram,709.8516788482666,709.8763861656189,bigbrain_3076_603_2082.nii,bin-worker-1.novalocal,140140655654656,18828
flatten,710.5981123447418,710.6335434913635,bigbrain_3076_603_694.nii,bin-worker-6.novalocal,140291793209088,10569
combine_histogram,709.8586051464081,709.9734189510345,all_file,bin-worker-8.novalocal,140706744100608,8936
calculate_histogram,710.840264081955,710.8656151294708,bigbrain_769_0_1388.nii,bin-worker-8.novalocal,140707209983744,8936
flatten,710.950754404068,711.003829240799,bigbrain_769_2412_2776.nii,bin-worker-2.novalocal,139818991847168,21829
flatten,711.1578290462494,711.1987526416779,bigbrain_769_0_2776.nii,bin-worker-5.novalocal,139746340755200,28869
calculate_histogram,711.6694765090942,711.6909236907959,bigbrain_2307_603_694.nii,bin-worker-7.novalocal,140117761767168,8379
combine_histogram,711.7241411209106,711.8314542770386,all_file,bin-worker-4.novalocal,140457127417600,15592
read_img,434.73621344566345,709.7671077251434,bigbrain_769_1206_2776.nii,bin-worker-3.novalocal,139706989336320,21989
flatten,711.8586916923523,712.3921325206757,bigbrain_3076_1206_694.nii,bin-worker-3.novalocal,139706561984256,21989
calculate_histogram,712.4118535518646,712.4339637756348,bigbrain_3076_0_0.nii,bin-worker-6.novalocal,140292252407552,10569
flatten,713.2369463443756,713.2894048690796,bigbrain_769_1809_0.nii,bin-worker-2.novalocal,139819008632576,21829
flatten,713.3444349765778,713.3933403491974,bigbrain_769_1809_1388.nii,bin-worker-5.novalocal,139746777970432,28869
flatten,713.5679702758789,713.6374351978302,bigbrain_769_1809_694.nii,bin-worker-7.novalocal,140117301769984,8379
flatten,708.4195141792297,708.4787018299103,bigbrain_2307_2412_2776.nii,bin-worker-3.novalocal,139707006121728,21989
read_img,455.9420602321625,712.4820640087128,bigbrain_769_2412_1388.nii,bin-worker-3.novalocal,139706980943616,21989
read_img,476.8128311634064,713.8149130344391,bigbrain_769_603_694.nii,bin-worker-3.novalocal,139706997729024,21989
flatten,713.8014125823975,713.8528137207031,bigbrain_3076_2412_2082.nii,bin-worker-3.novalocal,139706553591552,21989
flatten,713.8607618808746,713.8941941261292,bigbrain_769_1206_2082.nii,bin-worker-6.novalocal,140292260800256,10569
calculate_histogram,714.0357267856598,714.0576846599579,bigbrain_3076_1809_1388.nii,bin-worker-2.novalocal,139819017025280,21829
calculate_histogram,714.1004445552826,714.1208517551422,bigbrain_3076_0_694.nii,bin-worker-5.novalocal,139746349147904,28869
flatten,714.0843236446381,714.1309425830841,bigbrain_769_0_0.nii,bin-worker-3.novalocal,139706536806144,21989
calculate_histogram,714.2171196937561,714.2374398708344,bigbrain_3076_1206_2082.nii,bin-worker-7.novalocal,140117753374464,8379
calculate_histogram,714.4729099273682,714.4992451667786,bigbrain_769_1809_2776.nii,bin-worker-1.novalocal,140140672440064,18828
flatten,714.4771537780762,714.5104904174805,bigbrain_769_2412_0.nii,bin-worker-6.novalocal,140291801601792,10569
calculate_histogram,714.9169795513153,714.9467673301697,bigbrain_769_1206_694.nii,bin-worker-8.novalocal,140707176150784,8936
flatten,714.9504361152649,714.9997906684875,bigbrain_769_603_0.nii,bin-worker-2.novalocal,139819025417984,21829
flatten,715.0781817436218,715.1259224414825,bigbrain_769_1206_2776.nii,bin-worker-3.novalocal,139706989336320,21989
flatten,715.2782874107361,715.3271203041077,bigbrain_769_2412_694.nii,bin-worker-5.novalocal,139746769315584,28869
flatten,715.7564675807953,715.8170502185822,bigbrain_769_1206_1388.nii,bin-worker-7.novalocal,140117326948096,8379
combine_histogram,715.8912010192871,715.9924154281616,all_file,bin-worker-4.novalocal,140457169381120,15592
calculate_histogram,715.8904147148132,715.9120991230011,bigbrain_3076_1206_2776.nii,bin-worker-6.novalocal,140291809994496,10569
calculate_histogram,716.2227730751038,716.251252412796,bigbrain_769_2412_2082.nii,bin-worker-8.novalocal,140706752493312,8936
calculate_histogram,716.2170436382294,716.2455167770386,bigbrain_769_1206_0.nii,bin-worker-1.novalocal,140140647261952,18828
calculate_histogram,716.6301093101501,716.6526997089386,bigbrain_3076_0_1388.nii,bin-worker-3.novalocal,139706545198848,21989
calculate_histogram,716.6261808872223,716.6503047943115,bigbrain_3076_2412_694.nii,bin-worker-2.novalocal,139819000239872,21829
flatten,717.3222255706787,717.3688142299652,bigbrain_769_603_1388.nii,bin-worker-5.novalocal,139746332362496,28869
flatten,717.4310908317566,717.489574432373,bigbrain_769_603_2082.nii,bin-worker-7.novalocal,140117293377280,8379
combine_histogram,718.2572803497314,718.3680198192596,all_file,bin-worker-4.novalocal,140457135810304,15592
flatten,718.2630348205566,718.3066844940186,bigbrain_769_603_2776.nii,bin-worker-6.novalocal,140292243752704,10569
calculate_histogram,719.1299264431,719.1732385158539,bigbrain_769_0_2082.nii,bin-worker-2.novalocal,139818558285568,21829
calculate_histogram,719.9411525726318,719.9618127346039,bigbrain_3076_1809_2082.nii,bin-worker-5.novalocal,139746786363136,28869
combine_histogram,719.522097826004,719.6671268939972,all_file,bin-worker-8.novalocal,140706744100608,8936
calculate_histogram,719.9433181285858,719.9719562530518,bigbrain_2307_2412_2776.nii,bin-worker-3.novalocal,139707006121728,21989
calculate_histogram,720.0070610046387,720.0301418304443,bigbrain_3076_2412_0.nii,bin-worker-7.novalocal,140117318555392,8379
calculate_histogram,720.1676487922668,720.1888606548309,bigbrain_3076_2412_1388.nii,bin-worker-6.novalocal,140291818387200,10569
combine_histogram,720.168848991394,720.2739992141724,all_file,bin-worker-1.novalocal,140140638869248,18828
calculate_histogram,720.4785752296448,720.4989655017853,bigbrain_3076_603_0.nii,bin-worker-5.novalocal,139746794755840,28869
calculate_histogram,720.4806425571442,720.5059566497803,bigbrain_3076_1206_694.nii,bin-worker-3.novalocal,139706561984256,21989
calculate_histogram,720.7235414981842,720.7456493377686,bigbrain_3076_603_2776.nii,bin-worker-7.novalocal,140117310162688,8379
flatten,721.0943145751953,721.1543455123901,bigbrain_769_2412_1388.nii,bin-worker-3.novalocal,139706980943616,21989
combine_histogram,721.3434476852417,721.4579665660858,all_file,bin-worker-4.novalocal,140457152595712,15592
calculate_histogram,721.5312073230743,721.556782245636,bigbrain_3076_603_694.nii,bin-worker-6.novalocal,140291793209088,10569
calculate_histogram,721.63121342659,721.697705745697,bigbrain_769_2412_2776.nii,bin-worker-2.novalocal,139818991847168,21829
flatten,721.6964054107666,721.7430078983307,bigbrain_769_603_694.nii,bin-worker-3.novalocal,139706997729024,21989
combine_histogram,721.8317668437958,721.9413115978241,all_file,bin-worker-4.novalocal,140457119024896,15592
calculate_histogram,722.1448085308075,722.1658282279968,bigbrain_769_0_2776.nii,bin-worker-5.novalocal,139746340755200,28869
combine_histogram,722.7013607025146,722.8040287494659,all_file,bin-worker-4.novalocal,140457127417600,15592
calculate_histogram,722.8144700527191,722.8351581096649,bigbrain_769_1809_0.nii,bin-worker-2.novalocal,139819008632576,21829
calculate_histogram,722.9188356399536,722.9422636032104,bigbrain_3076_2412_2082.nii,bin-worker-3.novalocal,139706553591552,21989
combine_histogram,722.9255723953247,723.0027749538422,all_file,bin-worker-8.novalocal,140706744100608,8936
calculate_histogram,723.1853375434875,723.2084574699402,bigbrain_769_1809_1388.nii,bin-worker-5.novalocal,139746777970432,28869
calculate_histogram,723.1883211135864,723.2098875045776,bigbrain_769_1809_694.nii,bin-worker-7.novalocal,140117301769984,8379
calculate_histogram,723.681693315506,723.7026891708374,bigbrain_769_1206_2082.nii,bin-worker-6.novalocal,140292260800256,10569
combine_histogram,723.642820596695,723.7523715496063,all_file,bin-worker-4.novalocal,140457169381120,15592
combine_histogram,723.7272176742554,723.8377192020416,all_file,bin-worker-1.novalocal,140140638869248,18828
calculate_histogram,723.8043065071106,723.8280110359192,bigbrain_769_0_0.nii,bin-worker-3.novalocal,139706536806144,21989
calculate_histogram,724.172031879425,724.1934950351715,bigbrain_769_2412_0.nii,bin-worker-6.novalocal,140291801601792,10569
combine_histogram,724.107076883316,724.1948263645172,all_file,bin-worker-8.novalocal,140706744100608,8936
calculate_histogram,724.2307708263397,724.2525939941406,bigbrain_769_603_0.nii,bin-worker-2.novalocal,139819025417984,21829
combine_histogram,724.0970227718353,724.2331683635712,all_file,bin-worker-4.novalocal,140457135810304,15592
combine_histogram,724.1826663017273,724.3196601867676,all_file,bin-worker-4.novalocal,140457152595712,15592
calculate_histogram,724.2839424610138,724.3048028945923,bigbrain_769_2412_694.nii,bin-worker-5.novalocal,139746769315584,28869
calculate_histogram,724.2581858634949,724.2875492572784,bigbrain_769_1206_2776.nii,bin-worker-3.novalocal,139706989336320,21989
calculate_histogram,724.4186325073242,724.4397976398468,bigbrain_769_1206_1388.nii,bin-worker-7.novalocal,140117326948096,8379
combine_histogram,724.6561033725739,724.7659964561462,all_file,bin-worker-4.novalocal,140457119024896,15592
combine_histogram,724.6599009037018,724.76633477211,all_file,bin-worker-1.novalocal,140140638869248,18828
calculate_histogram,725.6911354064941,725.7155084609985,bigbrain_769_603_1388.nii,bin-worker-5.novalocal,139746332362496,28869
combine_histogram,725.651359796524,725.7748758792877,all_file,bin-worker-1.novalocal,140141039089408,18828
calculate_histogram,725.7404260635376,725.7600536346436,bigbrain_769_603_2082.nii,bin-worker-7.novalocal,140117293377280,8379
calculate_histogram,725.8090901374817,725.8300356864929,bigbrain_769_603_2776.nii,bin-worker-6.novalocal,140292243752704,10569
combine_histogram,725.7416350841522,725.8492045402527,all_file,bin-worker-4.novalocal,140457127417600,15592
combine_histogram,725.8065707683563,725.9737722873688,all_file,bin-worker-8.novalocal,140707176150784,8936
combine_histogram,726.0283126831055,726.1424741744995,all_file,bin-worker-1.novalocal,140141039089408,18828
combine_histogram,725.953765630722,726.1301455497742,all_file,bin-worker-4.novalocal,140457169381120,15592
combine_histogram,726.3175721168518,726.4986627101898,all_file,bin-worker-4.novalocal,140457135810304,15592
calculate_histogram,726.4578402042389,726.4806962013245,bigbrain_769_2412_1388.nii,bin-worker-3.novalocal,139706980943616,21989
combine_histogram,726.4983386993408,726.616819858551,all_file,bin-worker-1.novalocal,140140672440064,18828
combine_histogram,726.6147694587708,726.7227199077606,all_file,bin-worker-4.novalocal,140457152595712,15592
combine_histogram,726.5349373817444,726.708500623703,all_file,bin-worker-8.novalocal,140707176150784,8936
combine_histogram,726.6193244457245,726.7724688053131,all_file,bin-worker-8.novalocal,140706744100608,8936
combine_histogram,726.9832653999329,727.0939733982086,all_file,bin-worker-1.novalocal,140141039089408,18828
calculate_histogram,726.9827878475189,727.005203962326,bigbrain_769_603_694.nii,bin-worker-3.novalocal,139706997729024,21989
combine_histogram,727.7847709655762,727.8947451114655,all_file,bin-worker-4.novalocal,140457119024896,15592
combine_histogram,727.9133100509644,728.0282983779907,all_file,bin-worker-1.novalocal,140140672440064,18828
combine_histogram,727.9218809604645,728.0325968265533,all_file,bin-worker-8.novalocal,140707176150784,8936
combine_histogram,728.2512810230255,728.3793377876282,all_file,bin-worker-4.novalocal,140457127417600,15592
combine_histogram,728.4398753643036,728.5493113994598,all_file,bin-worker-8.novalocal,140706744100608,8936
combine_histogram,728.5609860420227,728.6656205654144,all_file,bin-worker-1.novalocal,140141039089408,18828
combine_histogram,728.550055027008,728.6565687656403,all_file,bin-worker-2.novalocal,139819025417984,21829
combine_histogram,729.0214467048645,729.1318116188049,all_file,bin-worker-6.novalocal,140292235360000,10569
combine_histogram,729.0471942424774,729.1606237888336,all_file,bin-worker-8.novalocal,140707176150784,8936
combine_histogram,729.3159046173096,729.4215478897095,all_file,bin-worker-1.novalocal,140140672440064,18828
combine_histogram,729.541387796402,729.7230961322784,all_file,bin-worker-2.novalocal,139819025417984,21829
combine_histogram,729.6235570907593,729.813410282135,all_file,bin-worker-4.novalocal,140457135810304,15592
combine_histogram,729.8028678894043,729.9160921573639,all_file,bin-worker-8.novalocal,140706744100608,8936
combine_histogram,729.847437620163,729.9570050239563,all_file,bin-worker-1.novalocal,140141039089408,18828
combine_histogram,729.8499293327332,729.9995753765106,all_file,bin-worker-6.novalocal,140292235360000,10569
combine_histogram,730.0127656459808,730.1999206542969,all_file,bin-worker-4.novalocal,140457152595712,15592
combine_histogram,730.1033811569214,730.2057602405548,all_file,bin-worker-5.novalocal,139746794755840,28869
combine_histogram,730.0974562168121,730.2354381084442,all_file,bin-worker-8.novalocal,140707176150784,8936
combine_histogram,730.2587440013885,730.3679370880127,all_file,bin-worker-7.novalocal,140117293377280,8379
combine_histogram,730.2711029052734,730.3772156238556,all_file,bin-worker-2.novalocal,139819025417984,21829
combine_histogram,730.3717429637909,730.4767525196075,all_file,bin-worker-1.novalocal,140140672440064,18828
combine_histogram,730.6065549850464,730.7145292758942,all_file,bin-worker-4.novalocal,140457119024896,15592
combine_histogram,730.6223862171173,730.7339758872986,all_file,bin-worker-8.novalocal,140706744100608,8936
combine_histogram,730.6602907180786,730.7656819820404,all_file,bin-worker-1.novalocal,140141039089408,18828
combine_histogram,730.6225936412811,730.7844924926758,all_file,bin-worker-6.novalocal,140292235360000,10569
combine_histogram,730.7132177352905,730.9255356788635,all_file,bin-worker-5.novalocal,139746794755840,28869
combine_histogram,730.7423269748688,730.9461221694946,all_file,bin-worker-7.novalocal,140117293377280,8379
combine_histogram,730.9026920795441,730.9885766506195,all_file,bin-worker-4.novalocal,140457127417600,15592
combine_histogram,730.8980946540833,731.0061986446381,all_file,bin-worker-2.novalocal,139819025417984,21829
combine_histogram,731.0057597160339,731.1076254844666,all_file,bin-worker-1.novalocal,140140672440064,18828
combine_histogram,731.0078320503235,731.1133847236633,all_file,bin-worker-8.novalocal,140707176150784,8936
combine_histogram,731.0138716697693,731.1288380622864,all_file,bin-worker-3.novalocal,139706553591552,21989
combine_histogram,731.1204423904419,731.2212655544281,all_file,bin-worker-4.novalocal,140457135810304,15592
combine_histogram,731.1273839473724,731.2340786457062,all_file,bin-worker-6.novalocal,140292235360000,10569
combine_histogram,731.2579801082611,731.3558459281921,all_file,bin-worker-1.novalocal,140141039089408,18828
combine_histogram,731.2239181995392,731.3324301242828,all_file,bin-worker-8.novalocal,140706744100608,8936
combine_histogram,731.3692874908447,731.4698190689087,all_file,bin-worker-5.novalocal,139746794755840,28869
combine_histogram,731.3753957748413,731.4760773181915,all_file,bin-worker-7.novalocal,140117293377280,8379
combine_histogram,731.5951242446899,731.7022304534912,all_file,bin-worker-2.novalocal,139819025417984,21829
combine_histogram,731.5313580036163,731.6388835906982,all_file,bin-worker-4.novalocal,140457152595712,15592
combine_histogram,731.6020069122314,731.7119934558868,all_file,bin-worker-8.novalocal,140707176150784,8936
combine_histogram,731.7126190662384,731.8207793235779,all_file,bin-worker-1.novalocal,140140672440064,18828
combine_histogram,731.7153770923615,731.8108859062195,all_file,bin-worker-3.novalocal,139706553591552,21989
combine_histogram,732.0081989765167,732.1168837547302,all_file,bin-worker-4.novalocal,140457119024896,15592
combine_histogram,731.9820346832275,732.0895590782166,all_file,bin-worker-6.novalocal,140292235360000,10569
combine_histogram,732.1239821910858,732.227481842041,all_file,bin-worker-5.novalocal,139746794755840,28869
combine_histogram,732.1335325241089,732.2354764938354,all_file,bin-worker-8.novalocal,140706744100608,8936
combine_histogram,732.163348197937,732.2501449584961,all_file,bin-worker-7.novalocal,140117293377280,8379
combine_histogram,732.1937966346741,732.2910354137421,all_file,bin-worker-4.novalocal,140457127417600,15592
combine_histogram,732.2141795158386,732.3004193305969,all_file,bin-worker-3.novalocal,139706553591552,21989
combine_histogram,732.1894698143005,732.3014063835144,all_file,bin-worker-2.novalocal,139819025417984,21829
combine_histogram,732.2525236606598,732.3646793365479,all_file,bin-worker-6.novalocal,140292235360000,10569
combine_histogram,732.2533028125763,732.3660383224487,all_file,bin-worker-1.novalocal,140140672440064,18828
combine_histogram,732.3278379440308,732.424147605896,all_file,bin-worker-5.novalocal,139746794755840,28869
combine_histogram,732.3248634338379,732.432844877243,all_file,bin-worker-4.novalocal,140457135810304,15592
combine_histogram,732.4092881679535,732.4889047145844,all_file,bin-worker-7.novalocal,140117293377280,8379
combine_histogram,732.4018366336823,732.4975988864899,all_file,bin-worker-8.novalocal,140706744100608,8936
combine_histogram,732.558333158493,732.6656272411346,all_file,bin-worker-4.novalocal,140457152595712,15592
combine_histogram,732.5779330730438,732.682998418808,all_file,bin-worker-3.novalocal,139706553591552,21989
combine_histogram,732.787840127945,732.8961136341095,all_file,bin-worker-2.novalocal,139819025417984,21829
combine_histogram,732.7953052520752,732.9029233455658,all_file,bin-worker-6.novalocal,140292235360000,10569
combine_histogram,732.9425928592682,733.0568528175354,all_file,bin-worker-4.novalocal,140457119024896,15592
combine_histogram,733.0018923282623,733.1169078350067,all_file,bin-worker-5.novalocal,139746794755840,28869
combine_histogram,733.0339126586914,733.1596083641052,all_file,bin-worker-7.novalocal,140117293377280,8379
combine_histogram,733.339231967926,733.4283752441406,all_file,bin-worker-5.novalocal,139746794755840,28869
combine_histogram,733.4751663208008,733.5677268505096,all_file,bin-worker-7.novalocal,140117293377280,8379
combine_histogram,733.5553290843964,733.668300151825,all_file,bin-worker-4.novalocal,140457119024896,15592
combine_histogram,734.0905203819275,734.2003531455994,all_file,bin-worker-8.novalocal,140707201591040,8936
combine_histogram,734.2776000499725,734.3575797080994,all_file,bin-worker-8.novalocal,140707201591040,8936
combine_histogram,734.3329799175262,734.4259791374207,all_file,bin-worker-4.novalocal,140457152595712,15592
combine_histogram,734.4173860549927,734.516982793808,all_file,bin-worker-8.novalocal,140707201591040,8936
combine_histogram,734.5174860954285,734.6199262142181,all_file,bin-worker-4.novalocal,140457152595712,15592
combine_histogram,734.6058659553528,734.7137212753296,all_file,bin-worker-8.novalocal,140707201591040,8936
combine_histogram,734.6363668441772,734.7321364879608,all_file,bin-worker-4.novalocal,140457152595712,15592
combine_histogram,734.7918004989624,734.8472185134888,all_file,bin-worker-8.novalocal,140707201591040,8936
combine_histogram,734.9329643249512,735.0163683891296,all_file,bin-worker-4.novalocal,140457152595712,15592
combine_histogram,734.9856564998627,735.061651468277,all_file,bin-worker-8.novalocal,140707201591040,8936
combine_histogram,735.0620346069336,735.1189796924591,all_file,bin-worker-4.novalocal,140457152595712,15592
combine_histogram,735.1432569026947,735.2256093025208,all_file,bin-worker-8.novalocal,140707201591040,8936
combine_histogram,735.1764075756073,735.2641475200653,all_file,bin-worker-4.novalocal,140457152595712,15592
combine_histogram,735.2931661605835,735.3685133457184,all_file,bin-worker-4.novalocal,140457152595712,15592
combine_histogram,735.7862501144409,735.8577516078949,all_file,bin-worker-8.novalocal,140707167758080,8936
save_histogram,736.2026009559631,736.4404706954956,all_file,driver.novalocal,140097897822016,26661
read_img,0.6357502937316895,338.95495557785034,bigbrain_0_1206_1388.nii,bin-worker-2.novalocal,139818566678272,21829
read_img,0.6369302272796631,339.1352696418762,bigbrain_1538_603_1388.nii,bin-worker-2.novalocal,139818983454464,21829
read_img,0.6378934383392334,339.38617873191833,bigbrain_2307_1206_1388.nii,bin-worker-4.novalocal,140457127417600,15592
read_img,0.6390442848205566,339.47816801071167,bigbrain_2307_1809_2082.nii,bin-worker-2.novalocal,139819017025280,21829
read_img,0.6358721256256104,339.5607330799103,bigbrain_0_1809_694.nii,bin-worker-2.novalocal,139818991847168,21829
read_img,0.6371574401855469,339.90015959739685,bigbrain_2307_0_694.nii,bin-worker-2.novalocal,139819000239872,21829
read_img,0.6367197036743164,339.9003014564514,bigbrain_1538_1206_0.nii,bin-worker-2.novalocal,139818558285568,21829
read_img,0.6361854076385498,339.56117272377014,bigbrain_0_603_2082.nii,bin-worker-2.novalocal,139819008632576,21829
read_img,0.6368134021759033,339.90061259269714,bigbrain_1538_1809_2776.nii,bin-worker-2.novalocal,139819025417984,21829
read_img,0.6374633312225342,339.27996921539307,bigbrain_0_603_694.nii,bin-worker-4.novalocal,140457135810304,15592
flatten,340.2148640155792,340.3025577068329,bigbrain_1538_603_1388.nii,bin-worker-2.novalocal,139818983454464,21829
flatten,340.25363945961,340.3523986339569,bigbrain_0_1206_1388.nii,bin-worker-2.novalocal,139818566678272,21829
read_img,0.6381123065948486,340.3171021938324,bigbrain_0_2412_0.nii,bin-worker-5.novalocal,139746349147904,28869
read_img,0.6378521919250488,339.41941690444946,bigbrain_0_1206_2082.nii,bin-worker-5.novalocal,139746777970432,28869
read_img,0.6382672786712646,340.22755694389343,bigbrain_0_603_2776.nii,bin-worker-5.novalocal,139746786363136,28869
read_img,0.6391537189483643,340.3174810409546,bigbrain_2307_1206_0.nii,bin-worker-5.novalocal,139746794755840,28869
read_img,0.6390588283538818,340.0626540184021,bigbrain_1538_603_2082.nii,bin-worker-5.novalocal,139746357540608,28869
read_img,0.6386353969573975,340.40670371055603,bigbrain_1538_1206_1388.nii,bin-worker-5.novalocal,139746340755200,28869
read_img,0.638904333114624,340.3173520565033,bigbrain_1538_1809_694.nii,bin-worker-5.novalocal,139746769315584,28869
read_img,0.639352560043335,340.3168556690216,bigbrain_2307_1809_2776.nii,bin-worker-5.novalocal,139746332362496,28869
flatten,340.3639817237854,340.43853735923767,bigbrain_2307_1809_2082.nii,bin-worker-2.novalocal,139819017025280,21829
read_img,0.6440684795379639,340.3441426753998,bigbrain_2307_0_1388.nii,bin-worker-6.novalocal,140292252407552,10569
read_img,0.644141435623169,340.08416652679443,bigbrain_2307_1206_694.nii,bin-worker-6.novalocal,140292235360000,10569
read_img,0.6437647342681885,340.4319634437561,bigbrain_1538_1809_0.nii,bin-worker-6.novalocal,140291793209088,10569
read_img,0.6434018611907959,340.52114701271057,bigbrain_0_0_2776.nii,bin-worker-6.novalocal,140291809994496,10569
read_img,0.6434905529022217,340.34427189826965,bigbrain_0_1809_1388.nii,bin-worker-6.novalocal,140291818387200,10569
read_img,0.6435666084289551,340.5205602645874,bigbrain_0_2412_694.nii,bin-worker-6.novalocal,140292260800256,10569
read_img,0.6436944007873535,340.5216929912567,bigbrain_1538_0_2082.nii,bin-worker-6.novalocal,140291801601792,10569
read_img,0.6438336372375488,340.5212473869324,bigbrain_1538_2412_2776.nii,bin-worker-6.novalocal,140292243752704,10569
read_img,0.6370890140533447,339.27968668937683,bigbrain_0_0_0.nii,bin-worker-4.novalocal,140457152595712,15592
read_img,0.6375362873077393,340.55735993385315,bigbrain_1538_1206_2082.nii,bin-worker-4.novalocal,140457160988416,15592
read_img,0.6376302242279053,340.55780267715454,bigbrain_1538_2412_0.nii,bin-worker-4.novalocal,140457119024896,15592
read_img,0.6372451782226562,340.45175433158875,bigbrain_0_1206_2776.nii,bin-worker-4.novalocal,140456570648320,15592
read_img,0.637359619140625,340.6619203090668,bigbrain_0_2412_1388.nii,bin-worker-4.novalocal,140457144203008,15592
read_img,0.6377692222595215,340.663081407547,bigbrain_1538_603_2776.nii,bin-worker-4.novalocal,140457169381120,15592
flatten,340.82985258102417,340.8801302909851,bigbrain_2307_1206_1388.nii,bin-worker-4.novalocal,140457127417600,15592
flatten,340.8694453239441,340.92154335975647,bigbrain_2307_0_694.nii,bin-worker-2.novalocal,139819000239872,21829
read_img,0.6413896083831787,340.85709834098816,bigbrain_1538_1206_694.nii,bin-worker-7.novalocal,140117753374464,8379
read_img,0.6408994197845459,340.54688787460327,bigbrain_0_1809_0.nii,bin-worker-7.novalocal,140117326948096,8379
read_img,0.6415731906890869,340.85695147514343,bigbrain_1538_2412_2082.nii,bin-worker-7.novalocal,140117761767168,8379
read_img,0.6410253047943115,340.85901045799255,bigbrain_0_2412_2776.nii,bin-worker-7.novalocal,140117335340800,8379
flatten,341.0981602668762,341.15972232818604,bigbrain_1538_603_2082.nii,bin-worker-5.novalocal,139746357540608,28869
flatten,341.12295269966125,341.16535115242004,bigbrain_2307_1206_694.nii,bin-worker-6.novalocal,140292235360000,10569
read_img,0.6416902542114258,340.8598852157593,bigbrain_2307_0_0.nii,bin-worker-7.novalocal,140117318555392,8379
read_img,0.64186692237854,340.858736038208,bigbrain_2307_1206_2776.nii,bin-worker-7.novalocal,140117310162688,8379
read_img,0.6412272453308105,341.211229801178,bigbrain_1538_0_1388.nii,bin-worker-7.novalocal,140117301769984,8379
read_img,0.6406710147857666,339.74803614616394,bigbrain_0_0_2082.nii,bin-worker-7.novalocal,140117293377280,8379
flatten,341.620756149292,341.6657078266144,bigbrain_0_0_0.nii,bin-worker-4.novalocal,140457152595712,15592
flatten,341.6723847389221,341.7261018753052,bigbrain_1538_1206_0.nii,bin-worker-2.novalocal,139818558285568,21829
flatten,342.0029094219208,342.04551792144775,bigbrain_0_2412_0.nii,bin-worker-5.novalocal,139746349147904,28869
flatten,342.3228569030762,342.3569345474243,bigbrain_2307_0_1388.nii,bin-worker-6.novalocal,140292252407552,10569
flatten,342.4442002773285,342.4851360321045,bigbrain_0_603_694.nii,bin-worker-4.novalocal,140457135810304,15592
flatten,342.4580399990082,342.52283453941345,bigbrain_0_2412_2776.nii,bin-worker-7.novalocal,140117335340800,8379
read_img,0.6385858058929443,341.561642408371,bigbrain_0_0_694.nii,bin-worker-3.novalocal,139706561984256,21989
flatten,342.60483026504517,342.66036319732666,bigbrain_0_603_2082.nii,bin-worker-2.novalocal,139819008632576,21829
read_img,0.6408755779266357,341.93943190574646,bigbrain_2307_0_2082.nii,bin-worker-3.novalocal,139706536806144,21989
read_img,0.638845682144165,341.93908762931824,bigbrain_0_603_0.nii,bin-worker-3.novalocal,139706545198848,21989
read_img,0.6409945487976074,341.84419870376587,bigbrain_2307_1809_0.nii,bin-worker-3.novalocal,139707006121728,21989
read_img,0.6406612396240234,342.5709488391876,bigbrain_1538_1809_1388.nii,bin-worker-3.novalocal,139706553591552,21989
read_img,0.6389496326446533,342.666134595871,bigbrain_1538_0_2776.nii,bin-worker-3.novalocal,139706989336320,21989
read_img,0.6407709121704102,342.76011419296265,bigbrain_1538_2412_694.nii,bin-worker-3.novalocal,139706997729024,21989
read_img,0.6387243270874023,342.7594962120056,bigbrain_0_1809_2082.nii,bin-worker-3.novalocal,139706980943616,21989
flatten,342.8481459617615,342.8988263607025,bigbrain_0_603_2776.nii,bin-worker-5.novalocal,139746786363136,28869
flatten,342.95510721206665,342.99041390419006,bigbrain_0_0_2776.nii,bin-worker-6.novalocal,140291809994496,10569
flatten,343.02893352508545,343.06765365600586,bigbrain_0_1206_2776.nii,bin-worker-4.novalocal,140456570648320,15592
read_img,0.6390540599822998,342.4318165779114,bigbrain_1538_2412_1388.nii,bin-worker-1.novalocal,140140664047360,18828
read_img,0.6448774337768555,340.50449538230896,bigbrain_1538_0_694.nii,bin-worker-8.novalocal,140707201591040,8936
read_img,0.645716667175293,342.6371479034424,bigbrain_2307_0_2776.nii,bin-worker-8.novalocal,140707167758080,8936
flatten,343.5602786540985,343.61503171920776,bigbrain_1538_2412_2082.nii,bin-worker-7.novalocal,140117761767168,8379
flatten,343.8591799736023,343.916152715683,bigbrain_0_1809_694.nii,bin-worker-2.novalocal,139818991847168,21829
flatten,343.98134183883667,344.0250141620636,bigbrain_2307_1206_0.nii,bin-worker-5.novalocal,139746794755840,28869
read_img,0.645404577255249,344.200998544693,bigbrain_1538_603_0.nii,bin-worker-8.novalocal,140707193198336,8936
read_img,0.638746976852417,343.4303832054138,bigbrain_1538_0_0.nii,bin-worker-1.novalocal,140140655654656,18828
read_img,0.6365525722503662,343.52218222618103,bigbrain_0_0_1388.nii,bin-worker-1.novalocal,140141039089408,18828
read_img,0.6367154121398926,343.52281498908997,bigbrain_0_1206_694.nii,bin-worker-1.novalocal,140140680832768,18828
flatten,344.27602553367615,344.32809615135193,bigbrain_2307_1809_0.nii,bin-worker-3.novalocal,139707006121728,21989
read_img,0.6447057723999023,343.5188698768616,bigbrain_0_603_1388.nii,bin-worker-8.novalocal,140707209983744,8936
read_img,0.6443853378295898,340.50494623184204,bigbrain_0_1809_2776.nii,bin-worker-8.novalocal,140707176150784,8936
read_img,0.638934850692749,343.5230350494385,bigbrain_1538_1206_2776.nii,bin-worker-1.novalocal,140140689225472,18828
read_img,0.6368341445922852,340.2500193119049,bigbrain_0_2412_2082.nii,bin-worker-1.novalocal,140140647261952,18828
read_img,0.6391656398773193,343.52322459220886,bigbrain_1538_603_694.nii,bin-worker-1.novalocal,140140672440064,18828
flatten,344.38591265678406,344.4252896308899,bigbrain_1538_2412_0.nii,bin-worker-4.novalocal,140457119024896,15592
flatten,344.3879323005676,344.42772912979126,bigbrain_0_1809_1388.nii,bin-worker-6.novalocal,140291818387200,10569
read_img,0.6442358493804932,344.40700602531433,bigbrain_0_1206_0.nii,bin-worker-8.novalocal,140707184805632,8936
read_img,0.6458704471588135,344.2015931606293,bigbrain_2307_1809_1388.nii,bin-worker-8.novalocal,140706752493312,8936
flatten,344.4842519760132,344.54144382476807,bigbrain_1538_1809_2776.nii,bin-worker-2.novalocal,139819025417984,21829
flatten,344.48900389671326,344.5414831638336,bigbrain_1538_1206_694.nii,bin-worker-7.novalocal,140117753374464,8379
read_img,0.6453180313110352,344.40806913375854,bigbrain_1538_1809_2082.nii,bin-worker-8.novalocal,140706744100608,8936
read_img,0.6393282413482666,344.4209864139557,bigbrain_2307_1206_2082.nii,bin-worker-1.novalocal,140140638869248,18828
flatten,344.7586386203766,344.8080050945282,bigbrain_1538_2412_1388.nii,bin-worker-1.novalocal,140140664047360,18828
flatten,344.64441895484924,344.7272243499756,bigbrain_1538_0_694.nii,bin-worker-8.novalocal,140707201591040,8936
flatten,344.91086435317993,344.95435214042664,bigbrain_1538_1206_1388.nii,bin-worker-5.novalocal,139746340755200,28869
flatten,345.3055491447449,345.38788628578186,bigbrain_2307_0_2776.nii,bin-worker-8.novalocal,140707167758080,8936
flatten,345.57474660873413,345.6221544742584,bigbrain_0_603_0.nii,bin-worker-3.novalocal,139706545198848,21989
flatten,345.6917304992676,345.72803950309753,bigbrain_1538_1809_0.nii,bin-worker-6.novalocal,140291793209088,10569
flatten,346.0766222476959,346.12081933021545,bigbrain_0_0_694.nii,bin-worker-3.novalocal,139706561984256,21989
flatten,346.62266421318054,346.6719081401825,bigbrain_1538_1206_2082.nii,bin-worker-4.novalocal,140457160988416,15592
calculate_histogram,346.7547607421875,346.7766077518463,bigbrain_1538_603_1388.nii,bin-worker-2.novalocal,139818983454464,21829
flatten,346.8723957538605,346.93466806411743,bigbrain_2307_0_0.nii,bin-worker-7.novalocal,140117318555392,8379
flatten,346.956906080246,347.0035967826843,bigbrain_0_1206_2082.nii,bin-worker-5.novalocal,139746777970432,28869
flatten,347.03138875961304,347.08636832237244,bigbrain_0_0_1388.nii,bin-worker-1.novalocal,140141039089408,18828
flatten,347.2268240451813,347.31548285484314,bigbrain_1538_603_0.nii,bin-worker-8.novalocal,140707193198336,8936
flatten,347.37143301963806,347.42378282546997,bigbrain_1538_1206_2776.nii,bin-worker-1.novalocal,140140689225472,18828
flatten,347.58259415626526,347.6269006729126,bigbrain_0_2412_694.nii,bin-worker-6.novalocal,140292260800256,10569
flatten,348.06033730506897,348.10566902160645,bigbrain_0_1206_694.nii,bin-worker-1.novalocal,140140680832768,18828
flatten,348.4135916233063,348.47879576683044,bigbrain_1538_1809_1388.nii,bin-worker-3.novalocal,139706553591552,21989
flatten,348.630521774292,348.67291021347046,bigbrain_0_2412_1388.nii,bin-worker-4.novalocal,140457144203008,15592
calculate_histogram,348.7972631454468,348.8193964958191,bigbrain_0_1206_1388.nii,bin-worker-2.novalocal,139818566678272,21829
calculate_histogram,349.0021507740021,349.02464628219604,bigbrain_2307_1809_2082.nii,bin-worker-2.novalocal,139819017025280,21829
flatten,348.98835587501526,349.05745935440063,bigbrain_2307_1206_2776.nii,bin-worker-7.novalocal,140117310162688,8379
calculate_histogram,349.2032973766327,349.2248933315277,bigbrain_2307_0_694.nii,bin-worker-2.novalocal,139819000239872,21829
flatten,349.09634828567505,349.22238659858704,bigbrain_0_1809_0.nii,bin-worker-7.novalocal,140117326948096,8379
flatten,349.27044773101807,349.323278427124,bigbrain_1538_1809_694.nii,bin-worker-5.novalocal,139746769315584,28869
flatten,349.24318194389343,349.3430914878845,bigbrain_1538_0_1388.nii,bin-worker-7.novalocal,140117301769984,8379
flatten,349.51141333580017,349.58852791786194,bigbrain_0_1206_0.nii,bin-worker-8.novalocal,140707184805632,8936
flatten,349.5994544029236,349.6367537975311,bigbrain_1538_0_2082.nii,bin-worker-6.novalocal,140291801601792,10569
flatten,349.735470533371,349.7884876728058,bigbrain_1538_0_0.nii,bin-worker-1.novalocal,140140655654656,18828
flatten,349.8002653121948,349.8404974937439,bigbrain_1538_603_2776.nii,bin-worker-4.novalocal,140457169381120,15592
flatten,349.76035928726196,349.83675742149353,bigbrain_2307_0_2082.nii,bin-worker-3.novalocal,139706536806144,21989
calculate_histogram,349.850533246994,349.89456510543823,bigbrain_1538_1206_0.nii,bin-worker-2.novalocal,139818558285568,21829
flatten,349.8757412433624,349.9206910133362,bigbrain_2307_1809_2776.nii,bin-worker-5.novalocal,139746332362496,28869
flatten,349.95176577568054,350.0144910812378,bigbrain_0_0_2082.nii,bin-worker-7.novalocal,140117293377280,8379
flatten,350.07719802856445,350.11069893836975,bigbrain_1538_2412_2776.nii,bin-worker-6.novalocal,140292243752704,10569
flatten,350.0793890953064,350.1597971916199,bigbrain_0_603_1388.nii,bin-worker-8.novalocal,140707209983744,8936
flatten,350.3554410934448,350.40142846107483,bigbrain_0_2412_2082.nii,bin-worker-1.novalocal,140140647261952,18828
flatten,350.3895902633667,350.4424104690552,bigbrain_1538_0_2776.nii,bin-worker-3.novalocal,139706989336320,21989
calculate_histogram,350.5362207889557,350.5590822696686,bigbrain_2307_1206_1388.nii,bin-worker-4.novalocal,140457127417600,15592
calculate_histogram,350.63717770576477,350.65863728523254,bigbrain_0_603_2082.nii,bin-worker-2.novalocal,139819008632576,21829
calculate_histogram,350.7983899116516,350.81947660446167,bigbrain_1538_603_2082.nii,bin-worker-5.novalocal,139746357540608,28869
calculate_histogram,350.8011302947998,350.82362508773804,bigbrain_0_2412_2776.nii,bin-worker-7.novalocal,140117335340800,8379
calculate_histogram,351.35864329338074,351.38065218925476,bigbrain_2307_1206_694.nii,bin-worker-6.novalocal,140292235360000,10569
flatten,351.35862708091736,351.4167568683624,bigbrain_1538_603_694.nii,bin-worker-1.novalocal,140140672440064,18828
flatten,351.3636968135834,351.4347174167633,bigbrain_0_1809_2776.nii,bin-worker-8.novalocal,140707176150784,8936
flatten,351.495069026947,351.54215455055237,bigbrain_0_1809_2082.nii,bin-worker-3.novalocal,139706980943616,21989
calculate_histogram,351.60300159454346,351.6249964237213,bigbrain_0_0_0.nii,bin-worker-4.novalocal,140457152595712,15592
calculate_histogram,351.7534804344177,351.77484464645386,bigbrain_0_2412_0.nii,bin-worker-5.novalocal,139746349147904,28869
calculate_histogram,351.73650884628296,351.77960681915283,bigbrain_0_1809_694.nii,bin-worker-2.novalocal,139818991847168,21829
calculate_histogram,351.7812309265137,351.8031494617462,bigbrain_1538_2412_2082.nii,bin-worker-7.novalocal,140117761767168,8379
flatten,351.78759574890137,351.85500502586365,bigbrain_2307_1809_1388.nii,bin-worker-8.novalocal,140706752493312,8936
calculate_histogram,351.8698716163635,351.8906021118164,bigbrain_2307_0_1388.nii,bin-worker-6.novalocal,140292252407552,10569
calculate_histogram,351.8696792125702,351.8926351070404,bigbrain_1538_1206_694.nii,bin-worker-7.novalocal,140117753374464,8379
flatten,351.88679218292236,351.9338929653168,bigbrain_2307_1206_2082.nii,bin-worker-1.novalocal,140140638869248,18828
flatten,351.9390079975128,351.983847618103,bigbrain_1538_2412_694.nii,bin-worker-3.novalocal,139706997729024,21989
calculate_histogram,352.17997765541077,352.2026596069336,bigbrain_0_603_694.nii,bin-worker-4.novalocal,140457135810304,15592
calculate_histogram,352.244193315506,352.2652440071106,bigbrain_1538_1809_2776.nii,bin-worker-2.novalocal,139819025417984,21829
calculate_histogram,352.3111500740051,352.3313488960266,bigbrain_0_603_2776.nii,bin-worker-5.novalocal,139746786363136,28869
flatten,352.3188474178314,352.3859808444977,bigbrain_1538_1809_2082.nii,bin-worker-8.novalocal,140706744100608,8936
calculate_histogram,352.93591570854187,352.9580171108246,bigbrain_0_0_2776.nii,bin-worker-6.novalocal,140291809994496,10569
calculate_histogram,352.9361126422882,352.957946062088,bigbrain_2307_0_0.nii,bin-worker-7.novalocal,140117318555392,8379
calculate_histogram,353.20106506347656,353.2306754589081,bigbrain_1538_2412_1388.nii,bin-worker-1.novalocal,140140664047360,18828
calculate_histogram,353.3447859287262,353.3726153373718,bigbrain_2307_1809_0.nii,bin-worker-3.novalocal,139707006121728,21989
calculate_histogram,353.367769241333,353.39053201675415,bigbrain_0_1206_2776.nii,bin-worker-4.novalocal,140456570648320,15592
calculate_histogram,353.4750773906708,353.49547576904297,bigbrain_2307_1206_0.nii,bin-worker-5.novalocal,139746794755840,28869
calculate_histogram,353.51716136932373,353.5470290184021,bigbrain_1538_0_694.nii,bin-worker-8.novalocal,140707201591040,8936
calculate_histogram,353.71255111694336,353.7337472438812,bigbrain_0_1809_1388.nii,bin-worker-6.novalocal,140291818387200,10569
calculate_histogram,355.05188035964966,355.0739107131958,bigbrain_2307_1206_2776.nii,bin-worker-7.novalocal,140117310162688,8379
calculate_histogram,354.0883870124817,354.1185607910156,bigbrain_2307_0_2776.nii,bin-worker-8.novalocal,140707167758080,8936
calculate_histogram,355.10047936439514,355.13190031051636,bigbrain_0_0_1388.nii,bin-worker-1.novalocal,140141039089408,18828
calculate_histogram,355.315541267395,355.337429523468,bigbrain_1538_2412_0.nii,bin-worker-4.novalocal,140457119024896,15592
calculate_histogram,355.31010031700134,355.33350133895874,bigbrain_0_603_0.nii,bin-worker-3.novalocal,139706545198848,21989
calculate_histogram,355.61518263816833,355.6363079547882,bigbrain_1538_1206_1388.nii,bin-worker-5.novalocal,139746340755200,28869
calculate_histogram,355.9825978279114,356.00482273101807,bigbrain_1538_1809_0.nii,bin-worker-6.novalocal,140291793209088,10569
calculate_histogram,356.04209208488464,356.0718116760254,bigbrain_1538_603_0.nii,bin-worker-8.novalocal,140707193198336,8936
calculate_histogram,356.3512101173401,356.37315607070923,bigbrain_0_1809_0.nii,bin-worker-7.novalocal,140117326948096,8379
calculate_histogram,356.7619457244873,356.7931833267212,bigbrain_1538_1206_2776.nii,bin-worker-1.novalocal,140140689225472,18828
calculate_histogram,356.7683279514313,356.79433369636536,bigbrain_0_0_694.nii,bin-worker-3.novalocal,139706561984256,21989
calculate_histogram,357.3410892486572,357.36335039138794,bigbrain_1538_1206_2082.nii,bin-worker-4.novalocal,140457160988416,15592
calculate_histogram,357.65963864326477,357.6797366142273,bigbrain_0_1206_2082.nii,bin-worker-5.novalocal,139746777970432,28869
calculate_histogram,357.74289059638977,357.76381182670593,bigbrain_0_2412_694.nii,bin-worker-6.novalocal,140292260800256,10569
calculate_histogram,357.7470805644989,357.77782440185547,bigbrain_0_1206_0.nii,bin-worker-8.novalocal,140707184805632,8936
calculate_histogram,358.0014281272888,358.02604150772095,bigbrain_1538_0_1388.nii,bin-worker-7.novalocal,140117301769984,8379
calculate_histogram,358.13242959976196,358.16036915779114,bigbrain_0_1206_694.nii,bin-worker-1.novalocal,140140680832768,18828
calculate_histogram,358.1371548175812,358.1632652282715,bigbrain_1538_1809_1388.nii,bin-worker-3.novalocal,139706553591552,21989
calculate_histogram,358.3415439128876,358.3637366294861,bigbrain_0_2412_1388.nii,bin-worker-4.novalocal,140457144203008,15592
calculate_histogram,358.53386306762695,358.5555329322815,bigbrain_1538_1809_694.nii,bin-worker-5.novalocal,139746769315584,28869
calculate_histogram,358.53988766670227,358.5603897571564,bigbrain_1538_0_2082.nii,bin-worker-6.novalocal,140291801601792,10569
calculate_histogram,358.8206443786621,358.84330224990845,bigbrain_0_0_2082.nii,bin-worker-7.novalocal,140117293377280,8379
calculate_histogram,358.8234784603119,358.85341358184814,bigbrain_0_603_1388.nii,bin-worker-8.novalocal,140707209983744,8936
calculate_histogram,359.22505950927734,359.2508895397186,bigbrain_1538_0_0.nii,bin-worker-1.novalocal,140140655654656,18828
calculate_histogram,359.2291576862335,359.25652170181274,bigbrain_2307_0_2082.nii,bin-worker-3.novalocal,139706536806144,21989
calculate_histogram,359.3018741607666,359.3244950771332,bigbrain_1538_603_2776.nii,bin-worker-4.novalocal,140457169381120,15592
calculate_histogram,359.9289560317993,359.95126032829285,bigbrain_1538_2412_2776.nii,bin-worker-6.novalocal,140292243752704,10569
calculate_histogram,359.90839195251465,359.9278485774994,bigbrain_2307_1809_2776.nii,bin-worker-5.novalocal,139746332362496,28869
calculate_histogram,360.1804747581482,360.2132987976074,bigbrain_0_1809_2776.nii,bin-worker-8.novalocal,140707176150784,8936
calculate_histogram,360.5343246459961,360.5632519721985,bigbrain_0_2412_2082.nii,bin-worker-1.novalocal,140140647261952,18828
calculate_histogram,360.5421094894409,360.5686764717102,bigbrain_1538_0_2776.nii,bin-worker-3.novalocal,139706989336320,21989
calculate_histogram,360.99934697151184,361.0270712375641,bigbrain_2307_1809_1388.nii,bin-worker-8.novalocal,140706752493312,8936
calculate_histogram,361.47477197647095,361.5012047290802,bigbrain_1538_603_694.nii,bin-worker-1.novalocal,140140672440064,18828
calculate_histogram,362.0390555858612,362.06663155555725,bigbrain_0_1809_2082.nii,bin-worker-3.novalocal,139706980943616,21989
calculate_histogram,365.5840811729431,365.61008524894714,bigbrain_2307_1206_2082.nii,bin-worker-1.novalocal,140140638869248,18828
calculate_histogram,365.5895354747772,365.6188795566559,bigbrain_1538_1809_2082.nii,bin-worker-8.novalocal,140706744100608,8936
calculate_histogram,365.9331910610199,365.95978260040283,bigbrain_1538_2412_694.nii,bin-worker-3.novalocal,139706997729024,21989
