save_incremented,980.0642819404602,1305.6783194541931,bigbrain_3076_0_0.nii,soen499-worker-5.novalocal,140514436081408
save_incremented,808.8844680786133,1308.565720796585,bigbrain_769_2010_0.nii,soen499-worker-12.novalocal,140145093232384
increment,807.9746084213257,811.8168966770172,bigbrain_0_1005_1735.nii,soen499-worker-9.novalocal,140544550369024
increment,808.4141232967377,812.232587814331,bigbrain_769_1005_1735.nii,soen499-worker-9.novalocal,140544982042368
increment,808.5990421772003,812.4517815113068,bigbrain_3076_0_1735.nii,soen499-worker-9.novalocal,140544965256960
save_incremented,808.8204827308655,897.8784368038177,bigbrain_1538_2010_1735.nii,soen499-worker-9.novalocal,140544525190912
save_incremented,886.412844657898,1373.663726568222,bigbrain_0_2010_0.nii,soen499-worker-12.novalocal,140145532856064
save_incremented,819.4149436950684,1375.165517091751,bigbrain_2307_0_0.nii,soen499-worker-12.novalocal,140145076446976
save_incremented,819.5128633975983,1375.9355051517487,bigbrain_0_0_1735.nii,soen499-worker-6.novalocal,140561817421568
save_incremented,886.8803927898407,1387.0981798171997,bigbrain_769_0_1735.nii,soen499-worker-6.novalocal,140561843123968
save_incremented,980.7753641605377,1387.172679424286,bigbrain_769_1005_0.nii,soen499-worker-5.novalocal,140514444736256
increment,806.5972430706024,810.4342818260193,bigbrain_1538_2010_0.nii,soen499-worker-5.novalocal,140513881618176
increment,808.4043109416962,812.2226445674896,bigbrain_769_1005_0.nii,soen499-worker-5.novalocal,140514444736256
increment,808.4453537464142,812.2586605548859,bigbrain_3076_0_0.nii,soen499-worker-5.novalocal,140514436081408
save_incremented,808.6901962757111,977.9649503231049,bigbrain_0_1005_0.nii,soen499-worker-5.novalocal,140514478831360
increment,0.5055656433105469,548.6148970127106,bigbrain_1538_0_1735.nii,soen499-worker-13.novalocal,140180176602880
increment,3.471982002258301,559.0280628204346,bigbrain_2307_1005_1735.nii,soen499-worker-13.novalocal,140180193650432
increment,0.6367192268371582,550.9305851459503,bigbrain_3076_2010_0.nii,soen499-worker-15.novalocal,140660269913856
increment,3.697384834289551,557.0180547237396,bigbrain_1538_0_0.nii,soen499-worker-15.novalocal,140660286961408
increment,8.925109148025513,562.9265651702881,bigbrain_3076_2010_1735.nii,soen499-worker-13.novalocal,140179796907776
increment,11.63579797744751,563.1461079120636,bigbrain_2307_1005_0.nii,soen499-worker-15.novalocal,140659843397376
increment,560.2617020606995,564.1302313804626,bigbrain_3076_2010_0.nii,soen499-worker-15.novalocal,140660269913856
increment,560.2297086715698,564.1956322193146,bigbrain_1538_0_1735.nii,soen499-worker-13.novalocal,140180176602880
increment,560.5593123435974,564.4566259384155,bigbrain_1538_0_0.nii,soen499-worker-15.novalocal,140660286961408
increment,560.4508693218231,564.426433801651,bigbrain_2307_1005_1735.nii,soen499-worker-13.novalocal,140180193650432
increment,563.533148765564,567.4098031520844,bigbrain_2307_1005_0.nii,soen499-worker-15.novalocal,140659843397376
increment,563.4906649589539,567.4123175144196,bigbrain_3076_2010_1735.nii,soen499-worker-13.novalocal,140179796907776
increment,564.6174623966217,568.454666852951,bigbrain_3076_2010_0.nii,soen499-worker-15.novalocal,140660269913856
increment,564.8571884632111,568.6850652694702,bigbrain_1538_0_0.nii,soen499-worker-15.novalocal,140660286961408
increment,564.9425194263458,568.8418095111847,bigbrain_1538_0_1735.nii,soen499-worker-13.novalocal,140180176602880
increment,565.1649167537689,569.0340449810028,bigbrain_2307_1005_1735.nii,soen499-worker-13.novalocal,140180193650432
increment,567.9119846820831,571.7822639942169,bigbrain_2307_1005_0.nii,soen499-worker-15.novalocal,140659843397376
increment,568.0166614055634,571.9018049240112,bigbrain_3076_2010_1735.nii,soen499-worker-13.novalocal,140179796907776
increment,568.8331124782562,572.707709312439,bigbrain_3076_2010_0.nii,soen499-worker-15.novalocal,140660269913856
increment,569.0371441841125,572.8855230808258,bigbrain_1538_0_0.nii,soen499-worker-15.novalocal,140660286961408
increment,569.4741861820221,573.384078502655,bigbrain_1538_0_1735.nii,soen499-worker-13.novalocal,140180176602880
increment,569.668231010437,573.5148727893829,bigbrain_2307_1005_1735.nii,soen499-worker-13.novalocal,140180193650432
increment,572.2092926502228,576.0337519645691,bigbrain_2307_1005_0.nii,soen499-worker-15.novalocal,140659843397376
increment,572.3652687072754,576.2116322517395,bigbrain_3076_2010_1735.nii,soen499-worker-13.novalocal,140179796907776
increment,573.1334609985352,576.9723398685455,bigbrain_3076_2010_0.nii,soen499-worker-15.novalocal,140660269913856
increment,573.299488067627,577.1479213237762,bigbrain_1538_0_0.nii,soen499-worker-15.novalocal,140660286961408
increment,573.8335876464844,577.6874394416809,bigbrain_1538_0_1735.nii,soen499-worker-13.novalocal,140180176602880
increment,573.9015233516693,577.7472901344299,bigbrain_2307_1005_1735.nii,soen499-worker-13.novalocal,140180193650432
increment,576.3723251819611,580.1930341720581,bigbrain_2307_1005_0.nii,soen499-worker-15.novalocal,140659843397376
increment,576.5785071849823,580.448447227478,bigbrain_3076_2010_1735.nii,soen499-worker-13.novalocal,140179796907776
increment,577.4257099628448,581.2629384994507,bigbrain_3076_2010_0.nii,soen499-worker-15.novalocal,140660269913856
increment,577.6468086242676,581.465334892273,bigbrain_1538_0_0.nii,soen499-worker-15.novalocal,140660286961408
increment,578.1281642913818,581.9962427616119,bigbrain_1538_0_1735.nii,soen499-worker-13.novalocal,140180176602880
increment,578.4006073474884,582.2300746440887,bigbrain_2307_1005_1735.nii,soen499-worker-13.novalocal,140180193650432
increment,580.7011015415192,584.5223295688629,bigbrain_2307_1005_0.nii,soen499-worker-15.novalocal,140659843397376
increment,581.0100221633911,584.879798412323,bigbrain_3076_2010_1735.nii,soen499-worker-13.novalocal,140179796907776
increment,581.7848925590515,585.6018722057343,bigbrain_3076_2010_0.nii,soen499-worker-15.novalocal,140660269913856
increment,582.0125966072083,585.8250002861023,bigbrain_1538_0_0.nii,soen499-worker-15.novalocal,140660286961408
increment,582.4602916240692,586.3301634788513,bigbrain_1538_0_1735.nii,soen499-worker-13.novalocal,140180176602880
increment,582.7051739692688,586.5536193847656,bigbrain_2307_1005_1735.nii,soen499-worker-13.novalocal,140180193650432
increment,585.2366163730621,589.0903158187866,bigbrain_2307_1005_0.nii,soen499-worker-15.novalocal,140659843397376
increment,585.4081869125366,589.2641599178314,bigbrain_3076_2010_1735.nii,soen499-worker-13.novalocal,140179796907776
increment,586.1389513015747,589.9879653453827,bigbrain_3076_2010_0.nii,soen499-worker-15.novalocal,140660269913856
increment,586.4286098480225,590.2449824810028,bigbrain_1538_0_0.nii,soen499-worker-15.novalocal,140660286961408
increment,586.8274643421173,590.6692624092102,bigbrain_1538_0_1735.nii,soen499-worker-13.novalocal,140180176602880
increment,587.2345108985901,591.0809092521667,bigbrain_2307_1005_1735.nii,soen499-worker-13.novalocal,140180193650432
increment,589.8133661746979,593.6586997509003,bigbrain_2307_1005_0.nii,soen499-worker-15.novalocal,140659843397376
increment,589.925939321518,593.7525384426117,bigbrain_3076_2010_1735.nii,soen499-worker-13.novalocal,140179796907776
increment,590.2873113155365,594.1371448040009,bigbrain_3076_2010_0.nii,soen499-worker-15.novalocal,140660269913856
increment,590.6308488845825,594.4780099391937,bigbrain_1538_0_0.nii,soen499-worker-15.novalocal,140660286961408
increment,591.0735473632812,594.8971893787384,bigbrain_1538_0_1735.nii,soen499-worker-13.novalocal,140180176602880
increment,591.7990460395813,595.6228036880493,bigbrain_2307_1005_1735.nii,soen499-worker-13.novalocal,140180193650432
increment,594.0851035118103,597.9045722484589,bigbrain_2307_1005_0.nii,soen499-worker-15.novalocal,140659843397376
increment,594.1263101100922,597.9666864871979,bigbrain_3076_2010_1735.nii,soen499-worker-13.novalocal,140179796907776
increment,594.4393439292908,598.2807450294495,bigbrain_3076_2010_0.nii,soen499-worker-15.novalocal,140660269913856
increment,594.8074789047241,598.6487300395966,bigbrain_1538_0_0.nii,soen499-worker-15.novalocal,140660286961408
increment,595.3163001537323,599.2351746559143,bigbrain_1538_0_1735.nii,soen499-worker-13.novalocal,140180176602880
increment,595.9726052284241,599.8614346981049,bigbrain_2307_1005_1735.nii,soen499-worker-13.novalocal,140180193650432
increment,598.8616328239441,602.6941690444946,bigbrain_3076_2010_1735.nii,soen499-worker-13.novalocal,140179796907776
increment,598.9343917369843,602.785094499588,bigbrain_2307_1005_0.nii,soen499-worker-15.novalocal,140659843397376
save_incremented,896.1039879322052,1069.1691601276398,bigbrain_0_1005_1735.nii,soen499-worker-9.novalocal,140544550369024
save_incremented,897.8455679416656,1118.3858489990234,bigbrain_769_1005_1735.nii,soen499-worker-9.novalocal,140544982042368
increment,1.2729945182800293,681.0077528953552,bigbrain_2307_2010_1735.nii,soen499-worker-6.novalocal,140561445017344
increment,0.5311481952667236,682.3563435077667,bigbrain_0_0_0.nii,soen499-worker-16.novalocal,139859648931584
increment,0.855349063873291,677.8090372085571,bigbrain_0_1005_1735.nii,soen499-worker-9.novalocal,140544550369024
increment,3.8201024532318115,691.780383348465,bigbrain_1538_2010_1735.nii,soen499-worker-9.novalocal,140544525190912
increment,4.208655834197998,693.3739285469055,bigbrain_0_0_1735.nii,soen499-worker-6.novalocal,140561817421568
increment,0.5940709114074707,682.2563605308533,bigbrain_1538_2010_0.nii,soen499-worker-5.novalocal,140513881618176
increment,3.6096391677856445,691.5544784069061,bigbrain_769_1005_0.nii,soen499-worker-5.novalocal,140514444736256
increment,3.836707592010498,691.5496265888214,bigbrain_2307_2010_0.nii,soen499-worker-16.novalocal,139859657586432
increment,0.8677527904510498,685.6045184135437,bigbrain_3076_1005_1735.nii,soen499-worker-14.novalocal,140480652359424
increment,8.570787906646729,697.3805627822876,bigbrain_1538_1005_0.nii,soen499-worker-16.novalocal,139859665979136
increment,3.831374168395996,694.6605086326599,bigbrain_2307_0_1735.nii,soen499-worker-14.novalocal,140480618264320
increment,8.2818603515625,697.3422899246216,bigbrain_0_1005_0.nii,soen499-worker-5.novalocal,140514478831360
increment,1.0812993049621582,685.6016976833344,bigbrain_3076_1005_0.nii,soen499-worker-12.novalocal,140145541510912
increment,3.9561522006988525,694.7130467891693,bigbrain_769_2010_0.nii,soen499-worker-12.novalocal,140145093232384
increment,9.694077730178833,697.6199450492859,bigbrain_769_1005_1735.nii,soen499-worker-9.novalocal,140544982042368
increment,8.922337532043457,697.5856423377991,bigbrain_1538_1005_1735.nii,soen499-worker-6.novalocal,140561461802752
increment,7.706957101821899,698.7561233043671,bigbrain_769_2010_1735.nii,soen499-worker-14.novalocal,140480609871616
increment,7.714902400970459,698.9396839141846,bigbrain_2307_0_0.nii,soen499-worker-12.novalocal,140145076446976
increment,24.758766412734985,701.5222821235657,bigbrain_3076_0_0.nii,soen499-worker-5.novalocal,140514436081408
increment,25.041020154953003,701.5246000289917,bigbrain_769_0_0.nii,soen499-worker-16.novalocal,139859234649856
increment,14.399976015090942,701.581378698349,bigbrain_0_2010_1735.nii,soen499-worker-14.novalocal,140480635311872
increment,16.546977996826172,701.607280254364,bigbrain_0_2010_0.nii,soen499-worker-12.novalocal,140145532856064
increment,24.522861003875732,701.668571472168,bigbrain_769_0_1735.nii,soen499-worker-6.novalocal,140561843123968
increment,698.3170602321625,702.1402318477631,bigbrain_3076_1005_1735.nii,soen499-worker-14.novalocal,140480652359424
increment,698.320121049881,702.140419960022,bigbrain_0_0_0.nii,soen499-worker-16.novalocal,139859648931584
increment,26.80461883544922,701.7203848361969,bigbrain_3076_0_1735.nii,soen499-worker-9.novalocal,140544965256960
increment,698.3362865447998,702.1663799285889,bigbrain_2307_0_1735.nii,soen499-worker-14.novalocal,140480618264320
increment,698.3362979888916,702.1546440124512,bigbrain_2307_2010_0.nii,soen499-worker-16.novalocal,139859657586432
increment,698.3189585208893,702.156830072403,bigbrain_0_1005_1735.nii,soen499-worker-9.novalocal,140544550369024
increment,698.3745603561401,702.4175860881805,bigbrain_3076_1005_0.nii,soen499-worker-12.novalocal,140145541510912
increment,698.3170104026794,702.1445145606995,bigbrain_1538_2010_0.nii,soen499-worker-5.novalocal,140513881618176
increment,698.3218011856079,702.5018067359924,bigbrain_2307_2010_1735.nii,soen499-worker-6.novalocal,140561445017344
increment,698.3449919223785,702.197154045105,bigbrain_769_1005_0.nii,soen499-worker-5.novalocal,140514444736256
increment,698.3865842819214,702.2077751159668,bigbrain_1538_1005_0.nii,soen499-worker-16.novalocal,139859665979136
increment,698.3836631774902,702.2297415733337,bigbrain_1538_2010_1735.nii,soen499-worker-9.novalocal,140544525190912
increment,698.3770489692688,702.5507419109344,bigbrain_0_0_1735.nii,soen499-worker-6.novalocal,140561817421568
increment,698.4279525279999,702.4654161930084,bigbrain_769_2010_0.nii,soen499-worker-12.novalocal,140145093232384
increment,698.3915677070618,702.2279603481293,bigbrain_0_1005_0.nii,soen499-worker-5.novalocal,140514478831360
increment,698.430243730545,702.5739367008209,bigbrain_1538_1005_1735.nii,soen499-worker-6.novalocal,140561461802752
increment,698.4345004558563,702.2495403289795,bigbrain_769_1005_1735.nii,soen499-worker-9.novalocal,140544982042368
save_incremented,808.6574213504791,1126.455058813095,bigbrain_1538_1005_0.nii,soen499-worker-16.novalocal,139859665979136
increment,703.1296036243439,706.9672577381134,bigbrain_769_2010_1735.nii,soen499-worker-14.novalocal,140480609871616
increment,703.1258096694946,707.0809772014618,bigbrain_2307_0_0.nii,soen499-worker-12.novalocal,140145076446976
increment,705.6754665374756,709.4950611591339,bigbrain_769_0_0.nii,soen499-worker-16.novalocal,139859234649856
increment,705.6754982471466,709.5330195426941,bigbrain_3076_0_0.nii,soen499-worker-5.novalocal,140514436081408
increment,709.605827331543,713.4806611537933,bigbrain_3076_1005_0.nii,soen499-worker-12.novalocal,140145541510912
increment,709.5175445079803,713.3606190681458,bigbrain_3076_0_1735.nii,soen499-worker-9.novalocal,140544965256960
increment,709.6132490634918,713.5017037391663,bigbrain_2307_2010_1735.nii,soen499-worker-6.novalocal,140561445017344
increment,709.515175819397,713.5445332527161,bigbrain_0_2010_0.nii,soen499-worker-12.novalocal,140145532856064
increment,709.5834543704987,713.4307248592377,bigbrain_1538_2010_0.nii,soen499-worker-5.novalocal,140513881618176
increment,709.6066460609436,713.4273502826691,bigbrain_0_0_0.nii,soen499-worker-16.novalocal,139859648931584
increment,709.6227314472198,713.4466757774353,bigbrain_1538_2010_1735.nii,soen499-worker-9.novalocal,140544525190912
increment,709.6507771015167,713.4699268341064,bigbrain_0_1005_0.nii,soen499-worker-5.novalocal,140514478831360
increment,709.5176284313202,713.3794164657593,bigbrain_0_2010_1735.nii,soen499-worker-14.novalocal,140480635311872
increment,709.5176198482513,713.5668981075287,bigbrain_769_0_1735.nii,soen499-worker-6.novalocal,140561843123968
increment,709.6044540405273,713.448305606842,bigbrain_3076_1005_1735.nii,soen499-worker-14.novalocal,140480652359424
increment,709.7067768573761,713.5197188854218,bigbrain_1538_1005_0.nii,soen499-worker-16.novalocal,139859665979136
increment,709.7224390506744,713.5533890724182,bigbrain_2307_0_1735.nii,soen499-worker-14.novalocal,140480618264320
save_incremented,808.4380161762238,1141.426768064499,bigbrain_3076_1005_0.nii,soen499-worker-12.novalocal,140145541510912
increment,711.8177988529205,715.7199518680573,bigbrain_769_2010_0.nii,soen499-worker-12.novalocal,140145093232384
increment,714.4146275520325,718.2899343967438,bigbrain_1538_1005_1735.nii,soen499-worker-6.novalocal,140561461802752
increment,715.1318790912628,719.0067763328552,bigbrain_0_1005_1735.nii,soen499-worker-9.novalocal,140544550369024
save_incremented,808.8130147457123,1148.3319096565247,bigbrain_2307_2010_0.nii,soen499-worker-16.novalocal,139859657586432
increment,717.202921628952,721.0726540088654,bigbrain_769_1005_0.nii,soen499-worker-5.novalocal,140514444736256
increment,718.5034201145172,722.3301529884338,bigbrain_2307_2010_0.nii,soen499-worker-16.novalocal,139859657586432
increment,718.5185189247131,722.3429787158966,bigbrain_769_0_0.nii,soen499-worker-16.novalocal,139859234649856
increment,718.5032768249512,722.3639757633209,bigbrain_769_2010_1735.nii,soen499-worker-14.novalocal,140480609871616
increment,718.5051131248474,722.3662061691284,bigbrain_769_1005_1735.nii,soen499-worker-9.novalocal,140544982042368
increment,718.5182375907898,722.3773393630981,bigbrain_3076_0_0.nii,soen499-worker-5.novalocal,140514436081408
increment,718.502744436264,722.3792943954468,bigbrain_2307_0_0.nii,soen499-worker-12.novalocal,140145076446976
increment,718.5049393177032,722.3966460227966,bigbrain_0_0_1735.nii,soen499-worker-6.novalocal,140561817421568
increment,718.5668416023254,722.3967707157135,bigbrain_3076_0_1735.nii,soen499-worker-9.novalocal,140544965256960
increment,718.5418901443481,722.3981475830078,bigbrain_0_2010_1735.nii,soen499-worker-14.novalocal,140480635311872
increment,718.5508434772491,722.4334661960602,bigbrain_3076_1005_0.nii,soen499-worker-12.novalocal,140145541510912
increment,718.5895507335663,722.4191379547119,bigbrain_1538_2010_0.nii,soen499-worker-5.novalocal,140513881618176
increment,718.5929319858551,722.4286694526672,bigbrain_2307_0_1735.nii,soen499-worker-14.novalocal,140480618264320
increment,718.5686936378479,722.438604593277,bigbrain_0_0_0.nii,soen499-worker-16.novalocal,139859648931584
increment,718.5561349391937,722.4254677295685,bigbrain_2307_2010_1735.nii,soen499-worker-6.novalocal,140561445017344
increment,718.6166279315948,722.4170091152191,bigbrain_1538_2010_1735.nii,soen499-worker-9.novalocal,140544525190912
increment,718.6091728210449,722.5301990509033,bigbrain_0_2010_0.nii,soen499-worker-12.novalocal,140145532856064
increment,718.6446807384491,722.4586625099182,bigbrain_0_1005_0.nii,soen499-worker-5.novalocal,140514478831360
increment,718.6436107158661,722.5081593990326,bigbrain_1538_1005_0.nii,soen499-worker-16.novalocal,139859665979136
increment,718.6604087352753,722.4910833835602,bigbrain_3076_1005_1735.nii,soen499-worker-14.novalocal,140480652359424
increment,718.6118998527527,722.4819347858429,bigbrain_769_0_1735.nii,soen499-worker-6.novalocal,140561843123968
increment,718.6673481464386,722.5371384620667,bigbrain_769_2010_0.nii,soen499-worker-12.novalocal,140145093232384
increment,718.6794624328613,722.5518012046814,bigbrain_1538_1005_1735.nii,soen499-worker-6.novalocal,140561461802752
increment,719.0427086353302,722.9089939594269,bigbrain_0_1005_1735.nii,soen499-worker-9.novalocal,140544550369024
save_incremented,808.4387743473053,1154.4658918380737,bigbrain_0_0_0.nii,soen499-worker-16.novalocal,139859648931584
increment,721.1247444152832,724.9614560604095,bigbrain_769_1005_0.nii,soen499-worker-5.novalocal,140514444736256
increment,729.8065392971039,733.65736079216,bigbrain_3076_0_0.nii,soen499-worker-5.novalocal,140514436081408
increment,729.8068101406097,733.6214873790741,bigbrain_2307_2010_0.nii,soen499-worker-16.novalocal,139859657586432
increment,729.8118577003479,733.6953361034393,bigbrain_769_2010_1735.nii,soen499-worker-14.novalocal,140480609871616
increment,729.8089578151703,733.6566550731659,bigbrain_769_1005_1735.nii,soen499-worker-9.novalocal,140544982042368
increment,732.0749981403351,735.8818917274475,bigbrain_769_0_0.nii,soen499-worker-16.novalocal,139859234649856
increment,732.0729835033417,735.9241797924042,bigbrain_0_2010_1735.nii,soen499-worker-14.novalocal,140480635311872
increment,732.1277205944061,735.9422113895416,bigbrain_0_0_0.nii,soen499-worker-16.novalocal,139859648931584
increment,732.0806932449341,735.9168651103973,bigbrain_3076_0_1735.nii,soen499-worker-9.novalocal,140544965256960
increment,732.0819392204285,735.9312708377838,bigbrain_1538_2010_0.nii,soen499-worker-5.novalocal,140513881618176
increment,732.1480989456177,735.9753153324127,bigbrain_1538_2010_1735.nii,soen499-worker-9.novalocal,140544525190912
increment,732.1400799751282,735.9574739933014,bigbrain_2307_0_1735.nii,soen499-worker-14.novalocal,140480618264320
increment,732.0745542049408,735.988795042038,bigbrain_0_0_1735.nii,soen499-worker-6.novalocal,140561817421568
increment,732.1787836551666,736.0032613277435,bigbrain_0_1005_0.nii,soen499-worker-5.novalocal,140514478831360
increment,732.8632755279541,736.6829228401184,bigbrain_1538_1005_0.nii,soen499-worker-16.novalocal,139859665979136
increment,732.0811350345612,735.9742949008942,bigbrain_3076_1005_0.nii,soen499-worker-12.novalocal,140145541510912
increment,732.0742058753967,735.9806559085846,bigbrain_2307_0_0.nii,soen499-worker-12.novalocal,140145076446976
increment,732.8666853904724,736.741651058197,bigbrain_1538_1005_1735.nii,soen499-worker-6.novalocal,140561461802752
increment,732.114996433258,736.0144147872925,bigbrain_2307_2010_1735.nii,soen499-worker-6.novalocal,140561445017344
increment,732.1795134544373,736.0497360229492,bigbrain_769_2010_0.nii,soen499-worker-12.novalocal,140145093232384
increment,738.2223665714264,742.074967622757,bigbrain_769_1005_0.nii,soen499-worker-5.novalocal,140514444736256
increment,737.5175180435181,741.3549180030823,bigbrain_3076_1005_1735.nii,soen499-worker-14.novalocal,140480652359424
increment,739.5264971256256,743.4434866905212,bigbrain_0_2010_0.nii,soen499-worker-12.novalocal,140145532856064
increment,737.5151267051697,741.4038934707642,bigbrain_0_1005_1735.nii,soen499-worker-9.novalocal,140544550369024
increment,741.4309663772583,745.3099737167358,bigbrain_769_0_1735.nii,soen499-worker-6.novalocal,140561843123968
save_incremented,599.2217073440552,745.9760615825653,bigbrain_3076_2010_0.nii,soen499-worker-15.novalocal,140660269913856
increment,743.750167131424,747.5677313804626,bigbrain_2307_2010_0.nii,soen499-worker-16.novalocal,139859657586432
increment,744.7663283348083,748.6155126094818,bigbrain_769_0_0.nii,soen499-worker-16.novalocal,139859234649856
increment,744.6823420524597,748.5407075881958,bigbrain_769_1005_1735.nii,soen499-worker-9.novalocal,140544982042368
increment,744.7423627376556,748.6776175498962,bigbrain_3076_1005_0.nii,soen499-worker-12.novalocal,140145541510912
increment,744.8397743701935,748.7866818904877,bigbrain_769_2010_0.nii,soen499-worker-12.novalocal,140145093232384
increment,744.6808457374573,748.5649933815002,bigbrain_769_2010_1735.nii,soen499-worker-14.novalocal,140480609871616
increment,744.8607375621796,748.6760210990906,bigbrain_0_0_0.nii,soen499-worker-16.novalocal,139859648931584
increment,744.7788050174713,748.6180257797241,bigbrain_0_2010_1735.nii,soen499-worker-14.novalocal,140480635311872
increment,744.7678754329681,748.5967140197754,bigbrain_3076_0_1735.nii,soen499-worker-9.novalocal,140544965256960
increment,744.9714324474335,748.8672876358032,bigbrain_2307_0_0.nii,soen499-worker-12.novalocal,140145076446976
increment,744.9106566905975,748.7642302513123,bigbrain_1538_2010_1735.nii,soen499-worker-9.novalocal,140544525190912
increment,745.0223271846771,748.8655734062195,bigbrain_1538_1005_0.nii,soen499-worker-16.novalocal,139859665979136
increment,744.7310304641724,748.5585613250732,bigbrain_3076_0_0.nii,soen499-worker-5.novalocal,140514436081408
increment,744.9408676624298,748.7777750492096,bigbrain_2307_0_1735.nii,soen499-worker-14.novalocal,140480618264320
increment,744.7479436397552,748.6164450645447,bigbrain_0_0_1735.nii,soen499-worker-6.novalocal,140561817421568
increment,745.0270068645477,748.882157087326,bigbrain_0_1005_1735.nii,soen499-worker-9.novalocal,140544550369024
increment,745.0962262153625,749.0394206047058,bigbrain_0_2010_0.nii,soen499-worker-12.novalocal,140145532856064
increment,744.8488454818726,748.7130811214447,bigbrain_1538_1005_1735.nii,soen499-worker-6.novalocal,140561461802752
increment,744.9618027210236,748.794775724411,bigbrain_0_1005_0.nii,soen499-worker-5.novalocal,140514478831360
increment,745.0446417331696,748.8547041416168,bigbrain_3076_1005_1735.nii,soen499-worker-14.novalocal,140480652359424
increment,744.819078207016,748.6625318527222,bigbrain_1538_2010_0.nii,soen499-worker-5.novalocal,140513881618176
increment,745.0938851833344,748.9334254264832,bigbrain_769_1005_0.nii,soen499-worker-5.novalocal,140514444736256
increment,744.9954433441162,748.8627545833588,bigbrain_2307_2010_1735.nii,soen499-worker-6.novalocal,140561445017344
increment,745.3706555366516,749.22909283638,bigbrain_769_0_1735.nii,soen499-worker-6.novalocal,140561843123968
increment,747.6284811496735,751.4516742229462,bigbrain_2307_2010_0.nii,soen499-worker-16.novalocal,139859657586432
increment,751.200576543808,755.0092997550964,bigbrain_769_0_0.nii,soen499-worker-16.novalocal,139859234649856
save_incremented,808.5693953037262,1187.6348371505737,bigbrain_1538_1005_1735.nii,soen499-worker-6.novalocal,140561461802752
save_incremented,808.7456939220428,1188.9138975143433,bigbrain_2307_2010_1735.nii,soen499-worker-6.novalocal,140561445017344
save_incremented,600.5257642269135,760.5831289291382,bigbrain_2307_1005_1735.nii,soen499-worker-13.novalocal,140180193650432
save_incremented,600.2414708137512,760.5944693088531,bigbrain_1538_0_1735.nii,soen499-worker-13.novalocal,140180176602880
increment,756.9896075725555,760.826042175293,bigbrain_769_1005_1735.nii,soen499-worker-9.novalocal,140544982042368
increment,756.9880685806274,760.869900226593,bigbrain_769_2010_1735.nii,soen499-worker-14.novalocal,140480609871616
increment,756.9856595993042,760.8819372653961,bigbrain_0_0_1735.nii,soen499-worker-6.novalocal,140561817421568
increment,756.9875946044922,760.9060645103455,bigbrain_3076_1005_0.nii,soen499-worker-12.novalocal,140145541510912
increment,757.4854001998901,761.2974395751953,bigbrain_0_0_0.nii,soen499-worker-16.novalocal,139859648931584
increment,757.4883501529694,761.316974401474,bigbrain_3076_0_1735.nii,soen499-worker-9.novalocal,140544965256960
increment,757.4913215637207,761.3374588489532,bigbrain_3076_0_0.nii,soen499-worker-5.novalocal,140514436081408
increment,757.4867713451385,761.3393020629883,bigbrain_0_2010_1735.nii,soen499-worker-14.novalocal,140480635311872
increment,757.5084192752838,761.3463959693909,bigbrain_1538_2010_1735.nii,soen499-worker-9.novalocal,140544525190912
increment,757.5023944377899,761.3476734161377,bigbrain_0_1005_0.nii,soen499-worker-5.novalocal,140514478831360
increment,757.5403847694397,761.3566823005676,bigbrain_1538_1005_0.nii,soen499-worker-16.novalocal,139859665979136
increment,757.5429589748383,761.3893694877625,bigbrain_2307_0_1735.nii,soen499-worker-14.novalocal,140480618264320
increment,757.506500005722,761.4086728096008,bigbrain_1538_1005_1735.nii,soen499-worker-6.novalocal,140561461802752
increment,757.5664284229279,761.4437983036041,bigbrain_2307_0_0.nii,soen499-worker-12.novalocal,140145076446976
increment,757.4906783103943,761.449798822403,bigbrain_769_2010_0.nii,soen499-worker-12.novalocal,140145093232384
increment,757.6240727901459,761.4764339923859,bigbrain_1538_2010_0.nii,soen499-worker-5.novalocal,140513881618176
increment,757.6603906154633,761.4864704608917,bigbrain_2307_2010_0.nii,soen499-worker-16.novalocal,139859657586432
increment,757.6298174858093,761.4944233894348,bigbrain_0_1005_1735.nii,soen499-worker-9.novalocal,140544550369024
increment,757.5890917778015,761.4958081245422,bigbrain_2307_2010_1735.nii,soen499-worker-6.novalocal,140561445017344
increment,757.7609004974365,761.5630314350128,bigbrain_3076_1005_1735.nii,soen499-worker-14.novalocal,140480652359424
increment,757.8179988861084,761.6313416957855,bigbrain_769_0_0.nii,soen499-worker-16.novalocal,139859234649856
increment,757.8080694675446,761.6358273029327,bigbrain_769_1005_0.nii,soen499-worker-5.novalocal,140514444736256
increment,757.7808263301849,761.6832587718964,bigbrain_769_0_1735.nii,soen499-worker-6.novalocal,140561843123968
increment,757.7784314155579,761.7093007564545,bigbrain_0_2010_0.nii,soen499-worker-12.novalocal,140145532856064
save_incremented,808.5911870002747,1190.4499106407166,bigbrain_2307_0_1735.nii,soen499-worker-14.novalocal,140480618264320
save_incremented,808.7466559410095,1191.6881077289581,bigbrain_3076_1005_1735.nii,soen499-worker-14.novalocal,140480652359424
increment,760.8411996364594,764.7155158519745,bigbrain_769_1005_1735.nii,soen499-worker-9.novalocal,140544982042368
increment,760.9162650108337,764.796870470047,bigbrain_769_2010_1735.nii,soen499-worker-14.novalocal,140480609871616
increment,760.9542813301086,764.7957012653351,bigbrain_0_0_1735.nii,soen499-worker-6.novalocal,140561817421568
increment,760.983026266098,764.846337556839,bigbrain_3076_1005_0.nii,soen499-worker-12.novalocal,140145541510912
increment,761.3618018627167,765.1718003749847,bigbrain_3076_0_1735.nii,soen499-worker-9.novalocal,140544965256960
increment,761.3589475154877,765.1871538162231,bigbrain_0_0_0.nii,soen499-worker-16.novalocal,139859648931584
increment,761.3916480541229,765.2048099040985,bigbrain_3076_0_0.nii,soen499-worker-5.novalocal,140514436081408
increment,761.3955936431885,765.2250545024872,bigbrain_0_2010_1735.nii,soen499-worker-14.novalocal,140480635311872
increment,761.4114105701447,765.2341222763062,bigbrain_0_1005_0.nii,soen499-worker-5.novalocal,140514478831360
increment,761.4157402515411,765.2392451763153,bigbrain_1538_1005_0.nii,soen499-worker-16.novalocal,139859665979136
increment,761.4043354988098,765.2556366920471,bigbrain_1538_2010_1735.nii,soen499-worker-9.novalocal,140544525190912
increment,761.4244668483734,765.2627959251404,bigbrain_2307_0_1735.nii,soen499-worker-14.novalocal,140480618264320
increment,761.4484810829163,765.3134980201721,bigbrain_1538_1005_1735.nii,soen499-worker-6.novalocal,140561461802752
increment,761.5242002010345,765.3703064918518,bigbrain_2307_0_0.nii,soen499-worker-12.novalocal,140145076446976
increment,761.655345916748,765.4859409332275,bigbrain_2307_2010_0.nii,soen499-worker-16.novalocal,139859657586432
increment,761.5883197784424,765.4885077476501,bigbrain_769_2010_0.nii,soen499-worker-12.novalocal,140145093232384
increment,761.6469178199768,765.495418548584,bigbrain_1538_2010_0.nii,soen499-worker-5.novalocal,140513881618176
increment,761.7277932167053,765.5248908996582,bigbrain_3076_1005_1735.nii,soen499-worker-14.novalocal,140480652359424
increment,761.6914911270142,765.54336977005,bigbrain_0_1005_1735.nii,soen499-worker-9.novalocal,140544550369024
increment,761.6946365833282,765.5515489578247,bigbrain_2307_2010_1735.nii,soen499-worker-6.novalocal,140561445017344
increment,761.7347905635834,765.5735158920288,bigbrain_769_0_0.nii,soen499-worker-16.novalocal,139859234649856
increment,761.7421886920929,765.591392993927,bigbrain_769_1005_0.nii,soen499-worker-5.novalocal,140514444736256
increment,761.7475681304932,765.6081552505493,bigbrain_769_0_1735.nii,soen499-worker-6.novalocal,140561843123968
increment,761.7544319629669,765.6778163909912,bigbrain_0_2010_0.nii,soen499-worker-12.novalocal,140145532856064
increment,771.1156206130981,774.9334826469421,bigbrain_769_1005_1735.nii,soen499-worker-9.novalocal,140544982042368
increment,771.1155862808228,775.0036315917969,bigbrain_0_0_1735.nii,soen499-worker-6.novalocal,140561817421568
increment,771.1137609481812,774.9690544605255,bigbrain_769_2010_1735.nii,soen499-worker-14.novalocal,140480609871616
increment,774.5668323040009,778.4735074043274,bigbrain_3076_1005_0.nii,soen499-worker-12.novalocal,140145541510912
increment,774.5674974918365,778.3851797580719,bigbrain_0_0_0.nii,soen499-worker-16.novalocal,139859648931584
increment,774.5674545764923,778.428994178772,bigbrain_3076_0_0.nii,soen499-worker-5.novalocal,140514436081408
increment,777.4676158428192,781.3154988288879,bigbrain_0_2010_1735.nii,soen499-worker-14.novalocal,140480635311872
increment,777.46928191185,781.3590552806854,bigbrain_1538_1005_1735.nii,soen499-worker-6.novalocal,140561461802752
increment,777.4693338871002,781.361789226532,bigbrain_3076_0_1735.nii,soen499-worker-9.novalocal,140544965256960
save_incremented,599.9812560081482,783.8326244354248,bigbrain_1538_0_0.nii,soen499-worker-15.novalocal,140660286961408
save_incremented,812.8933129310608,1214.0947749614716,bigbrain_769_0_0.nii,soen499-worker-16.novalocal,139859234649856
increment,781.2775390148163,785.1102871894836,bigbrain_0_1005_0.nii,soen499-worker-5.novalocal,140514478831360
increment,781.355899810791,785.2326853275299,bigbrain_2307_0_0.nii,soen499-worker-12.novalocal,140145076446976
increment,780.6810348033905,784.5084073543549,bigbrain_1538_1005_0.nii,soen499-worker-16.novalocal,139859665979136
increment,782.32213306427,786.2018911838531,bigbrain_2307_0_1735.nii,soen499-worker-14.novalocal,140480618264320
increment,782.3238122463226,786.2273497581482,bigbrain_2307_2010_1735.nii,soen499-worker-6.novalocal,140561445017344
increment,782.331738948822,786.1414012908936,bigbrain_2307_2010_0.nii,soen499-worker-16.novalocal,139859657586432
increment,782.3279302120209,786.1960144042969,bigbrain_769_2010_0.nii,soen499-worker-12.novalocal,140145093232384
increment,782.3235862255096,786.1969842910767,bigbrain_1538_2010_1735.nii,soen499-worker-9.novalocal,140544525190912
increment,782.3434596061707,786.2073037624359,bigbrain_0_1005_1735.nii,soen499-worker-9.novalocal,140544550369024
increment,782.3770132064819,786.2709770202637,bigbrain_769_0_1735.nii,soen499-worker-6.novalocal,140561843123968
increment,782.3628160953522,786.2216410636902,bigbrain_1538_2010_0.nii,soen499-worker-5.novalocal,140513881618176
increment,785.2068421840668,789.1311428546906,bigbrain_0_2010_0.nii,soen499-worker-12.novalocal,140145532856064
increment,784.5782496929169,788.429838180542,bigbrain_3076_1005_1735.nii,soen499-worker-14.novalocal,140480652359424
increment,788.0963344573975,791.9028158187866,bigbrain_769_0_0.nii,soen499-worker-16.novalocal,139859234649856
increment,791.8631608486176,795.7010314464569,bigbrain_769_1005_0.nii,soen499-worker-5.novalocal,140514444736256
increment,791.1415386199951,794.977933883667,bigbrain_769_1005_1735.nii,soen499-worker-9.novalocal,140544982042368
increment,794.2821941375732,798.1512596607208,bigbrain_3076_1005_0.nii,soen499-worker-12.novalocal,140145541510912
increment,794.2828834056854,798.15625166893,bigbrain_769_2010_1735.nii,soen499-worker-14.novalocal,140480609871616
increment,793.0887007713318,796.9387221336365,bigbrain_0_0_1735.nii,soen499-worker-6.novalocal,140561817421568
increment,794.5879912376404,798.443197965622,bigbrain_3076_0_0.nii,soen499-worker-5.novalocal,140514436081408
increment,797.2240152359009,801.0333917140961,bigbrain_0_0_0.nii,soen499-worker-16.novalocal,139859648931584
increment,794.5878345966339,798.4165155887604,bigbrain_0_2010_1735.nii,soen499-worker-14.novalocal,140480635311872
increment,797.2258777618408,801.0829310417175,bigbrain_1538_1005_1735.nii,soen499-worker-6.novalocal,140561461802752
increment,799.6797034740448,803.5515093803406,bigbrain_2307_0_0.nii,soen499-worker-12.novalocal,140145076446976
increment,799.6804783344269,803.5565750598907,bigbrain_2307_0_1735.nii,soen499-worker-14.novalocal,140480618264320
increment,800.2875633239746,804.1003103256226,bigbrain_1538_1005_0.nii,soen499-worker-16.novalocal,139859665979136
increment,797.2256152629852,801.1076219081879,bigbrain_3076_0_1735.nii,soen499-worker-9.novalocal,140544965256960
increment,801.5752844810486,805.4174859523773,bigbrain_0_1005_0.nii,soen499-worker-5.novalocal,140514478831360
increment,802.1421101093292,805.953798532486,bigbrain_2307_2010_0.nii,soen499-worker-16.novalocal,139859657586432
increment,804.1273007392883,807.954507112503,bigbrain_3076_1005_1735.nii,soen499-worker-14.novalocal,140480652359424
increment,802.1435515880585,805.981969833374,bigbrain_1538_2010_1735.nii,soen499-worker-9.novalocal,140544525190912
increment,804.1264190673828,808.0121378898621,bigbrain_769_2010_0.nii,soen499-worker-12.novalocal,140145093232384
increment,804.1290092468262,808.0280730724335,bigbrain_2307_2010_1735.nii,soen499-worker-6.novalocal,140561445017344
save_incremented,732.0798697471619,808.4001297950745,bigbrain_2307_1005_0.nii,soen499-worker-15.novalocal,140659843397376
increment,806.5967438220978,810.4757070541382,bigbrain_769_0_1735.nii,soen499-worker-6.novalocal,140561843123968
increment,808.4000449180603,812.2108027935028,bigbrain_769_0_0.nii,soen499-worker-16.novalocal,139859234649856
increment,808.4124636650085,812.239814043045,bigbrain_0_2010_1735.nii,soen499-worker-14.novalocal,140480635311872
increment,808.4043469429016,812.2489988803864,bigbrain_769_2010_1735.nii,soen499-worker-14.novalocal,140480609871616
increment,808.4066979885101,812.2965202331543,bigbrain_0_0_1735.nii,soen499-worker-6.novalocal,140561817421568
increment,808.403472661972,812.3214309215546,bigbrain_0_2010_0.nii,soen499-worker-12.novalocal,140145532856064
increment,808.6604089736938,812.594381570816,bigbrain_2307_0_0.nii,soen499-worker-12.novalocal,140145076446976
save_incremented,817.4703047275543,1244.03449344635,bigbrain_769_2010_1735.nii,soen499-worker-14.novalocal,140480609871616
increment,812.8748672008514,816.7424128055573,bigbrain_769_0_1735.nii,soen499-worker-6.novalocal,140561843123968
increment,819.4159753322601,823.3056013584137,bigbrain_0_2010_0.nii,soen499-worker-12.novalocal,140145532856064
save_incremented,1020.5101397037506,1259.3385474681854,bigbrain_3076_0_1735.nii,soen499-worker-9.novalocal,140544965256960
save_incremented,813.4799909591675,1260.0711915493011,bigbrain_0_2010_1735.nii,soen499-worker-14.novalocal,140480635311872
save_incremented,977.9237072467804,1267.1812813282013,bigbrain_1538_2010_0.nii,soen499-worker-5.novalocal,140513881618176
save_incremented,759.7433743476868,843.9865350723267,bigbrain_3076_2010_1735.nii,soen499-worker-13.novalocal,140179796907776
read_img,0.25839805603027344,0.2648050785064697,bigbrain_0_0_0.nii,soen499-worker-16.novalocal,139859648931584
read_img,0.2584357261657715,0.26468706130981445,bigbrain_1538_0_1735.nii,soen499-worker-13.novalocal,140180176602880
read_img,0.2587430477142334,0.2680628299713135,bigbrain_3076_1005_0.nii,soen499-worker-12.novalocal,140145541510912
read_img,0.2585580348968506,0.2668623924255371,bigbrain_1538_2010_0.nii,soen499-worker-5.novalocal,140513881618176
read_img,0.25992393493652344,0.26576995849609375,bigbrain_3076_1005_1735.nii,soen499-worker-14.novalocal,140480652359424
read_img,0.25942087173461914,0.2650465965270996,bigbrain_2307_2010_0.nii,soen499-worker-16.novalocal,139859657586432
read_img,0.2586672306060791,0.26601243019104004,bigbrain_2307_1005_1735.nii,soen499-worker-13.novalocal,140180193650432
read_img,0.2589113712310791,0.265397310256958,bigbrain_769_2010_0.nii,soen499-worker-12.novalocal,140145093232384
read_img,0.2583916187286377,0.26819539070129395,bigbrain_0_2010_0.nii,soen499-worker-12.novalocal,140145532856064
read_img,0.25858211517333984,0.2664334774017334,bigbrain_2307_0_0.nii,soen499-worker-12.novalocal,140145076446976
read_img,0.259157657623291,0.26627445220947266,bigbrain_769_1005_0.nii,soen499-worker-5.novalocal,140514444736256
read_img,0.2595806121826172,0.26832079887390137,bigbrain_2307_0_1735.nii,soen499-worker-14.novalocal,140480618264320
read_img,0.2588334083557129,0.26616668701171875,bigbrain_3076_2010_1735.nii,soen499-worker-13.novalocal,140179796907776
read_img,0.2586839199066162,0.26715087890625,bigbrain_3076_2010_0.nii,soen499-worker-15.novalocal,140660269913856
read_img,0.2572324275970459,0.2670097351074219,bigbrain_0_1005_0.nii,soen499-worker-5.novalocal,140514478831360
read_img,0.2596018314361572,0.26660656929016113,bigbrain_769_0_0.nii,soen499-worker-16.novalocal,139859234649856
read_img,0.25923681259155273,0.26680517196655273,bigbrain_1538_1005_0.nii,soen499-worker-16.novalocal,139859665979136
read_img,0.25839757919311523,0.26705098152160645,bigbrain_1538_0_0.nii,soen499-worker-15.novalocal,140660286961408
read_img,0.25856900215148926,0.26735734939575195,bigbrain_2307_1005_0.nii,soen499-worker-15.novalocal,140659843397376
read_img,0.2601912021636963,0.270186185836792,bigbrain_769_2010_1735.nii,soen499-worker-14.novalocal,140480609871616
read_img,0.2589285373687744,0.2689487934112549,bigbrain_3076_0_0.nii,soen499-worker-5.novalocal,140514436081408
read_img,0.25868678092956543,0.2685978412628174,bigbrain_0_2010_1735.nii,soen499-worker-14.novalocal,140480635311872
read_img,0.2590920925140381,0.26496458053588867,bigbrain_0_1005_1735.nii,soen499-worker-9.novalocal,140544550369024
read_img,0.25928640365600586,0.2689957618713379,bigbrain_1538_2010_1735.nii,soen499-worker-9.novalocal,140544525190912
read_img,0.26024460792541504,0.26944661140441895,bigbrain_769_1005_1735.nii,soen499-worker-9.novalocal,140544982042368
read_img,0.2598989009857178,0.2695333957672119,bigbrain_3076_0_1735.nii,soen499-worker-9.novalocal,140544965256960
read_img,0.2620577812194824,0.27402472496032715,bigbrain_1538_1005_1735.nii,soen499-worker-6.novalocal,140561461802752
read_img,0.26260900497436523,0.27507662773132324,bigbrain_769_0_1735.nii,soen499-worker-6.novalocal,140561843123968
read_img,0.2616713047027588,0.27550578117370605,bigbrain_0_0_1735.nii,soen499-worker-6.novalocal,140561817421568
read_img,0.2623279094696045,0.2756690979003906,bigbrain_2307_2010_1735.nii,soen499-worker-6.novalocal,140561445017344
