read_img,277.46500849723816,555.0084829330444,bigbrain_3076_1206_2082.nii,bin-worker-1.novalocal,140077933668160,28937
read_img,277.3061332702637,550.686930179596,bigbrain_3076_1206_1388.nii,bin-worker-8.novalocal,139848737814336,29895
read_img,272.07705760002136,536.990317106247,bigbrain_2307_2412_1388.nii,bin-worker-2.novalocal,140258053965632,9427
read_img,272.42474150657654,567.8283729553223,bigbrain_2307_2412_2082.nii,bin-worker-2.novalocal,140258053965632,9424
read_img,277.5957839488983,561.2444779872894,bigbrain_3076_1809_0.nii,bin-worker-1.novalocal,140077933668160,28930
read_img,277.53500270843506,571.569571018219,bigbrain_3076_1206_2776.nii,bin-worker-8.novalocal,139848737814336,29883
read_img,277.927992105484,573.776337146759,bigbrain_3076_1809_1388.nii,bin-worker-1.novalocal,140077933668160,28915
read_img,278.89559984207153,576.2680571079254,bigbrain_3076_1809_694.nii,bin-worker-8.novalocal,139848737814336,29877
read_img,280.1973125934601,579.8068516254425,bigbrain_3076_603_1388.nii,bin-worker-1.novalocal,140077933668160,28933
read_img,285.8155610561371,583.0143120288849,bigbrain_769_0_2776.nii,bin-worker-1.novalocal,140077933668160,28928
read_img,280.1652512550354,582.5540969371796,bigbrain_3076_2412_694.nii,bin-worker-8.novalocal,139848737814336,29889
read_img,271.8324637413025,553.5870339870453,bigbrain_2307_1809_694.nii,bin-worker-5.novalocal,139926493595456,16044
read_img,280.5893647670746,574.3143391609192,bigbrain_3076_603_2082.nii,bin-worker-6.novalocal,139828753848128,3884
read_img,296.0184397697449,589.6284065246582,bigbrain_769_1809_1388.nii,bin-worker-8.novalocal,139848737814336,29891
read_img,286.7774727344513,588.2651801109314,bigbrain_769_1206_1388.nii,bin-worker-8.novalocal,139848737814336,29886
read_img,282.15372014045715,588.3086438179016,bigbrain_769_0_1388.nii,bin-worker-6.novalocal,139828753848128,3872
flatten,591.7937650680542,591.8657639026642,bigbrain_3076_1206_1388.nii,bin-worker-8.novalocal,139848737814336,29895
read_img,302.3780391216278,589.4032649993896,bigbrain_769_1809_2082.nii,bin-worker-1.novalocal,140077933668160,28924
flatten,592.4564180374146,592.6342391967773,bigbrain_3076_1809_694.nii,bin-worker-8.novalocal,139848737814336,29877
flatten,592.8211295604706,592.9103946685791,bigbrain_3076_1206_2082.nii,bin-worker-1.novalocal,140077933668160,28937
read_img,315.025279045105,592.9368982315063,bigbrain_769_2412_1388.nii,bin-worker-8.novalocal,139848737814336,29879
read_img,280.86600375175476,581.8299026489258,bigbrain_3076_603_694.nii,bin-worker-6.novalocal,139828753848128,3878
flatten,592.8703849315643,593.0126903057098,bigbrain_3076_1809_0.nii,bin-worker-1.novalocal,140077933668160,28930
read_img,323.08017563819885,593.6764349937439,bigbrain_769_603_0.nii,bin-worker-1.novalocal,140077933668160,28920
flatten,593.6502373218536,593.7272477149963,bigbrain_3076_1206_2776.nii,bin-worker-8.novalocal,139848737814336,29883
read_img,280.5917422771454,582.0673155784607,bigbrain_3076_603_2776.nii,bin-worker-6.novalocal,139828753848128,3887
read_img,273.74726462364197,561.6174449920654,bigbrain_2307_603_1388.nii,bin-worker-3.novalocal,140181873051456,3381
read_img,293.0828227996826,593.2114074230194,bigbrain_769_1809_0.nii,bin-worker-6.novalocal,139828753848128,3873
read_img,281.38203978538513,585.6084959506989,bigbrain_769_0_0.nii,bin-worker-6.novalocal,139828753848128,3893
read_img,273.31692242622375,586.9242987632751,bigbrain_2307_603_0.nii,bin-worker-2.novalocal,140258053965632,9433
flatten,595.2507560253143,595.3350234031677,bigbrain_3076_2412_694.nii,bin-worker-8.novalocal,139848737814336,29889
flatten,595.4319336414337,595.4803547859192,bigbrain_3076_1809_1388.nii,bin-worker-1.novalocal,140077933668160,28915
read_img,319.6639018058777,595.5151121616364,bigbrain_769_2412_2776.nii,bin-worker-6.novalocal,139828753848128,3881
flatten,596.2090075016022,596.2875726222992,bigbrain_769_1809_1388.nii,bin-worker-8.novalocal,139848737814336,29891
flatten,596.205308675766,596.2702860832214,bigbrain_3076_603_2082.nii,bin-worker-6.novalocal,139828753848128,3884
flatten,596.3145978450775,596.3639695644379,bigbrain_3076_603_1388.nii,bin-worker-1.novalocal,140077933668160,28933
flatten,596.5356020927429,596.5887048244476,bigbrain_769_0_1388.nii,bin-worker-6.novalocal,139828753848128,3872
flatten,596.686336517334,596.73903465271,bigbrain_769_0_2776.nii,bin-worker-1.novalocal,140077933668160,28928
flatten,596.742644071579,596.8303549289703,bigbrain_769_1206_1388.nii,bin-worker-8.novalocal,139848737814336,29886
read_img,272.0193521976471,582.4238193035126,bigbrain_2307_2412_0.nii,bin-worker-5.novalocal,139926493595456,16053
read_img,274.1027874946594,586.7768497467041,bigbrain_2307_603_2776.nii,bin-worker-3.novalocal,140181873051456,3389
read_img,272.65767121315,593.0019648075104,bigbrain_2307_2412_2776.nii,bin-worker-5.novalocal,139926493595456,16039
flatten,598.9534919261932,599.0075755119324,bigbrain_3076_603_2776.nii,bin-worker-6.novalocal,139828753848128,3887
calculate_histogram,599.074862241745,599.3133571147919,bigbrain_3076_1206_1388.nii,bin-worker-8.novalocal,139848737814336,29895
flatten,599.4519603252411,599.5039341449738,bigbrain_769_1809_2082.nii,bin-worker-1.novalocal,140077933668160,28924
flatten,599.8950579166412,599.9473958015442,bigbrain_3076_603_694.nii,bin-worker-6.novalocal,139828753848128,3878
calculate_histogram,600.0452654361725,600.2592036724091,bigbrain_3076_1206_2082.nii,bin-worker-1.novalocal,140077933668160,28937
calculate_histogram,600.0511708259583,600.302125453949,bigbrain_3076_1809_694.nii,bin-worker-8.novalocal,139848737814336,29877
flatten,600.5477628707886,600.5944147109985,bigbrain_769_1809_0.nii,bin-worker-6.novalocal,139828753848128,3873
flatten,600.8955063819885,600.9668703079224,bigbrain_769_2412_1388.nii,bin-worker-8.novalocal,139848737814336,29879
read_img,274.9221169948578,595.5521030426025,bigbrain_3076_0_0.nii,bin-worker-2.novalocal,140258053965632,9414
read_img,277.5428810119629,597.8716237545013,bigbrain_3076_1206_694.nii,bin-worker-2.novalocal,140258053965632,9436
read_img,273.0768027305603,596.0985326766968,bigbrain_2307_2412_694.nii,bin-worker-5.novalocal,139926493595456,16059
read_img,274.5872094631195,600.6271960735321,bigbrain_2307_603_694.nii,bin-worker-5.novalocal,139926493595456,16050
calculate_histogram,602.142021894455,602.3700232505798,bigbrain_3076_1809_0.nii,bin-worker-1.novalocal,140077933668160,28930
flatten,602.9285235404968,602.9834480285645,bigbrain_769_0_0.nii,bin-worker-6.novalocal,139828753848128,3893
calculate_histogram,603.1339247226715,603.369110584259,bigbrain_3076_1206_2776.nii,bin-worker-8.novalocal,139848737814336,29883
read_img,275.3415675163269,598.6025519371033,bigbrain_3076_0_1388.nii,bin-worker-3.novalocal,140181873051456,3392
read_img,273.9511740207672,589.1493122577667,bigbrain_2307_603_2082.nii,bin-worker-3.novalocal,140181873051456,3398
flatten,604.4249725341797,604.4746370315552,bigbrain_769_603_0.nii,bin-worker-1.novalocal,140077933668160,28920
read_img,278.3147497177124,602.3100326061249,bigbrain_3076_1809_2776.nii,bin-worker-5.novalocal,139926493595456,16047
read_img,278.3004925251007,601.4216976165771,bigbrain_3076_1809_2082.nii,bin-worker-3.novalocal,140181873051456,3386
flatten,604.7732286453247,604.8275854587555,bigbrain_769_2412_2776.nii,bin-worker-6.novalocal,139828753848128,3881
read_img,276.56528639793396,585.0291473865509,bigbrain_3076_0_2082.nii,bin-worker-4.novalocal,139906748741440,5113
flatten,602.2171137332916,602.2852201461792,bigbrain_2307_2412_1388.nii,bin-worker-2.novalocal,140258053965632,9427
calculate_histogram,605.5219304561615,605.7690808773041,bigbrain_3076_2412_694.nii,bin-worker-8.novalocal,139848737814336,29889
flatten,604.4307181835175,604.4708344936371,bigbrain_2307_1809_694.nii,bin-worker-5.novalocal,139926493595456,16044
read_img,289.12699699401855,604.8459448814392,bigbrain_769_1206_2082.nii,bin-worker-5.novalocal,139926493595456,16056
read_img,286.58810591697693,602.4312193393707,bigbrain_769_0_694.nii,bin-worker-2.novalocal,140258053965632,9430
calculate_histogram,606.5510251522064,606.7689189910889,bigbrain_3076_1809_1388.nii,bin-worker-1.novalocal,140077933668160,28915
read_img,276.7762682437897,597.3892579078674,bigbrain_3076_0_2776.nii,bin-worker-4.novalocal,139906748741440,5116
calculate_histogram,607.3087911605835,607.5494508743286,bigbrain_769_1809_1388.nii,bin-worker-8.novalocal,139848737814336,29891
calculate_histogram,607.3317811489105,607.5776529312134,bigbrain_3076_603_2082.nii,bin-worker-6.novalocal,139828753848128,3884
calculate_histogram,607.6165606975555,607.8614168167114,bigbrain_3076_603_1388.nii,bin-worker-1.novalocal,140077933668160,28933
flatten,607.0644237995148,607.1261968612671,bigbrain_2307_2412_2082.nii,bin-worker-2.novalocal,140258053965632,9424
flatten,607.9827291965485,608.0220928192139,bigbrain_2307_2412_0.nii,bin-worker-5.novalocal,139926493595456,16053
read_img,323.04864978790283,609.8683643341064,bigbrain_769_2412_694.nii,bin-worker-5.novalocal,139926493595456,16038
read_img,286.7282135486603,605.3076088428497,bigbrain_769_1206_0.nii,bin-worker-3.novalocal,140181873051456,3380
read_img,313.35460209846497,607.2627649307251,bigbrain_769_2412_0.nii,bin-worker-2.novalocal,140258053965632,9421
read_img,276.90597105026245,600.3611433506012,bigbrain_3076_0_694.nii,bin-worker-4.novalocal,139906748741440,5104
calculate_histogram,610.0374348163605,610.3221859931946,bigbrain_769_0_1388.nii,bin-worker-6.novalocal,139828753848128,3872
flatten,607.7826404571533,607.8477025032043,bigbrain_2307_603_1388.nii,bin-worker-3.novalocal,140181873051456,3381
flatten,610.6000273227692,610.6394200325012,bigbrain_2307_603_0.nii,bin-worker-2.novalocal,140258053965632,9433
calculate_histogram,610.4461011886597,610.683219909668,bigbrain_769_1206_1388.nii,bin-worker-8.novalocal,139848737814336,29886
flatten,610.9830620288849,611.0150983333588,bigbrain_2307_2412_2776.nii,bin-worker-5.novalocal,139926493595456,16039
calculate_histogram,610.9855589866638,611.2054545879364,bigbrain_769_0_2776.nii,bin-worker-1.novalocal,140077933668160,28928
read_img,329.5974614620209,611.2742097377777,bigbrain_769_603_1388.nii,bin-worker-2.novalocal,140258053965632,9415
combine_histogram,612.0434031486511,612.2322022914886,all_file,bin-worker-8.novalocal,139848737814336,29895
calculate_histogram,612.0349731445312,612.3136322498322,bigbrain_3076_603_2776.nii,bin-worker-6.novalocal,139828753848128,3887
flatten,612.7704548835754,612.8087856769562,bigbrain_3076_0_0.nii,bin-worker-2.novalocal,140258053965632,9414
read_img,279.7680940628052,602.3862020969391,bigbrain_3076_2412_1388.nii,bin-worker-7.novalocal,139922686936896,26187
flatten,612.0448668003082,612.1828300952911,bigbrain_2307_603_2776.nii,bin-worker-3.novalocal,140181873051456,3389
read_img,277.0506429672241,601.9502646923065,bigbrain_3076_1206_0.nii,bin-worker-4.novalocal,139906748741440,5122
read_img,280.12131810188293,606.8540892601013,bigbrain_3076_2412_2776.nii,bin-worker-4.novalocal,139906748741440,5107
read_img,315.8781635761261,612.7334451675415,bigbrain_769_2412_2082.nii,bin-worker-3.novalocal,140181873051456,3395
flatten,614.0657782554626,614.1147289276123,bigbrain_2307_2412_694.nii,bin-worker-5.novalocal,139926493595456,16059
read_img,279.76713705062866,598.8947644233704,bigbrain_3076_2412_0.nii,bin-worker-7.novalocal,139922686936896,26183
calculate_histogram,614.2745985984802,614.5070476531982,bigbrain_769_1809_2082.nii,bin-worker-1.novalocal,140077933668160,28924
flatten,614.277590751648,614.4336585998535,bigbrain_3076_0_1388.nii,bin-worker-3.novalocal,140181873051456,3392
calculate_histogram,614.377555847168,614.6729543209076,bigbrain_3076_603_694.nii,bin-worker-6.novalocal,139828753848128,3878
read_img,333.3240342140198,614.8430986404419,bigbrain_769_603_2082.nii,bin-worker-3.novalocal,140181873051456,3401
flatten,614.8030381202698,614.8445115089417,bigbrain_3076_1206_694.nii,bin-worker-2.novalocal,140258053965632,9436
combine_histogram,614.807014465332,614.9973227977753,all_file,bin-worker-8.novalocal,139848737814336,29877
flatten,615.2375934123993,615.2735910415649,bigbrain_2307_603_694.nii,bin-worker-5.novalocal,139926493595456,16050
read_img,289.1747348308563,610.768798828125,bigbrain_769_1206_2776.nii,bin-worker-4.novalocal,139906748741440,5125
combine_histogram,615.3562867641449,615.5103905200958,all_file,bin-worker-1.novalocal,140077933668160,28937
flatten,615.6173310279846,615.6720588207245,bigbrain_2307_603_2082.nii,bin-worker-3.novalocal,140181873051456,3398
read_img,280.17228627204895,605.3203971385956,bigbrain_3076_603_0.nii,bin-worker-7.novalocal,139922686936896,26166
calculate_histogram,615.6164929866791,615.8597061634064,bigbrain_769_1809_0.nii,bin-worker-6.novalocal,139828753848128,3873
calculate_histogram,616.0937881469727,616.3371407985687,bigbrain_2307_2412_1388.nii,bin-worker-2.novalocal,140258053965632,9427
calculate_histogram,616.0970568656921,616.3330552577972,bigbrain_769_2412_1388.nii,bin-worker-8.novalocal,139848737814336,29879
flatten,616.4299359321594,616.4689495563507,bigbrain_3076_1809_2776.nii,bin-worker-5.novalocal,139926493595456,16047
combine_histogram,616.4299237728119,616.5846037864685,all_file,bin-worker-1.novalocal,140077933668160,28930
read_img,308.4474718570709,614.7184643745422,bigbrain_769_1809_2776.nii,bin-worker-4.novalocal,139906748741440,5110
read_img,279.9121434688568,602.4311966896057,bigbrain_3076_2412_2082.nii,bin-worker-7.novalocal,139922686936896,26181
flatten,616.6207783222198,616.6725425720215,bigbrain_3076_1809_2082.nii,bin-worker-3.novalocal,140181873051456,3386
flatten,615.3628959655762,615.4026510715485,bigbrain_3076_0_2082.nii,bin-worker-4.novalocal,139906748741440,5113
read_img,284.9873628616333,612.3608090877533,bigbrain_769_0_2082.nii,bin-worker-7.novalocal,139922686936896,26167
calculate_histogram,617.0125513076782,617.2563207149506,bigbrain_769_0_0.nii,bin-worker-6.novalocal,139828753848128,3893
flatten,617.2192771434784,617.2664818763733,bigbrain_3076_0_2776.nii,bin-worker-4.novalocal,139906748741440,5116
combine_histogram,617.1896164417267,617.3824355602264,all_file,bin-worker-8.novalocal,139848737814336,29883
read_img,290.3539788722992,613.5753920078278,bigbrain_769_1206_694.nii,bin-worker-7.novalocal,139922686936896,26178
flatten,617.671713590622,617.7113859653473,bigbrain_769_0_694.nii,bin-worker-2.novalocal,140258053965632,9430
read_img,309.5979354381561,616.9900794029236,bigbrain_769_1809_694.nii,bin-worker-7.novalocal,139922686936896,26175
read_img,334.6016433238983,617.9636204242706,bigbrain_769_603_694.nii,bin-worker-4.novalocal,139906748741440,5119
calculate_histogram,617.7954154014587,618.0284779071808,bigbrain_2307_1809_694.nii,bin-worker-5.novalocal,139926493595456,16044
calculate_histogram,618.5094223022461,618.754744052887,bigbrain_769_603_0.nii,bin-worker-1.novalocal,140077933668160,28920
flatten,619.0902986526489,619.1386034488678,bigbrain_769_1206_0.nii,bin-worker-3.novalocal,140181873051456,3380
calculate_histogram,619.0884759426117,619.4135656356812,bigbrain_769_2412_2776.nii,bin-worker-6.novalocal,139828753848128,3881
flatten,619.5024738311768,619.5446751117706,bigbrain_3076_0_694.nii,bin-worker-4.novalocal,139906748741440,5104
calculate_histogram,619.5313451290131,619.7752394676208,bigbrain_2307_2412_2082.nii,bin-worker-2.novalocal,140258053965632,9424
combine_histogram,619.4609553813934,619.6508228778839,all_file,bin-worker-8.novalocal,139848737814336,29889
flatten,617.9033553600311,617.9841492176056,bigbrain_3076_2412_1388.nii,bin-worker-7.novalocal,139922686936896,26187
flatten,619.4557120800018,619.5218136310577,bigbrain_3076_2412_0.nii,bin-worker-7.novalocal,139922686936896,26183
flatten,620.3737127780914,620.4143998622894,bigbrain_769_1206_2082.nii,bin-worker-5.novalocal,139926493595456,16056
combine_histogram,620.3743100166321,620.516850233078,all_file,bin-worker-1.novalocal,140077933668160,28915
combine_histogram,620.8973696231842,621.0524287223816,all_file,bin-worker-6.novalocal,139828753848128,3884
calculate_histogram,620.8981232643127,621.1134552955627,bigbrain_2307_603_1388.nii,bin-worker-3.novalocal,140181873051456,3381
combine_histogram,621.0161905288696,621.2084729671478,all_file,bin-worker-8.novalocal,139848737814336,29891
flatten,621.1948931217194,621.2279052734375,bigbrain_769_2412_0.nii,bin-worker-2.novalocal,140258053965632,9421
flatten,621.1920154094696,621.230815410614,bigbrain_3076_1206_0.nii,bin-worker-4.novalocal,139906748741440,5122
read_img,333.38291358947754,621.276796579361,bigbrain_769_603_2776.nii,bin-worker-7.novalocal,139922686936896,26171
flatten,621.190140247345,621.2870161533356,bigbrain_3076_603_0.nii,bin-worker-7.novalocal,139922686936896,26166
flatten,621.3893156051636,621.4450604915619,bigbrain_3076_2412_2776.nii,bin-worker-4.novalocal,139906748741440,5107
combine_histogram,621.3010754585266,621.4541969299316,all_file,bin-worker-6.novalocal,139828753848128,3872
flatten,621.3812313079834,621.4524908065796,bigbrain_3076_2412_2082.nii,bin-worker-7.novalocal,139922686936896,26181
combine_histogram,621.2970535755157,621.4483089447021,all_file,bin-worker-1.novalocal,140077933668160,28933
calculate_histogram,621.2289667129517,621.4500088691711,bigbrain_2307_2412_0.nii,bin-worker-5.novalocal,139926493595456,16053
calculate_histogram,621.3020017147064,621.5197241306305,bigbrain_2307_603_2776.nii,bin-worker-3.novalocal,140181873051456,3389
flatten,621.5444996356964,621.5838906764984,bigbrain_769_2412_694.nii,bin-worker-5.novalocal,139926493595456,16038
calculate_histogram,621.5377094745636,621.7811572551727,bigbrain_2307_603_0.nii,bin-worker-2.novalocal,140258053965632,9433
combine_histogram,621.3868207931519,621.5807356834412,all_file,bin-worker-8.novalocal,139848737814336,29886
combine_histogram,621.7716677188873,621.9239494800568,all_file,bin-worker-1.novalocal,140077933668160,28928
combine_histogram,621.7729907035828,621.9271793365479,all_file,bin-worker-6.novalocal,139828753848128,3887
flatten,622.1050086021423,622.1568593978882,bigbrain_769_2412_2082.nii,bin-worker-3.novalocal,140181873051456,3395
flatten,622.4725749492645,622.5172429084778,bigbrain_769_1206_2776.nii,bin-worker-4.novalocal,139906748741440,5125
flatten,622.4691789150238,622.5235059261322,bigbrain_769_0_2082.nii,bin-worker-7.novalocal,139922686936896,26167
flatten,622.5984878540039,622.6376328468323,bigbrain_769_603_1388.nii,bin-worker-2.novalocal,140258053965632,9415
calculate_histogram,622.5948610305786,622.8272008895874,bigbrain_2307_2412_2776.nii,bin-worker-5.novalocal,139926493595456,16039
combine_histogram,622.8956637382507,623.0402388572693,all_file,bin-worker-1.novalocal,140077933668160,28924
combine_histogram,622.8969368934631,623.0902857780457,all_file,bin-worker-6.novalocal,139828753848128,3878
calculate_histogram,622.9228730201721,623.1348783969879,bigbrain_3076_0_1388.nii,bin-worker-3.novalocal,140181873051456,3392
flatten,623.9054725170135,623.9581255912781,bigbrain_769_1206_694.nii,bin-worker-7.novalocal,139922686936896,26178
flatten,623.9677131175995,624.0080213546753,bigbrain_769_1809_2776.nii,bin-worker-4.novalocal,139906748741440,5110
calculate_histogram,624.4469473361969,624.6897757053375,bigbrain_3076_0_0.nii,bin-worker-2.novalocal,140258053965632,9414
calculate_histogram,624.6862013339996,624.9142837524414,bigbrain_2307_2412_694.nii,bin-worker-5.novalocal,139926493595456,16059
calculate_histogram,624.749186038971,624.9916183948517,bigbrain_3076_1206_694.nii,bin-worker-2.novalocal,140258053965632,9436
flatten,624.9851636886597,625.0336389541626,bigbrain_769_603_2082.nii,bin-worker-3.novalocal,140181873051456,3401
combine_histogram,624.9845538139343,625.1404390335083,all_file,bin-worker-6.novalocal,139828753848128,3873
calculate_histogram,624.8296539783478,625.0584921836853,bigbrain_2307_603_694.nii,bin-worker-5.novalocal,139926493595456,16050
flatten,625.2200853824615,625.2692821025848,bigbrain_769_1809_694.nii,bin-worker-7.novalocal,139922686936896,26175
combine_histogram,625.2236325740814,625.4188961982727,all_file,bin-worker-8.novalocal,139848737814336,29879
combine_histogram,625.9376194477081,626.097772359848,all_file,bin-worker-2.novalocal,140258053965632,9427
calculate_histogram,625.9340469837189,626.1698527336121,bigbrain_3076_0_2082.nii,bin-worker-4.novalocal,139906748741440,5113
calculate_histogram,626.1461260318756,626.3684661388397,bigbrain_3076_1809_2776.nii,bin-worker-5.novalocal,139926493595456,16047
combine_histogram,626.2041509151459,626.3601579666138,all_file,bin-worker-6.novalocal,139828753848128,3893
calculate_histogram,626.2050862312317,626.4167082309723,bigbrain_2307_603_2082.nii,bin-worker-3.novalocal,140181873051456,3398
calculate_histogram,626.6997385025024,626.9348847866058,bigbrain_3076_2412_1388.nii,bin-worker-7.novalocal,139922686936896,26187
calculate_histogram,626.9920363426208,627.2280054092407,bigbrain_3076_0_2776.nii,bin-worker-4.novalocal,139906748741440,5116
calculate_histogram,626.9951279163361,627.2396886348724,bigbrain_769_0_694.nii,bin-worker-2.novalocal,140258053965632,9430
combine_histogram,627.1764433383942,627.3190453052521,all_file,bin-worker-5.novalocal,139926493595456,16044
combine_histogram,627.2036292552948,627.3596127033234,all_file,bin-worker-1.novalocal,140077933668160,28920
combine_histogram,627.2966861724854,627.4571123123169,all_file,bin-worker-6.novalocal,139828753848128,3881
calculate_histogram,627.3551721572876,627.5743730068207,bigbrain_3076_1809_2082.nii,bin-worker-3.novalocal,140181873051456,3386
flatten,627.8752844333649,627.9144489765167,bigbrain_769_603_694.nii,bin-worker-4.novalocal,139906748741440,5119
calculate_histogram,627.704256772995,627.9389288425446,bigbrain_3076_2412_0.nii,bin-worker-7.novalocal,139922686936896,26183
combine_histogram,628.0383584499359,628.1973805427551,all_file,bin-worker-2.novalocal,140258053965632,9424
calculate_histogram,628.0532958507538,628.2876913547516,bigbrain_769_1206_2082.nii,bin-worker-5.novalocal,139926493595456,16056
flatten,628.4241590499878,628.4745736122131,bigbrain_769_603_2776.nii,bin-worker-7.novalocal,139922686936896,26171
calculate_histogram,628.2721648216248,628.4871501922607,bigbrain_769_1206_0.nii,bin-worker-3.novalocal,140181873051456,3380
calculate_histogram,628.5812895298004,628.8129923343658,bigbrain_3076_0_694.nii,bin-worker-4.novalocal,139906748741440,5104
combine_histogram,628.9923317432404,629.1360306739807,all_file,bin-worker-5.novalocal,139926493595456,16053
calculate_histogram,628.7559154033661,629.0600478649139,bigbrain_769_2412_0.nii,bin-worker-2.novalocal,140258053965632,9421
combine_histogram,629.3157503604889,629.468074798584,all_file,bin-worker-3.novalocal,140181873051456,3381
calculate_histogram,629.5659565925598,629.7990927696228,bigbrain_3076_1206_0.nii,bin-worker-4.novalocal,139906748741440,5122
calculate_histogram,629.5369400978088,629.7778446674347,bigbrain_3076_603_0.nii,bin-worker-7.novalocal,139922686936896,26166
combine_histogram,630.015944480896,630.1751852035522,all_file,bin-worker-2.novalocal,140258053965632,9433
calculate_histogram,630.0801243782043,630.3002426624298,bigbrain_769_2412_694.nii,bin-worker-5.novalocal,139926493595456,16038
combine_histogram,630.1455185413361,630.2942187786102,all_file,bin-worker-3.novalocal,140181873051456,3389
calculate_histogram,630.4287550449371,630.6632106304169,bigbrain_3076_2412_2776.nii,bin-worker-4.novalocal,139906748741440,5107
calculate_histogram,630.2589066028595,630.5004551410675,bigbrain_3076_2412_2082.nii,bin-worker-7.novalocal,139922686936896,26181
combine_histogram,630.6792237758636,630.820906162262,all_file,bin-worker-5.novalocal,139926493595456,16039
calculate_histogram,630.4315237998962,630.8454051017761,bigbrain_769_603_1388.nii,bin-worker-2.novalocal,140258053965632,9415
calculate_histogram,631.2069330215454,631.4218530654907,bigbrain_769_2412_2082.nii,bin-worker-3.novalocal,140181873051456,3395
calculate_histogram,631.3677263259888,631.6028618812561,bigbrain_769_1206_2776.nii,bin-worker-4.novalocal,139906748741440,5125
calculate_histogram,631.3692257404327,631.6095058917999,bigbrain_769_0_2082.nii,bin-worker-7.novalocal,139922686936896,26167
combine_histogram,631.6837797164917,631.8228261470795,all_file,bin-worker-5.novalocal,139926493595456,16059
combine_histogram,631.6873016357422,631.8458132743835,all_file,bin-worker-2.novalocal,140258053965632,9414
combine_histogram,632.4524087905884,632.6373620033264,all_file,bin-worker-3.novalocal,140181873051456,3392
calculate_histogram,632.4628357887268,632.7034091949463,bigbrain_769_1206_694.nii,bin-worker-7.novalocal,139922686936896,26178
calculate_histogram,632.4919292926788,632.7276105880737,bigbrain_769_1809_2776.nii,bin-worker-4.novalocal,139906748741440,5110
combine_histogram,632.5915865898132,632.75230884552,all_file,bin-worker-2.novalocal,140258053965632,9436
combine_histogram,632.6848714351654,632.830169916153,all_file,bin-worker-5.novalocal,139926493595456,16050
combine_histogram,632.9105985164642,633.0657629966736,all_file,bin-worker-4.novalocal,139906748741440,5113
calculate_histogram,632.8757171630859,633.0874288082123,bigbrain_769_603_2082.nii,bin-worker-3.novalocal,140181873051456,3401
calculate_histogram,632.8746299743652,633.1094443798065,bigbrain_769_1809_694.nii,bin-worker-7.novalocal,139922686936896,26175
combine_histogram,633.0410544872284,633.1809830665588,all_file,bin-worker-5.novalocal,139926493595456,16047
combine_histogram,633.2253694534302,633.3728301525116,all_file,bin-worker-3.novalocal,140181873051456,3398
combine_histogram,633.2667949199677,633.4192554950714,all_file,bin-worker-7.novalocal,139922686936896,26187
combine_histogram,633.2681002616882,633.4250903129578,all_file,bin-worker-4.novalocal,139906748741440,5116
combine_histogram,633.3985502719879,633.5588531494141,all_file,bin-worker-2.novalocal,140258053965632,9430
combine_histogram,633.4902942180634,633.6334049701691,all_file,bin-worker-3.novalocal,140181873051456,3386
combine_histogram,633.4932758808136,633.6425004005432,all_file,bin-worker-7.novalocal,139922686936896,26183
combine_histogram,633.6345009803772,633.7844769954681,all_file,bin-worker-5.novalocal,139926493595456,16056
combine_histogram,633.6791820526123,633.8244767189026,all_file,bin-worker-3.novalocal,140181873051456,3380
calculate_histogram,633.6208922863007,633.858401298523,bigbrain_769_603_694.nii,bin-worker-4.novalocal,139906748741440,5119
combine_histogram,633.7570745944977,633.9201784133911,all_file,bin-worker-4.novalocal,139906748741440,5104
calculate_histogram,633.7556774616241,634.0016372203827,bigbrain_769_603_2776.nii,bin-worker-7.novalocal,139922686936896,26171
combine_histogram,633.8504528999329,634.0102753639221,all_file,bin-worker-2.novalocal,140258053965632,9421
combine_histogram,633.996381521225,634.150319814682,all_file,bin-worker-7.novalocal,139922686936896,26166
combine_histogram,634.029488325119,634.1925265789032,all_file,bin-worker-4.novalocal,139906748741440,5122
combine_histogram,634.048585653305,634.2029464244843,all_file,bin-worker-5.novalocal,139926493595456,16038
combine_histogram,634.0792577266693,634.2356870174408,all_file,bin-worker-7.novalocal,139922686936896,26181
combine_histogram,634.1151728630066,634.2755198478699,all_file,bin-worker-4.novalocal,139906748741440,5107
combine_histogram,634.1209397315979,634.2783250808716,all_file,bin-worker-2.novalocal,140258053965632,9415
combine_histogram,634.2063925266266,634.365109205246,all_file,bin-worker-3.novalocal,140181873051456,3395
combine_histogram,634.3566167354584,634.5081768035889,all_file,bin-worker-7.novalocal,139922686936896,26167
combine_histogram,634.4029343128204,634.5633561611176,all_file,bin-worker-4.novalocal,139906748741440,5125
combine_histogram,634.6057894229889,634.7550115585327,all_file,bin-worker-7.novalocal,139922686936896,26178
combine_histogram,634.7029745578766,634.8526406288147,all_file,bin-worker-4.novalocal,139906748741440,5110
combine_histogram,635.0616099834442,635.2140243053436,all_file,bin-worker-3.novalocal,140181873051456,3401
combine_histogram,635.2105238437653,635.3646540641785,all_file,bin-worker-7.novalocal,139922686936896,26175
combine_histogram,636.0590205192566,636.2203977108002,all_file,bin-worker-4.novalocal,139906748741440,5119
combine_histogram,636.2678723335266,636.4198439121246,all_file,bin-worker-7.novalocal,139922686936896,26171
combine_histogram,640.4210772514343,640.4468727111816,all_file,driver.novalocal,140552446523200,25729
combine_histogram,640.6249589920044,640.653626203537,all_file,driver.novalocal,140552446523200,25729
combine_histogram,640.8677854537964,640.8946278095245,all_file,driver.novalocal,140552446523200,25729
combine_histogram,641.0820777416229,641.1082668304443,all_file,driver.novalocal,140552446523200,25729
combine_histogram,641.5535085201263,641.5771725177765,all_file,driver.novalocal,140552446523200,25729
combine_histogram,641.6529772281647,641.679625749588,all_file,driver.novalocal,140552446523200,25729
combine_histogram,642.0596675872803,642.0875980854034,all_file,driver.novalocal,140552446523200,25729
combine_histogram,642.1588156223297,642.184951543808,all_file,driver.novalocal,140552446523200,25729
combine_histogram,642.3778278827667,642.4048757553101,all_file,driver.novalocal,140552446523200,25729
combine_histogram,642.6302220821381,642.6570346355438,all_file,driver.novalocal,140552446523200,25729
combine_histogram,642.6736798286438,642.7004420757294,all_file,driver.novalocal,140552446523200,25729
combine_histogram,642.9231333732605,642.9505088329315,all_file,driver.novalocal,140552446523200,25729
combine_histogram,643.0368797779083,643.0633177757263,all_file,driver.novalocal,140552446523200,25729
combine_histogram,643.1759557723999,643.2025957107544,all_file,driver.novalocal,140552446523200,25729
combine_histogram,643.2203290462494,643.2466096878052,all_file,driver.novalocal,140552446523200,25729
combine_histogram,643.4747233390808,643.5018119812012,all_file,driver.novalocal,140552446523200,25729
combine_histogram,643.826728105545,643.8530550003052,all_file,driver.novalocal,140552446523200,25729
combine_histogram,644.0649409294128,644.0922582149506,all_file,driver.novalocal,140552446523200,25729
combine_histogram,644.154219865799,644.1801679134369,all_file,driver.novalocal,140552446523200,25729
combine_histogram,644.4271709918976,644.4541654586792,all_file,driver.novalocal,140552446523200,25729
combine_histogram,644.8095991611481,644.835435628891,all_file,driver.novalocal,140552446523200,25729
combine_histogram,644.9076633453369,644.934009552002,all_file,driver.novalocal,140552446523200,25729
combine_histogram,645.009428024292,645.0354835987091,all_file,driver.novalocal,140552446523200,25729
combine_histogram,645.0697605609894,645.0959475040436,all_file,driver.novalocal,140552446523200,25729
combine_histogram,645.128091096878,645.1543116569519,all_file,driver.novalocal,140552446523200,25729
combine_histogram,645.2222111225128,645.24875831604,all_file,driver.novalocal,140552446523200,25729
combine_histogram,645.3379015922546,645.3637669086456,all_file,driver.novalocal,140552446523200,25729
combine_histogram,645.4640109539032,645.4907932281494,all_file,driver.novalocal,140552446523200,25729
combine_histogram,645.5168414115906,645.542058467865,all_file,driver.novalocal,140552446523200,25729
combine_histogram,645.5941095352173,645.6208918094635,all_file,driver.novalocal,140552446523200,25729
combine_histogram,645.6422743797302,645.6684331893921,all_file,driver.novalocal,140552446523200,25729
combine_histogram,645.8046367168427,645.8318057060242,all_file,driver.novalocal,140552446523200,25729
combine_histogram,646.0313408374786,646.0578603744507,all_file,driver.novalocal,140552446523200,25729
combine_histogram,646.3764505386353,646.403730392456,all_file,driver.novalocal,140552446523200,25729
combine_histogram,646.6577770709991,646.6842889785767,all_file,driver.novalocal,140552446523200,25729
combine_histogram,646.8590688705444,646.8875226974487,all_file,driver.novalocal,140552446523200,25729
combine_histogram,646.9472105503082,646.9736096858978,all_file,driver.novalocal,140552446523200,25729
combine_histogram,647.0569026470184,647.0844798088074,all_file,driver.novalocal,140552446523200,25729
combine_histogram,647.3045234680176,647.3308572769165,all_file,driver.novalocal,140552446523200,25729
combine_histogram,647.4733901023865,647.5001723766327,all_file,driver.novalocal,140552446523200,25729
combine_histogram,647.8966376781464,647.9228792190552,all_file,driver.novalocal,140552446523200,25729
combine_histogram,648.2038385868073,648.2303998470306,all_file,driver.novalocal,140552446523200,25729
combine_histogram,648.3107650279999,648.3363380432129,all_file,driver.novalocal,140552446523200,25729
combine_histogram,648.4376292228699,648.4639027118683,all_file,driver.novalocal,140552446523200,25729
combine_histogram,648.6651511192322,648.6925802230835,all_file,driver.novalocal,140552446523200,25729
combine_histogram,648.9388678073883,648.966600894928,all_file,driver.novalocal,140552446523200,25729
combine_histogram,649.1193001270294,649.147029876709,all_file,driver.novalocal,140552446523200,25729
combine_histogram,649.3999752998352,649.4266293048859,all_file,driver.novalocal,140552446523200,25729
combine_histogram,649.7077565193176,649.7350656986237,all_file,driver.novalocal,140552446523200,25729
combine_histogram,650.0358221530914,650.0624418258667,all_file,driver.novalocal,140552446523200,25729
combine_histogram,650.1318778991699,650.1583924293518,all_file,driver.novalocal,140552446523200,25729
combine_histogram,650.1722593307495,650.19788813591,all_file,driver.novalocal,140552446523200,25729
combine_histogram,650.2142400741577,650.240914106369,all_file,driver.novalocal,140552446523200,25729
combine_histogram,650.2944524288177,650.3213758468628,all_file,driver.novalocal,140552446523200,25729
combine_histogram,650.366361618042,650.3932926654816,all_file,driver.novalocal,140552446523200,25729
combine_histogram,650.5372498035431,650.5637247562408,all_file,driver.novalocal,140552446523200,25729
combine_histogram,650.6135330200195,650.6400985717773,all_file,driver.novalocal,140552446523200,25729
combine_histogram,650.7858216762543,650.8123104572296,all_file,driver.novalocal,140552446523200,25729
combine_histogram,651.0168747901917,651.0431237220764,all_file,driver.novalocal,140552446523200,25729
combine_histogram,651.1813206672668,651.2073991298676,all_file,driver.novalocal,140552446523200,25729
combine_histogram,651.2476017475128,651.2739515304565,all_file,driver.novalocal,140552446523200,25729
combine_histogram,651.3013412952423,651.3283410072327,all_file,driver.novalocal,140552446523200,25729
combine_histogram,651.4408669471741,651.4671809673309,all_file,driver.novalocal,140552446523200,25729
combine_histogram,651.5595183372498,651.5862646102905,all_file,driver.novalocal,140552446523200,25729
combine_histogram,651.6348488330841,651.6605494022369,all_file,driver.novalocal,140552446523200,25729
combine_histogram,651.7139220237732,651.7401406764984,all_file,driver.novalocal,140552446523200,25729
combine_histogram,651.8473544120789,651.8730382919312,all_file,driver.novalocal,140552446523200,25729
combine_histogram,652.0744965076447,652.1008968353271,all_file,driver.novalocal,140552446523200,25729
combine_histogram,652.4598829746246,652.486406326294,all_file,driver.novalocal,140552446523200,25729
combine_histogram,652.8772006034851,652.9048087596893,all_file,driver.novalocal,140552446523200,25729
combine_histogram,653.427992105484,653.4539449214935,all_file,driver.novalocal,140552446523200,25729
combine_histogram,653.5717186927795,653.598611831665,all_file,driver.novalocal,140552446523200,25729
combine_histogram,653.6109101772308,653.6369776725769,all_file,driver.novalocal,140552446523200,25729
combine_histogram,653.7216696739197,653.750494480133,all_file,driver.novalocal,140552446523200,25729
combine_histogram,653.9294965267181,653.9559552669525,all_file,driver.novalocal,140552446523200,25729
combine_histogram,654.1532912254333,654.1798708438873,all_file,driver.novalocal,140552446523200,25729
combine_histogram,654.4294800758362,654.4555904865265,all_file,driver.novalocal,140552446523200,25729
combine_histogram,654.4958651065826,654.5229156017303,all_file,driver.novalocal,140552446523200,25729
combine_histogram,654.5825531482697,654.6084930896759,all_file,driver.novalocal,140552446523200,25729
combine_histogram,654.7043054103851,654.7310440540314,all_file,driver.novalocal,140552446523200,25729
combine_histogram,654.870062828064,654.8959963321686,all_file,driver.novalocal,140552446523200,25729
combine_histogram,655.2340445518494,655.2608346939087,all_file,driver.novalocal,140552446523200,25729
combine_histogram,655.3130724430084,655.3391206264496,all_file,driver.novalocal,140552446523200,25729
combine_histogram,655.5532474517822,655.5801959037781,all_file,driver.novalocal,140552446523200,25729
combine_histogram,655.6789276599884,655.7056615352631,all_file,driver.novalocal,140552446523200,25729
combine_histogram,655.8812899589539,655.9082448482513,all_file,driver.novalocal,140552446523200,25729
combine_histogram,655.9969418048859,656.0234735012054,all_file,driver.novalocal,140552446523200,25729
combine_histogram,656.0732860565186,656.1004776954651,all_file,driver.novalocal,140552446523200,25729
combine_histogram,656.1370663642883,656.1633057594299,all_file,driver.novalocal,140552446523200,25729
combine_histogram,656.42746758461,656.455792427063,all_file,driver.novalocal,140552446523200,25729
combine_histogram,656.6176607608795,656.6443159580231,all_file,driver.novalocal,140552446523200,25729
combine_histogram,656.7395069599152,656.7673137187958,all_file,driver.novalocal,140552446523200,25729
combine_histogram,656.7865297794342,656.8133866786957,all_file,driver.novalocal,140552446523200,25729
combine_histogram,656.8257367610931,656.8533782958984,all_file,driver.novalocal,140552446523200,25729
combine_histogram,656.8690752983093,656.8963873386383,all_file,driver.novalocal,140552446523200,25729
combine_histogram,656.9724953174591,657.0000307559967,all_file,driver.novalocal,140552446523200,25729
combine_histogram,657.0418617725372,657.069837808609,all_file,driver.novalocal,140552446523200,25729
combine_histogram,657.1308808326721,657.1574459075928,all_file,driver.novalocal,140552446523200,25729
combine_histogram,657.2937808036804,657.3197677135468,all_file,driver.novalocal,140552446523200,25729
combine_histogram,657.6305875778198,657.6575610637665,all_file,driver.novalocal,140552446523200,25729
combine_histogram,657.7734937667847,657.7999422550201,all_file,driver.novalocal,140552446523200,25729
combine_histogram,657.9116277694702,657.9383866786957,all_file,driver.novalocal,140552446523200,25729
combine_histogram,658.1823902130127,658.2090358734131,all_file,driver.novalocal,140552446523200,25729
combine_histogram,658.3624923229218,658.3895871639252,all_file,driver.novalocal,140552446523200,25729
combine_histogram,658.47598528862,658.5023577213287,all_file,driver.novalocal,140552446523200,25729
combine_histogram,658.5160646438599,658.5431282520294,all_file,driver.novalocal,140552446523200,25729
combine_histogram,658.5913352966309,658.6169409751892,all_file,driver.novalocal,140552446523200,25729
combine_histogram,658.6539199352264,658.6812682151794,all_file,driver.novalocal,140552446523200,25729
combine_histogram,658.7132618427277,658.7396466732025,all_file,driver.novalocal,140552446523200,25729
combine_histogram,658.7627396583557,658.7889161109924,all_file,driver.novalocal,140552446523200,25729
combine_histogram,658.9248569011688,658.9503893852234,all_file,driver.novalocal,140552446523200,25729
combine_histogram,658.9808514118195,659.0070924758911,all_file,driver.novalocal,140552446523200,25729
combine_histogram,659.0236277580261,659.0490415096283,all_file,driver.novalocal,140552446523200,25729
combine_histogram,659.0623013973236,659.0882995128632,all_file,driver.novalocal,140552446523200,25729
combine_histogram,659.1206133365631,659.1463284492493,all_file,driver.novalocal,140552446523200,25729
combine_histogram,659.1782758235931,659.2044448852539,all_file,driver.novalocal,140552446523200,25729
combine_histogram,659.2173373699188,659.2425167560577,all_file,driver.novalocal,140552446523200,25729
combine_histogram,659.281031370163,659.3074533939362,all_file,driver.novalocal,140552446523200,25729
combine_histogram,659.3809406757355,659.4064297676086,all_file,driver.novalocal,140552446523200,25729
combine_histogram,659.4225478172302,659.4489521980286,all_file,driver.novalocal,140552446523200,25729
combine_histogram,659.5139846801758,659.5397131443024,all_file,driver.novalocal,140552446523200,25729
combine_histogram,659.5838651657104,659.6099996566772,all_file,driver.novalocal,140552446523200,25729
combine_histogram,659.6247601509094,659.6504724025726,all_file,driver.novalocal,140552446523200,25729
combine_histogram,659.6635863780975,659.6896085739136,all_file,driver.novalocal,140552446523200,25729
combine_histogram,659.7358839511871,659.7618386745453,all_file,driver.novalocal,140552446523200,25729
save_histogram,659.9693219661713,660.1075556278229,all_file,driver.novalocal,140552446523200,25729
read_img,6.3120245933532715,260.583126783371,bigbrain_0_0_694.nii,bin-worker-5.novalocal,139926493595456,16044
read_img,6.30914568901062,260.2376070022583,bigbrain_0_0_2776.nii,bin-worker-5.novalocal,139926493595456,16053
read_img,6.312041997909546,260.4073181152344,bigbrain_0_0_1388.nii,bin-worker-5.novalocal,139926493595456,16039
read_img,6.311994314193726,260.4454553127289,bigbrain_0_0_2082.nii,bin-worker-5.novalocal,139926493595456,16059
read_img,6.3120551109313965,260.31112813949585,bigbrain_0_1206_0.nii,bin-worker-5.novalocal,139926493595456,16050
read_img,6.312187433242798,260.4661457538605,bigbrain_0_1206_1388.nii,bin-worker-5.novalocal,139926493595456,16047
read_img,6.312131881713867,259.46038341522217,bigbrain_0_0_0.nii,bin-worker-5.novalocal,139926493595456,16056
read_img,6.312368392944336,260.50406193733215,bigbrain_0_1206_2082.nii,bin-worker-5.novalocal,139926493595456,16038
read_img,6.589108228683472,256.2850785255432,bigbrain_0_2412_2082.nii,bin-worker-2.novalocal,140258053965632,9427
read_img,6.586367845535278,257.5674264431,bigbrain_0_2412_1388.nii,bin-worker-2.novalocal,140258053965632,9433
read_img,6.58913779258728,257.6200542449951,bigbrain_0_2412_2776.nii,bin-worker-2.novalocal,140258053965632,9424
read_img,6.586213111877441,256.38749647140503,bigbrain_0_603_1388.nii,bin-worker-2.novalocal,140258053965632,9414
read_img,6.586442470550537,256.49339866638184,bigbrain_0_603_2776.nii,bin-worker-2.novalocal,140258053965632,9436
read_img,6.589167594909668,257.69609451293945,bigbrain_0_603_0.nii,bin-worker-2.novalocal,140258053965632,9430
read_img,6.589003086090088,257.7324562072754,bigbrain_0_603_2082.nii,bin-worker-2.novalocal,140258053965632,9421
read_img,18.174925804138184,265.4063878059387,bigbrain_0_2412_694.nii,bin-worker-2.novalocal,140258053965632,9415
flatten,265.9794144630432,266.0290288925171,bigbrain_0_0_694.nii,bin-worker-5.novalocal,139926493595456,16044
flatten,266.2801847457886,266.33749437332153,bigbrain_0_0_2776.nii,bin-worker-5.novalocal,139926493595456,16053
flatten,266.65746545791626,266.70025634765625,bigbrain_0_2412_2082.nii,bin-worker-2.novalocal,140258053965632,9427
flatten,266.6971981525421,266.74481415748596,bigbrain_0_0_1388.nii,bin-worker-5.novalocal,139926493595456,16039
flatten,266.75960326194763,266.8441596031189,bigbrain_0_0_2082.nii,bin-worker-5.novalocal,139926493595456,16059
flatten,266.8350648880005,266.9131348133087,bigbrain_0_2412_2776.nii,bin-worker-2.novalocal,140258053965632,9424
flatten,266.94925904273987,267.04086661338806,bigbrain_0_1206_0.nii,bin-worker-5.novalocal,139926493595456,16050
flatten,267.174311876297,267.2156319618225,bigbrain_0_2412_1388.nii,bin-worker-2.novalocal,140258053965632,9433
flatten,267.4448735713959,267.4910578727722,bigbrain_0_603_1388.nii,bin-worker-2.novalocal,140258053965632,9414
read_img,7.136799097061157,266.77325201034546,bigbrain_0_603_694.nii,bin-worker-3.novalocal,140181873051456,3381
read_img,7.138070583343506,266.7850248813629,bigbrain_1538_0_1388.nii,bin-worker-3.novalocal,140181873051456,3398
flatten,267.28073811531067,267.3348550796509,bigbrain_0_1206_1388.nii,bin-worker-5.novalocal,139926493595456,16047
read_img,7.136729717254639,266.7940194606781,bigbrain_1538_1206_1388.nii,bin-worker-3.novalocal,140181873051456,3389
read_img,7.1380205154418945,266.49413537979126,bigbrain_1538_0_0.nii,bin-worker-3.novalocal,140181873051456,3392
read_img,7.13671088218689,266.71616435050964,bigbrain_1538_0_2776.nii,bin-worker-3.novalocal,140181873051456,3386
read_img,7.1367506980896,266.7139391899109,bigbrain_1538_1206_0.nii,bin-worker-3.novalocal,140181873051456,3380
read_img,7.138025760650635,266.8976311683655,bigbrain_1538_0_2082.nii,bin-worker-3.novalocal,140181873051456,3395
flatten,267.61983036994934,267.66705083847046,bigbrain_0_0_0.nii,bin-worker-5.novalocal,139926493595456,16056
read_img,7.136733770370483,266.6886281967163,bigbrain_1538_0_694.nii,bin-worker-3.novalocal,140181873051456,3401
flatten,267.733416557312,267.77312111854553,bigbrain_0_603_2776.nii,bin-worker-2.novalocal,140258053965632,9436
flatten,267.8111734390259,267.878014087677,bigbrain_0_1206_2082.nii,bin-worker-5.novalocal,139926493595456,16038
flatten,267.935106754303,267.9970064163208,bigbrain_0_603_0.nii,bin-worker-2.novalocal,140258053965632,9430
flatten,268.21185970306396,268.25615668296814,bigbrain_0_603_2082.nii,bin-worker-2.novalocal,140258053965632,9421
flatten,268.3718693256378,268.43464398384094,bigbrain_0_603_694.nii,bin-worker-3.novalocal,140181873051456,3381
calculate_histogram,268.1819040775299,268.39222240448,bigbrain_0_0_694.nii,bin-worker-5.novalocal,139926493595456,16044
calculate_histogram,268.37899589538574,268.5871510505676,bigbrain_0_0_2776.nii,bin-worker-5.novalocal,139926493595456,16053
flatten,268.5380554199219,268.5807764530182,bigbrain_0_2412_694.nii,bin-worker-2.novalocal,140258053965632,9415
flatten,268.6895716190338,268.7481379508972,bigbrain_1538_0_1388.nii,bin-worker-3.novalocal,140181873051456,3398
flatten,268.8655650615692,268.976576089859,bigbrain_1538_1206_1388.nii,bin-worker-3.novalocal,140181873051456,3389
calculate_histogram,268.7711880207062,268.9732930660248,bigbrain_0_2412_2082.nii,bin-worker-2.novalocal,140258053965632,9427
calculate_histogram,268.7784070968628,268.98621559143066,bigbrain_0_0_1388.nii,bin-worker-5.novalocal,139926493595456,16039
calculate_histogram,268.992559671402,269.19958329200745,bigbrain_0_0_2082.nii,bin-worker-5.novalocal,139926493595456,16059
calculate_histogram,268.9940855503082,269.1984214782715,bigbrain_0_2412_2776.nii,bin-worker-2.novalocal,140258053965632,9424
flatten,269.2187993526459,269.2806842327118,bigbrain_1538_0_0.nii,bin-worker-3.novalocal,140181873051456,3392
calculate_histogram,269.1889765262604,269.39118123054504,bigbrain_0_2412_1388.nii,bin-worker-2.novalocal,140258053965632,9433
calculate_histogram,269.23383116722107,269.4341335296631,bigbrain_0_1206_0.nii,bin-worker-5.novalocal,139926493595456,16050
flatten,269.3321931362152,269.46658301353455,bigbrain_1538_0_2776.nii,bin-worker-3.novalocal,140181873051456,3386
calculate_histogram,269.4501118659973,269.6496911048889,bigbrain_0_603_1388.nii,bin-worker-2.novalocal,140258053965632,9414
calculate_histogram,269.47185707092285,269.67872071266174,bigbrain_0_1206_1388.nii,bin-worker-5.novalocal,139926493595456,16047
flatten,269.5644779205322,269.67443323135376,bigbrain_1538_1206_0.nii,bin-worker-3.novalocal,140181873051456,3380
calculate_histogram,269.58491921424866,269.7836389541626,bigbrain_0_603_2776.nii,bin-worker-2.novalocal,140258053965632,9436
calculate_histogram,269.6355655193329,269.83819794654846,bigbrain_0_0_0.nii,bin-worker-5.novalocal,139926493595456,16056
flatten,269.7280502319336,269.8589015007019,bigbrain_1538_0_2082.nii,bin-worker-3.novalocal,140181873051456,3395
calculate_histogram,269.72748136520386,269.93101739883423,bigbrain_0_603_0.nii,bin-worker-2.novalocal,140258053965632,9430
flatten,270.00104427337646,270.0844774246216,bigbrain_1538_0_694.nii,bin-worker-3.novalocal,140181873051456,3401
read_img,7.576077938079834,269.787531375885,bigbrain_0_1809_694.nii,bin-worker-4.novalocal,139906748741440,5113
calculate_histogram,269.89574003219604,270.09740829467773,bigbrain_0_1206_2082.nii,bin-worker-5.novalocal,139926493595456,16038
read_img,7.473114967346191,268.0008718967438,bigbrain_0_1206_2776.nii,bin-worker-4.novalocal,139906748741440,5116
combine_histogram,270.09533286094666,270.24604058265686,all_file,bin-worker-5.novalocal,139926493595456,16044
calculate_histogram,270.0794014930725,270.2837176322937,bigbrain_0_603_2082.nii,bin-worker-2.novalocal,140258053965632,9421
read_img,7.475743055343628,268.0599353313446,bigbrain_0_1809_1388.nii,bin-worker-4.novalocal,139906748741440,5104
read_img,7.476211071014404,268.7635543346405,bigbrain_0_1206_694.nii,bin-worker-4.novalocal,139906748741440,5122
calculate_histogram,270.30631279945374,270.48750948905945,bigbrain_0_603_694.nii,bin-worker-3.novalocal,140181873051456,3381
read_img,8.156200885772705,269.8640627861023,bigbrain_0_1809_2776.nii,bin-worker-4.novalocal,139906748741440,5107
combine_histogram,270.3382349014282,270.48258233070374,all_file,bin-worker-5.novalocal,139926493595456,16053
calculate_histogram,270.35209822654724,270.5575678348541,bigbrain_0_2412_694.nii,bin-worker-2.novalocal,140258053965632,9415
calculate_histogram,270.4498300552368,270.6339943408966,bigbrain_1538_0_1388.nii,bin-worker-3.novalocal,140181873051456,3398
combine_histogram,270.49525785446167,270.64180064201355,all_file,bin-worker-5.novalocal,139926493595456,16039
read_img,7.475949048995972,269.5279095172882,bigbrain_0_1809_0.nii,bin-worker-4.novalocal,139906748741440,5125
read_img,7.473053216934204,260.2789466381073,bigbrain_0_2412_0.nii,bin-worker-4.novalocal,139906748741440,5110
combine_histogram,270.5330526828766,270.6969692707062,all_file,bin-worker-2.novalocal,140258053965632,9427
read_img,7.473378658294678,267.9103388786316,bigbrain_0_1809_2082.nii,bin-worker-4.novalocal,139906748741440,5119
calculate_histogram,270.6040644645691,270.7861168384552,bigbrain_1538_1206_1388.nii,bin-worker-3.novalocal,140181873051456,3389
flatten,270.6076834201813,270.6549389362335,bigbrain_0_1809_694.nii,bin-worker-4.novalocal,139906748741440,5113
read_img,7.475250244140625,268.14764881134033,bigbrain_1538_1206_694.nii,bin-worker-1.novalocal,140077933668160,28937
combine_histogram,270.6838719844818,270.83363008499146,all_file,bin-worker-5.novalocal,139926493595456,16059
read_img,7.475696325302124,268.19804334640503,bigbrain_1538_1809_2776.nii,bin-worker-1.novalocal,140077933668160,28933
combine_histogram,270.83202266693115,270.9802587032318,all_file,bin-worker-5.novalocal,139926493595456,16050
calculate_histogram,270.7495048046112,270.93230056762695,bigbrain_1538_0_0.nii,bin-worker-3.novalocal,140181873051456,3392
combine_histogram,270.71160793304443,270.8601014614105,all_file,bin-worker-2.novalocal,140258053965632,9424
read_img,7.475268125534058,268.99414014816284,bigbrain_1538_1206_2776.nii,bin-worker-1.novalocal,140077933668160,28915
combine_histogram,270.83464646339417,270.98175859451294,all_file,bin-worker-2.novalocal,140258053965632,9433
read_img,7.485898494720459,263.99832940101624,bigbrain_1538_603_1388.nii,bin-worker-8.novalocal,139848737814336,29891
read_img,7.48537802696228,261.5496919155121,bigbrain_1538_603_2082.nii,bin-worker-8.novalocal,139848737814336,29895
read_img,7.485460519790649,264.00117588043213,bigbrain_1538_2412_1388.nii,bin-worker-8.novalocal,139848737814336,29883
read_img,7.661022663116455,267.67715072631836,bigbrain_1538_603_0.nii,bin-worker-8.novalocal,139848737814336,29889
read_img,7.4854896068573,265.85412859916687,bigbrain_1538_2412_2776.nii,bin-worker-8.novalocal,139848737814336,29877
read_img,7.485555171966553,263.8503258228302,bigbrain_1538_2412_0.nii,bin-worker-8.novalocal,139848737814336,29879
read_img,7.4853997230529785,265.00225710868835,bigbrain_1538_2412_2082.nii,bin-worker-8.novalocal,139848737814336,29886
calculate_histogram,270.83478713035583,271.0155510902405,bigbrain_1538_0_2776.nii,bin-worker-3.novalocal,140181873051456,3386
read_img,7.47741961479187,269.0284445285797,bigbrain_1538_1809_1388.nii,bin-worker-1.novalocal,140077933668160,28928
read_img,7.478108882904053,269.05903482437134,bigbrain_1538_1809_0.nii,bin-worker-1.novalocal,140077933668160,28924
read_img,7.659536361694336,269.7878739833832,bigbrain_1538_1809_2082.nii,bin-worker-1.novalocal,140077933668160,28920
combine_histogram,270.9341642856598,271.0788040161133,all_file,bin-worker-5.novalocal,139926493595456,16047
flatten,270.98499178886414,271.0347936153412,bigbrain_0_1206_2776.nii,bin-worker-4.novalocal,139906748741440,5116
combine_histogram,270.9034297466278,271.05094742774963,all_file,bin-worker-2.novalocal,140258053965632,9414
calculate_histogram,271.00996232032776,271.1915202140808,bigbrain_1538_1206_0.nii,bin-worker-3.novalocal,140181873051456,3380
read_img,7.475149393081665,262.14888763427734,bigbrain_1538_1206_2082.nii,bin-worker-1.novalocal,140077933668160,28930
combine_histogram,271.06784200668335,271.21557688713074,all_file,bin-worker-2.novalocal,140258053965632,9436
read_img,14.576915740966797,271.1951816082001,bigbrain_1538_1809_694.nii,bin-worker-1.novalocal,140077933668160,28914
flatten,271.2195711135864,271.26523661613464,bigbrain_1538_1206_694.nii,bin-worker-1.novalocal,140077933668160,28937
flatten,271.2198519706726,271.2739260196686,bigbrain_0_1809_1388.nii,bin-worker-4.novalocal,139906748741440,5104
read_img,25.15649938583374,271.2708647251129,bigbrain_1538_2412_694.nii,bin-worker-8.novalocal,139848737814336,29898
combine_histogram,271.2229766845703,271.3701572418213,all_file,bin-worker-2.novalocal,140258053965632,9430
combine_histogram,271.212598323822,271.3578107357025,all_file,bin-worker-5.novalocal,139926493595456,16056
calculate_histogram,271.2222695350647,271.4125473499298,bigbrain_1538_0_2082.nii,bin-worker-3.novalocal,140181873051456,3395
flatten,271.4252302646637,271.4931538105011,bigbrain_1538_1206_2776.nii,bin-worker-1.novalocal,140077933668160,28915
combine_histogram,271.2805778980255,271.424870967865,all_file,bin-worker-5.novalocal,139926493595456,16038
flatten,271.35936403274536,271.47452664375305,bigbrain_0_1206_694.nii,bin-worker-4.novalocal,139906748741440,5122
flatten,271.4310739040375,271.5086133480072,bigbrain_1538_603_2082.nii,bin-worker-8.novalocal,139848737814336,29895
combine_histogram,271.35051345825195,271.4996621608734,all_file,bin-worker-2.novalocal,140258053965632,9421
calculate_histogram,271.2930819988251,271.4834349155426,bigbrain_1538_0_694.nii,bin-worker-3.novalocal,140181873051456,3401
flatten,271.561017036438,271.68039298057556,bigbrain_0_1809_2776.nii,bin-worker-4.novalocal,139906748741440,5107
combine_histogram,271.55731773376465,271.69524121284485,all_file,bin-worker-3.novalocal,140181873051456,3381
combine_histogram,271.5792074203491,271.72699332237244,all_file,bin-worker-2.novalocal,140258053965632,9415
flatten,271.5902190208435,271.687762260437,bigbrain_1538_1809_2776.nii,bin-worker-1.novalocal,140077933668160,28933
flatten,271.69044041633606,271.76883268356323,bigbrain_1538_2412_1388.nii,bin-worker-8.novalocal,139848737814336,29883
combine_histogram,271.71308612823486,271.84756445884705,all_file,bin-worker-3.novalocal,140181873051456,3398
flatten,271.7498505115509,271.8548469543457,bigbrain_0_1809_0.nii,bin-worker-4.novalocal,139906748741440,5125
flatten,271.8382501602173,271.9248139858246,bigbrain_0_2412_0.nii,bin-worker-4.novalocal,139906748741440,5110
flatten,271.88702487945557,271.99666142463684,bigbrain_1538_2412_2776.nii,bin-worker-8.novalocal,139848737814336,29877
flatten,271.8125548362732,271.90232825279236,bigbrain_1538_1809_1388.nii,bin-worker-1.novalocal,140077933668160,28928
read_img,9.003951072692871,267.3298408985138,bigbrain_2307_1206_0.nii,bin-worker-7.novalocal,139922686936896,26183
read_img,9.116491794586182,267.2291650772095,bigbrain_2307_0_2082.nii,bin-worker-7.novalocal,139922686936896,26166
read_img,9.492793321609497,269.48171854019165,bigbrain_2307_0_2776.nii,bin-worker-7.novalocal,139922686936896,26181
read_img,8.937566757202148,267.30750703811646,bigbrain_2307_0_694.nii,bin-worker-7.novalocal,139922686936896,26167
read_img,8.939517974853516,267.25736808776855,bigbrain_2307_0_1388.nii,bin-worker-7.novalocal,139922686936896,26187
read_img,8.937538146972656,264.3376536369324,bigbrain_2307_0_0.nii,bin-worker-7.novalocal,139922686936896,26178
read_img,8.937565803527832,267.16081285476685,bigbrain_1538_603_2776.nii,bin-worker-7.novalocal,139922686936896,26175
combine_histogram,272.0640959739685,272.19943356513977,all_file,bin-worker-3.novalocal,140181873051456,3389
flatten,272.2142939567566,272.2778844833374,bigbrain_1538_1809_0.nii,bin-worker-1.novalocal,140077933668160,28924
flatten,272.2725341320038,272.3254871368408,bigbrain_0_1809_2082.nii,bin-worker-4.novalocal,139906748741440,5119
read_img,28.04668378829956,272.3622200489044,bigbrain_1538_603_694.nii,bin-worker-7.novalocal,139922686936896,26171
flatten,272.30095958709717,272.3755853176117,bigbrain_1538_603_0.nii,bin-worker-8.novalocal,139848737814336,29889
combine_histogram,272.3650875091553,272.50490498542786,all_file,bin-worker-3.novalocal,140181873051456,3392
flatten,272.5412173271179,272.61808824539185,bigbrain_1538_2412_2082.nii,bin-worker-8.novalocal,139848737814336,29886
flatten,272.52339816093445,272.57901668548584,bigbrain_1538_1809_2082.nii,bin-worker-1.novalocal,140077933668160,28920
calculate_histogram,272.52362298965454,272.72436237335205,bigbrain_0_1809_694.nii,bin-worker-4.novalocal,139906748741440,5113
flatten,272.69150495529175,272.7656602859497,bigbrain_2307_1206_0.nii,bin-worker-7.novalocal,139922686936896,26183
flatten,272.69775342941284,272.7732779979706,bigbrain_1538_1206_2082.nii,bin-worker-1.novalocal,140077933668160,28930
combine_histogram,272.67938709259033,272.8215413093567,all_file,bin-worker-3.novalocal,140181873051456,3386
flatten,272.70363187789917,272.80026173591614,bigbrain_1538_603_1388.nii,bin-worker-8.novalocal,139848737814336,29891
calculate_histogram,272.6982991695404,272.87728357315063,bigbrain_0_1206_2776.nii,bin-worker-4.novalocal,139906748741440,5116
combine_histogram,272.79840111732483,272.9385359287262,all_file,bin-worker-3.novalocal,140181873051456,3380
flatten,272.7978494167328,272.9374873638153,bigbrain_2307_0_1388.nii,bin-worker-7.novalocal,139922686936896,26187
flatten,272.89743757247925,272.99402022361755,bigbrain_1538_1809_694.nii,bin-worker-1.novalocal,140077933668160,28914
flatten,272.89818239212036,272.9928653240204,bigbrain_1538_2412_0.nii,bin-worker-8.novalocal,139848737814336,29879
read_img,12.067212343215942,273.0181043148041,bigbrain_2307_1809_0.nii,bin-worker-6.novalocal,139828753848128,3884
read_img,12.066530227661133,272.53853154182434,bigbrain_2307_1809_2776.nii,bin-worker-6.novalocal,139828753848128,3887
flatten,272.96115136146545,273.0827372074127,bigbrain_2307_0_2776.nii,bin-worker-7.novalocal,139922686936896,26181
calculate_histogram,272.89338397979736,273.0934615135193,bigbrain_0_1809_1388.nii,bin-worker-4.novalocal,139906748741440,5104
combine_histogram,272.9361824989319,273.0693290233612,all_file,bin-worker-3.novalocal,140181873051456,3395
read_img,12.068251132965088,273.1275420188904,bigbrain_2307_1809_2082.nii,bin-worker-6.novalocal,139828753848128,3878
read_img,12.066395998001099,273.1894328594208,bigbrain_2307_1206_2776.nii,bin-worker-6.novalocal,139828753848128,3893
flatten,273.044793844223,273.1702182292938,bigbrain_1538_2412_694.nii,bin-worker-8.novalocal,139848737814336,29898
calculate_histogram,273.10146951675415,273.30505895614624,bigbrain_1538_1206_2082.nii,bin-worker-1.novalocal,140077933668160,28930
calculate_histogram,273.1256957054138,273.3257920742035,bigbrain_0_1206_694.nii,bin-worker-4.novalocal,139906748741440,5122
flatten,273.1624448299408,273.2557895183563,bigbrain_2307_0_2082.nii,bin-worker-7.novalocal,139922686936896,26166
combine_histogram,273.1781268119812,273.3138086795807,all_file,bin-worker-3.novalocal,140181873051456,3401
read_img,12.068169832229614,273.248197555542,bigbrain_2307_1809_1388.nii,bin-worker-6.novalocal,139828753848128,3872
read_img,12.108297348022461,273.220894575119,bigbrain_2307_1206_1388.nii,bin-worker-6.novalocal,139828753848128,3881
read_img,12.068779468536377,273.26470398902893,bigbrain_2307_1206_2082.nii,bin-worker-6.novalocal,139828753848128,3873
calculate_histogram,273.34178853034973,273.53000235557556,bigbrain_0_1809_2776.nii,bin-worker-4.novalocal,139906748741440,5107
flatten,273.5014510154724,273.5614230632782,bigbrain_2307_0_694.nii,bin-worker-7.novalocal,139922686936896,26167
calculate_histogram,273.40325021743774,273.6069600582123,bigbrain_1538_1206_694.nii,bin-worker-1.novalocal,140077933668160,28937
calculate_histogram,273.2912857532501,273.5214149951935,bigbrain_1538_603_2082.nii,bin-worker-8.novalocal,139848737814336,29895
read_img,12.068251132965088,273.32265424728394,bigbrain_2307_1206_694.nii,bin-worker-6.novalocal,139828753848128,3888
calculate_histogram,273.4690480232239,273.6709146499634,bigbrain_1538_2412_1388.nii,bin-worker-8.novalocal,139848737814336,29883
flatten,273.43625831604004,273.5084271430969,bigbrain_2307_1809_0.nii,bin-worker-6.novalocal,139828753848128,3884
calculate_histogram,273.50828075408936,273.7051453590393,bigbrain_0_1809_0.nii,bin-worker-4.novalocal,139906748741440,5125
flatten,273.67871475219727,273.7559452056885,bigbrain_2307_1809_2776.nii,bin-worker-6.novalocal,139828753848128,3887
flatten,273.6922266483307,273.7803301811218,bigbrain_2307_0_0.nii,bin-worker-7.novalocal,139922686936896,26178
calculate_histogram,273.677428483963,273.8800513744354,bigbrain_1538_1206_2776.nii,bin-worker-1.novalocal,140077933668160,28915
calculate_histogram,273.6939523220062,273.89380741119385,bigbrain_1538_2412_2776.nii,bin-worker-8.novalocal,139848737814336,29877
calculate_histogram,273.7460527420044,273.9417374134064,bigbrain_0_2412_0.nii,bin-worker-4.novalocal,139906748741440,5110
flatten,273.9485499858856,274.00847029685974,bigbrain_2307_1809_2082.nii,bin-worker-6.novalocal,139828753848128,3878
flatten,273.87145495414734,273.9918487071991,bigbrain_1538_603_2776.nii,bin-worker-7.novalocal,139922686936896,26175
calculate_histogram,273.8690629005432,274.0609233379364,bigbrain_1538_1809_2776.nii,bin-worker-1.novalocal,140077933668160,28933
calculate_histogram,273.95185256004333,274.1674084663391,bigbrain_1538_603_0.nii,bin-worker-8.novalocal,139848737814336,29889
flatten,274.127156496048,274.2105758190155,bigbrain_1538_603_694.nii,bin-worker-7.novalocal,139922686936896,26171
flatten,274.1618468761444,274.2407023906708,bigbrain_2307_1206_2776.nii,bin-worker-6.novalocal,139828753848128,3893
calculate_histogram,274.0813956260681,274.27209544181824,bigbrain_1538_1809_1388.nii,bin-worker-1.novalocal,140077933668160,28928
calculate_histogram,274.1295609474182,274.3291389942169,bigbrain_1538_2412_2082.nii,bin-worker-8.novalocal,139848737814336,29886
calculate_histogram,274.07982635498047,274.26477575302124,bigbrain_0_1809_2082.nii,bin-worker-4.novalocal,139906748741440,5119
combine_histogram,274.22898530960083,274.3798339366913,all_file,bin-worker-4.novalocal,139906748741440,5113
flatten,274.29435753822327,274.41453528404236,bigbrain_2307_1809_1388.nii,bin-worker-6.novalocal,139828753848128,3872
calculate_histogram,274.23927211761475,274.4218351840973,bigbrain_1538_1809_0.nii,bin-worker-1.novalocal,140077933668160,28924
flatten,274.4724428653717,274.5985758304596,bigbrain_2307_1206_2082.nii,bin-worker-6.novalocal,139828753848128,3873
calculate_histogram,274.41286063194275,274.61651587486267,bigbrain_2307_1206_0.nii,bin-worker-7.novalocal,139922686936896,26183
calculate_histogram,274.3275873661041,274.552805185318,bigbrain_1538_603_1388.nii,bin-worker-8.novalocal,139848737814336,29891
calculate_histogram,274.4508864879608,274.64805269241333,bigbrain_1538_1809_2082.nii,bin-worker-1.novalocal,140077933668160,28920
combine_histogram,274.4512896537781,274.6014623641968,all_file,bin-worker-4.novalocal,139906748741440,5116
calculate_histogram,274.4655592441559,274.6890060901642,bigbrain_1538_2412_0.nii,bin-worker-8.novalocal,139848737814336,29879
calculate_histogram,274.53474020957947,274.7339708805084,bigbrain_2307_0_1388.nii,bin-worker-7.novalocal,139922686936896,26187
calculate_histogram,274.7169942855835,274.94418358802795,bigbrain_2307_0_2776.nii,bin-worker-7.novalocal,139922686936896,26181
flatten,274.6957986354828,274.7981481552124,bigbrain_2307_1206_1388.nii,bin-worker-6.novalocal,139828753848128,3881
calculate_histogram,274.699622631073,274.9026231765747,bigbrain_1538_2412_694.nii,bin-worker-8.novalocal,139848737814336,29898
combine_histogram,274.67309522628784,274.8098666667938,all_file,bin-worker-4.novalocal,139906748741440,5104
calculate_histogram,274.68903613090515,274.9709441661835,bigbrain_1538_1809_694.nii,bin-worker-1.novalocal,140077933668160,28914
combine_histogram,274.77727794647217,274.9288263320923,all_file,bin-worker-4.novalocal,139906748741440,5122
flatten,274.97526574134827,275.0452091693878,bigbrain_2307_1206_694.nii,bin-worker-6.novalocal,139828753848128,3888
combine_histogram,274.9359333515167,275.1066372394562,all_file,bin-worker-8.novalocal,139848737814336,29895
combine_histogram,274.97871589660645,275.1236093044281,all_file,bin-worker-1.novalocal,140077933668160,28937
combine_histogram,274.8461706638336,275.0759508609772,all_file,bin-worker-1.novalocal,140077933668160,28930
combine_histogram,274.9988775253296,275.1305866241455,all_file,bin-worker-4.novalocal,139906748741440,5107
calculate_histogram,274.9809377193451,275.18649911880493,bigbrain_2307_0_2082.nii,bin-worker-7.novalocal,139922686936896,26166
calculate_histogram,275.0897464752197,275.2948660850525,bigbrain_2307_0_694.nii,bin-worker-7.novalocal,139922686936896,26167
calculate_histogram,275.08362197875977,275.32407546043396,bigbrain_2307_1809_0.nii,bin-worker-6.novalocal,139828753848128,3884
combine_histogram,275.10134720802307,275.25854301452637,all_file,bin-worker-1.novalocal,140077933668160,28915
combine_histogram,275.08740186691284,275.269832611084,all_file,bin-worker-8.novalocal,139848737814336,29883
combine_histogram,275.16213941574097,275.3180978298187,all_file,bin-worker-4.novalocal,139906748741440,5125
combine_histogram,275.1679382324219,275.35367941856384,all_file,bin-worker-8.novalocal,139848737814336,29877
combine_histogram,275.51121377944946,275.6608214378357,all_file,bin-worker-4.novalocal,139906748741440,5110
calculate_histogram,275.4564549922943,275.65623903274536,bigbrain_2307_0_0.nii,bin-worker-7.novalocal,139922686936896,26178
calculate_histogram,275.4776520729065,275.6815917491913,bigbrain_2307_1809_2776.nii,bin-worker-6.novalocal,139828753848128,3887
combine_histogram,275.4791569709778,275.63629388809204,all_file,bin-worker-8.novalocal,139848737814336,29889
combine_histogram,275.55990171432495,275.713036775589,all_file,bin-worker-1.novalocal,140077933668160,28933
combine_histogram,275.7107892036438,275.84319496154785,all_file,bin-worker-4.novalocal,139906748741440,5119
calculate_histogram,275.7114498615265,275.93757247924805,bigbrain_1538_603_2776.nii,bin-worker-7.novalocal,139922686936896,26175
calculate_histogram,275.73935985565186,275.98387384414673,bigbrain_2307_1809_2082.nii,bin-worker-6.novalocal,139828753848128,3878
combine_histogram,275.8860433101654,276.04856133461,all_file,bin-worker-8.novalocal,139848737814336,29886
calculate_histogram,275.98861742019653,276.1886124610901,bigbrain_1538_603_694.nii,bin-worker-7.novalocal,139922686936896,26171
combine_histogram,276.05538034439087,276.1984236240387,all_file,bin-worker-1.novalocal,140077933668160,28928
calculate_histogram,276.1536898612976,276.3535521030426,bigbrain_2307_1206_2776.nii,bin-worker-6.novalocal,139828753848128,3893
combine_histogram,276.2493779659271,276.4190466403961,all_file,bin-worker-8.novalocal,139848737814336,29891
combine_histogram,276.4356122016907,276.58259105682373,all_file,bin-worker-1.novalocal,140077933668160,28924
calculate_histogram,276.53590273857117,276.73621821403503,bigbrain_2307_1809_1388.nii,bin-worker-6.novalocal,139828753848128,3872
combine_histogram,276.5086712837219,276.6661469936371,all_file,bin-worker-7.novalocal,139922686936896,26183
combine_histogram,276.60164618492126,276.7623870372772,all_file,bin-worker-8.novalocal,139848737814336,29879
calculate_histogram,276.63831210136414,276.8553149700165,bigbrain_2307_1206_2082.nii,bin-worker-6.novalocal,139828753848128,3873
combine_histogram,276.67282032966614,276.81257581710815,all_file,bin-worker-7.novalocal,139922686936896,26187
combine_histogram,276.7089810371399,276.8686089515686,all_file,bin-worker-8.novalocal,139848737814336,29898
combine_histogram,276.5944240093231,276.75705218315125,all_file,bin-worker-1.novalocal,140077933668160,28920
calculate_histogram,276.82137298583984,277.02250719070435,bigbrain_2307_1206_1388.nii,bin-worker-6.novalocal,139828753848128,3881
combine_histogram,276.8212821483612,276.96658730506897,all_file,bin-worker-7.novalocal,139922686936896,26181
combine_histogram,276.7787070274353,276.9448673725128,all_file,bin-worker-1.novalocal,140077933668160,28914
combine_histogram,277.2895984649658,277.43131470680237,all_file,bin-worker-7.novalocal,139922686936896,26166
calculate_histogram,277.1159403324127,277.3121266365051,bigbrain_2307_1206_694.nii,bin-worker-6.novalocal,139828753848128,3888
combine_histogram,277.33650398254395,277.49124479293823,all_file,bin-worker-6.novalocal,139828753848128,3884
combine_histogram,277.5329463481903,277.6716136932373,all_file,bin-worker-7.novalocal,139922686936896,26167
combine_histogram,277.62118196487427,277.76331520080566,all_file,bin-worker-6.novalocal,139828753848128,3887
combine_histogram,277.8924608230591,278.06881618499756,all_file,bin-worker-6.novalocal,139828753848128,3878
combine_histogram,277.85334157943726,277.99349784851074,all_file,bin-worker-7.novalocal,139922686936896,26178
combine_histogram,278.14860439300537,278.3157958984375,all_file,bin-worker-7.novalocal,139922686936896,26175
combine_histogram,278.3269724845886,278.46847796440125,all_file,bin-worker-6.novalocal,139828753848128,3893
combine_histogram,278.5995123386383,278.7426600456238,all_file,bin-worker-6.novalocal,139828753848128,3872
combine_histogram,278.5350396633148,278.6714377403259,all_file,bin-worker-7.novalocal,139922686936896,26171
combine_histogram,278.9316837787628,279.12298703193665,all_file,bin-worker-6.novalocal,139828753848128,3873
combine_histogram,279.20025539398193,279.3979380130768,all_file,bin-worker-6.novalocal,139828753848128,3881
combine_histogram,279.5405943393707,279.6835322380066,all_file,bin-worker-6.novalocal,139828753848128,3888
