combine_histogram,2443.3590281009674,2443.3939175605774,all_file,bin-worker-1.novalocal,140593237833472,14037
combine_histogram,2443.4545392990112,2443.4920678138733,all_file,bin-worker-1.novalocal,140593237833472,14037
combine_histogram,2443.51899266243,2443.5535204410553,all_file,bin-worker-1.novalocal,140593237833472,14037
combine_histogram,2443.568727493286,2443.587863445282,all_file,bin-worker-1.novalocal,140593237833472,14037
combine_histogram,2443.648031949997,2443.6864807605743,all_file,bin-worker-1.novalocal,140593237833472,14037
combine_histogram,2443.7054631710052,2443.7360837459564,all_file,bin-worker-1.novalocal,140593237833472,14037
combine_histogram,2443.750024795532,2443.777287721634,all_file,bin-worker-1.novalocal,140593237833472,14037
combine_histogram,2443.8087322711945,2443.834846496582,all_file,bin-worker-1.novalocal,140593237833472,14037
combine_histogram,2443.892570257187,2443.9247744083405,all_file,bin-worker-1.novalocal,140593237833472,14037
combine_histogram,2443.9377012252808,2443.968900680542,all_file,bin-worker-1.novalocal,140593237833472,14037
combine_histogram,2444.0209333896637,2444.0513095855713,all_file,bin-worker-1.novalocal,140593237833472,14037
combine_histogram,2444.093357563019,2444.1252961158752,all_file,bin-worker-1.novalocal,140593237833472,14037
combine_histogram,2444.146534204483,2444.1818149089813,all_file,bin-worker-1.novalocal,140593237833472,14037
combine_histogram,2444.195423603058,2444.223956346512,all_file,bin-worker-1.novalocal,140593237833472,14037
combine_histogram,2444.3150651454926,2444.345843553543,all_file,bin-worker-1.novalocal,140593237833472,14037
combine_histogram,2444.36083817482,2444.3872175216675,all_file,bin-worker-1.novalocal,140593237833472,14037
combine_histogram,2444.4028174877167,2444.4277091026306,all_file,bin-worker-1.novalocal,140593237833472,14037
combine_histogram,2444.4755442142487,2444.5028710365295,all_file,bin-worker-1.novalocal,140593237833472,14037
combine_histogram,2444.5170958042145,2444.544237613678,all_file,bin-worker-1.novalocal,140593237833472,14037
combine_histogram,2444.562729358673,2444.5910534858704,all_file,bin-worker-1.novalocal,140593237833472,14037
combine_histogram,2444.6217381954193,2444.6516885757446,all_file,bin-worker-1.novalocal,140593237833472,14037
combine_histogram,2444.6929914951324,2444.7181968688965,all_file,bin-worker-1.novalocal,140593237833472,14037
combine_histogram,2444.7337663173676,2444.7652549743652,all_file,bin-worker-1.novalocal,140593237833472,14037
combine_histogram,2444.7790274620056,2444.8071665763855,all_file,bin-worker-1.novalocal,140593237833472,14037
combine_histogram,2444.844985961914,2444.87691116333,all_file,bin-worker-1.novalocal,140593237833472,14037
combine_histogram,2444.955029964447,2444.9923651218414,all_file,bin-worker-1.novalocal,140593237833472,14037
combine_histogram,2445.0277581214905,2445.061591863632,all_file,bin-worker-1.novalocal,140593237833472,14037
combine_histogram,2445.085331439972,2445.1246268749237,all_file,bin-worker-1.novalocal,140593237833472,14037
combine_histogram,2445.1576521396637,2445.176577091217,all_file,bin-worker-1.novalocal,140593237833472,14037
combine_histogram,2445.190304517746,2445.209270954132,all_file,bin-worker-1.novalocal,140593237833472,14037
combine_histogram,2445.222848176956,2445.241783618927,all_file,bin-worker-1.novalocal,140593237833472,14037
combine_histogram,2445.25457906723,2445.272825717926,all_file,bin-worker-1.novalocal,140593237833472,14037
combine_histogram,2445.3032581806183,2445.3261046409607,all_file,bin-worker-1.novalocal,140593237833472,14037
combine_histogram,2445.343338251114,2445.371115207672,all_file,bin-worker-1.novalocal,140593237833472,14037
combine_histogram,2445.3842992782593,2445.422997236252,all_file,bin-worker-1.novalocal,140593237833472,14037
combine_histogram,2445.436760187149,2445.4768579006195,all_file,bin-worker-1.novalocal,140593237833472,14037
combine_histogram,2445.524468421936,2445.5578315258026,all_file,bin-worker-1.novalocal,140593237833472,14037
combine_histogram,2445.5705709457397,2445.598229408264,all_file,bin-worker-1.novalocal,140593237833472,14037
combine_histogram,2445.611458301544,2445.639222383499,all_file,bin-worker-1.novalocal,140593237833472,14037
combine_histogram,2445.6799943447113,2445.7096903324127,all_file,bin-worker-1.novalocal,140593237833472,14037
combine_histogram,2445.723355770111,2445.7535099983215,all_file,bin-worker-1.novalocal,140593237833472,14037
combine_histogram,2445.7670159339905,2445.7945013046265,all_file,bin-worker-1.novalocal,140593237833472,14037
combine_histogram,2445.8410177230835,2445.8746514320374,all_file,bin-worker-1.novalocal,140593237833472,14037
combine_histogram,2445.900821208954,2445.925395965576,all_file,bin-worker-1.novalocal,140593237833472,14037
combine_histogram,2445.962678194046,2445.990062713623,all_file,bin-worker-1.novalocal,140593237833472,14037
combine_histogram,2446.017978668213,2446.041645050049,all_file,bin-worker-1.novalocal,140593237833472,14037
combine_histogram,2446.0558354854584,2446.0743618011475,all_file,bin-worker-1.novalocal,140593237833472,14037
combine_histogram,2446.0874252319336,2446.1149196624756,all_file,bin-worker-1.novalocal,140593237833472,14037
combine_histogram,2446.2140831947327,2446.2433638572693,all_file,bin-worker-1.novalocal,140593237833472,14037
combine_histogram,2446.2565038204193,2446.287922859192,all_file,bin-worker-1.novalocal,140593237833472,14037
combine_histogram,2446.3013627529144,2446.338105916977,all_file,bin-worker-1.novalocal,140593237833472,14037
combine_histogram,2446.3662991523743,2446.3959896564484,all_file,bin-worker-1.novalocal,140593237833472,14037
combine_histogram,2446.40926361084,2446.4480504989624,all_file,bin-worker-1.novalocal,140593237833472,14037
combine_histogram,2446.496442079544,2446.5168087482452,all_file,bin-worker-1.novalocal,140593237833472,14037
combine_histogram,2446.5424921512604,2446.5621280670166,all_file,bin-worker-1.novalocal,140593237833472,14037
combine_histogram,2446.60977602005,2446.627937555313,all_file,bin-worker-1.novalocal,140593237833472,14037
combine_histogram,2446.6432888507843,2446.6627175807953,all_file,bin-worker-1.novalocal,140593237833472,14037
combine_histogram,2446.7078540325165,2446.7271358966827,all_file,bin-worker-1.novalocal,140593237833472,14037
combine_histogram,2446.7396438121796,2446.7655918598175,all_file,bin-worker-1.novalocal,140593237833472,14037
combine_histogram,2446.793358564377,2446.8192024230957,all_file,bin-worker-1.novalocal,140593237833472,14037
combine_histogram,2446.8937866687775,2446.924952507019,all_file,bin-worker-1.novalocal,140593237833472,14037
combine_histogram,2446.9825105667114,2447.0099070072174,all_file,bin-worker-1.novalocal,140593237833472,14037
calculate_histogram,438.5476713180542,1158.4325766563416,bigbrain_0_1809_1388.nii,bin-worker-5.novalocal,139770164401920,24154
combine_histogram,2447.0300953388214,2447.058902025223,all_file,bin-worker-1.novalocal,140593237833472,14037
combine_histogram,2447.0775640010834,2447.1013157367706,all_file,bin-worker-1.novalocal,140593237833472,14037
combine_histogram,2447.1306703090668,2447.1583156585693,all_file,bin-worker-1.novalocal,140593237833472,14037
combine_histogram,2447.1945431232452,2447.221552848816,all_file,bin-worker-1.novalocal,140593237833472,14037
combine_histogram,2447.2577652931213,2447.2837615013123,all_file,bin-worker-1.novalocal,140593237833472,14037
combine_histogram,2447.312071800232,2447.342575073242,all_file,bin-worker-1.novalocal,140593237833472,14037
combine_histogram,2447.3695952892303,2447.3895423412323,all_file,bin-worker-1.novalocal,140593237833472,14037
combine_histogram,2447.42631649971,2447.45321393013,all_file,bin-worker-1.novalocal,140593237833472,14037
combine_histogram,2447.467374563217,2447.4872467517853,all_file,bin-worker-1.novalocal,140593237833472,14037
combine_histogram,2447.53155374527,2447.5511968135834,all_file,bin-worker-1.novalocal,140593237833472,14037
combine_histogram,2447.5643758773804,2447.585916042328,all_file,bin-worker-1.novalocal,140593237833472,14037
combine_histogram,2447.599386692047,2447.6196212768555,all_file,bin-worker-1.novalocal,140593237833472,14037
combine_histogram,2447.6374218463898,2447.662702322006,all_file,bin-worker-1.novalocal,140593237833472,14037
combine_histogram,2447.693017721176,2447.7204043865204,all_file,bin-worker-1.novalocal,140593237833472,14037
combine_histogram,2447.74484705925,2447.766348838806,all_file,bin-worker-1.novalocal,140593237833472,14037
combine_histogram,2447.7789034843445,2447.8029787540436,all_file,bin-worker-1.novalocal,140593237833472,14037
combine_histogram,2447.8507459163666,2447.870768547058,all_file,bin-worker-1.novalocal,140593237833472,14037
combine_histogram,2447.884630918503,2447.9209203720093,all_file,bin-worker-1.novalocal,140593237833472,14037
combine_histogram,2447.9367249011993,2447.975548028946,all_file,bin-worker-1.novalocal,140593237833472,14037
combine_histogram,2448.0137224197388,2448.049360513687,all_file,bin-worker-1.novalocal,140593237833472,14037
combine_histogram,2448.062788248062,2448.094404220581,all_file,bin-worker-1.novalocal,140593237833472,14037
combine_histogram,2448.108413219452,2448.1411051750183,all_file,bin-worker-1.novalocal,140593237833472,14037
combine_histogram,2448.174295902252,2448.210408449173,all_file,bin-worker-1.novalocal,140593237833472,14037
combine_histogram,2448.241475582123,2448.2728321552277,all_file,bin-worker-1.novalocal,140593237833472,14037
combine_histogram,2448.2857966423035,2448.312865972519,all_file,bin-worker-1.novalocal,140593237833472,14037
combine_histogram,2448.3893558979034,2448.421671628952,all_file,bin-worker-1.novalocal,140593237833472,14037
combine_histogram,2448.452033996582,2448.4820392131805,all_file,bin-worker-1.novalocal,140593237833472,14037
combine_histogram,2448.5013365745544,2448.528684616089,all_file,bin-worker-1.novalocal,140593237833472,14037
combine_histogram,2448.561982870102,2448.587537050247,all_file,bin-worker-1.novalocal,140593237833472,14037
combine_histogram,2448.6357147693634,2448.666729927063,all_file,bin-worker-1.novalocal,140593237833472,14037
combine_histogram,2448.68382024765,2448.711438179016,all_file,bin-worker-1.novalocal,140593237833472,14037
combine_histogram,2448.784793615341,2448.8137259483337,all_file,bin-worker-1.novalocal,140593237833472,14037
combine_histogram,2448.833981990814,2448.8677530288696,all_file,bin-worker-1.novalocal,140593237833472,14037
combine_histogram,2448.9371020793915,2448.970749616623,all_file,bin-worker-1.novalocal,140593237833472,14037
combine_histogram,2449.0011484622955,2449.0263335704803,all_file,bin-worker-1.novalocal,140593237833472,14037
combine_histogram,2449.0409269332886,2449.073792219162,all_file,bin-worker-1.novalocal,140593237833472,14037
combine_histogram,2449.094132900238,2449.1288273334503,all_file,bin-worker-1.novalocal,140593237833472,14037
combine_histogram,2449.301428079605,2449.342320919037,all_file,bin-worker-1.novalocal,140593237833472,14037
combine_histogram,2449.3666105270386,2449.4055259227753,all_file,bin-worker-1.novalocal,140593237833472,14037
combine_histogram,2449.4244327545166,2449.4607067108154,all_file,bin-worker-1.novalocal,140593237833472,14037
combine_histogram,2449.6266913414,2449.6730546951294,all_file,bin-worker-1.novalocal,140593237833472,14037
save_histogram,2450.3734092712402,2450.6427369117737,all_file,driver.novalocal,139908317488960,23112
read_img,0.5018236637115479,303.6642518043518,bigbrain_3076_1809_694.nii,bin-worker-1.novalocal,140593271404288,14037
read_img,0.5028233528137207,303.66455340385437,bigbrain_3076_2412_1388.nii,bin-worker-1.novalocal,140593229440768,14037
read_img,0.5013546943664551,303.66434812545776,bigbrain_1538_2412_694.nii,bin-worker-1.novalocal,140593246226176,14037
read_img,0.5018811225891113,303.2888514995575,bigbrain_0_603_0.nii,bin-worker-1.novalocal,140593683052288,14037
read_img,0.5027115345001221,303.664452791214,bigbrain_1538_603_694.nii,bin-worker-1.novalocal,140593691444992,14037
read_img,0.5017616748809814,303.7686321735382,bigbrain_2307_1206_1388.nii,bin-worker-1.novalocal,140593254618880,14037
read_img,0.502021312713623,305.18128657341003,bigbrain_769_603_694.nii,bin-worker-1.novalocal,140593237833472,14037
read_img,0.50264573097229,304.8145134449005,bigbrain_3076_1809_2082.nii,bin-worker-1.novalocal,140593263011584,14037
read_img,0.5074691772460938,306.10010409355164,bigbrain_769_0_0.nii,bin-worker-5.novalocal,139770147616512,24154
read_img,0.5073306560516357,305.9137806892395,bigbrain_769_1809_1388.nii,bin-worker-5.novalocal,139770181187328,24154
read_img,0.507666826248169,305.1008212566376,bigbrain_0_1206_694.nii,bin-worker-5.novalocal,139770156009216,24154
read_img,0.5075974464416504,306.1799123287201,bigbrain_0_0_2082.nii,bin-worker-5.novalocal,139770605422336,24154
read_img,0.5077433586120605,306.3694930076599,bigbrain_0_1206_1388.nii,bin-worker-5.novalocal,139770597029632,24154
read_img,0.5069026947021484,306.4600110054016,bigbrain_1538_1206_1388.nii,bin-worker-5.novalocal,139770164401920,24154
read_img,0.5070085525512695,306.4606637954712,bigbrain_0_1809_1388.nii,bin-worker-5.novalocal,139770139223808,24154
read_img,0.5075075626373291,306.46040654182434,bigbrain_769_603_1388.nii,bin-worker-5.novalocal,139770172794624,24154
read_img,0.5105853080749512,306.4167673587799,bigbrain_0_1809_694.nii,bin-worker-2.novalocal,139669173954304,17182
read_img,0.5111021995544434,305.7916989326477,bigbrain_769_0_2082.nii,bin-worker-2.novalocal,139668578367232,17182
read_img,0.508497953414917,305.84802293777466,bigbrain_1538_1809_694.nii,bin-worker-8.novalocal,139891606267648,3941
read_img,0.50691819190979,306.0956959724426,bigbrain_0_1809_2776.nii,bin-worker-8.novalocal,139892000290560,3941
read_img,0.5102264881134033,306.50442481040955,bigbrain_0_1809_2082.nii,bin-worker-2.novalocal,139669182347008,17182
read_img,0.5101425647735596,306.5045382976532,bigbrain_0_1809_0.nii,bin-worker-2.novalocal,139669165561600,17182
read_img,0.5110323429107666,305.8868157863617,bigbrain_0_603_2776.nii,bin-worker-2.novalocal,139669140383488,17182
read_img,0.5107910633087158,306.5048143863678,bigbrain_2307_0_1388.nii,bin-worker-2.novalocal,139669148776192,17182
flatten,306.61173915863037,306.61174273490906,bigbrain_769_0_0.nii,bin-worker-5.novalocal,139770156009216,24154
read_img,0.5105416774749756,306.5052411556244,bigbrain_769_603_2776.nii,bin-worker-2.novalocal,139669157168896,17182
read_img,0.5109462738037109,306.5051109790802,bigbrain_769_1809_694.nii,bin-worker-2.novalocal,139669131990784,17182
read_img,0.508124589920044,306.549245595932,bigbrain_1538_603_2776.nii,bin-worker-8.novalocal,139892008683264,3941
read_img,0.5085816383361816,306.62686371803284,bigbrain_1538_603_1388.nii,bin-worker-3.novalocal,139823532734208,17176
read_img,0.5081329345703125,306.01038670539856,bigbrain_1538_0_2776.nii,bin-worker-4.novalocal,139996774250240,10805
read_img,0.5067131519317627,306.9365303516388,bigbrain_1538_2412_2776.nii,bin-worker-4.novalocal,139996807821056,10805
read_img,0.5080130100250244,305.91039657592773,bigbrain_769_0_694.nii,bin-worker-4.novalocal,139996791035648,10805
read_img,0.508690595626831,306.9314365386963,bigbrain_0_1206_2776.nii,bin-worker-3.novalocal,139824027641600,17176
read_img,0.5093202590942383,306.82233357429504,bigbrain_2307_1809_2082.nii,bin-worker-3.novalocal,139824044427008,17176
read_img,0.5083065032958984,306.9368085861206,bigbrain_769_2412_694.nii,bin-worker-4.novalocal,139996799428352,10805
read_img,0.5077333450317383,306.9455087184906,bigbrain_0_603_694.nii,bin-worker-6.novalocal,140219231741696,5105
read_img,0.5083847045898438,305.36401891708374,bigbrain_3076_1206_1388.nii,bin-worker-6.novalocal,140219273705216,5105
read_img,0.5119085311889648,306.1519887447357,bigbrain_769_1809_2776.nii,bin-worker-7.novalocal,140182565156608,3490
read_img,0.5122270584106445,305.9495897293091,bigbrain_2307_2412_694.nii,bin-worker-7.novalocal,140182979491584,3490
read_img,0.5121016502380371,306.15183687210083,bigbrain_1538_1206_2082.nii,bin-worker-7.novalocal,140182539978496,3490
read_img,0.5123569965362549,306.8337821960449,bigbrain_3076_2412_2082.nii,bin-worker-7.novalocal,140182531585792,3490
read_img,0.5081140995025635,306.15986371040344,bigbrain_769_2412_0.nii,bin-worker-6.novalocal,140215515608832,5105
read_img,0.5124292373657227,307.12387895584106,bigbrain_3076_603_2082.nii,bin-worker-7.novalocal,140182523193088,3490
read_img,0.508392333984375,306.548535823822,bigbrain_1538_2412_2082.nii,bin-worker-8.novalocal,139891631445760,3941
read_img,0.5082106590270996,306.9369101524353,bigbrain_3076_603_694.nii,bin-worker-4.novalocal,139996782642944,10805
read_img,0.5083072185516357,306.8094918727875,bigbrain_2307_1809_1388.nii,bin-worker-8.novalocal,139891614660352,3941
read_img,0.5069255828857422,306.42332100868225,bigbrain_1538_0_0.nii,bin-worker-4.novalocal,139996765857536,10805
read_img,0.5079982280731201,307.25035977363586,bigbrain_769_0_2776.nii,bin-worker-6.novalocal,140219223348992,5105
read_img,0.5079941749572754,307.16511702537537,bigbrain_2307_2412_0.nii,bin-worker-8.novalocal,139891623053056,3941
read_img,0.5081977844238281,307.0397560596466,bigbrain_2307_2412_2082.nii,bin-worker-6.novalocal,140219248527104,5105
read_img,0.5158646106719971,307.1240665912628,bigbrain_1538_2412_1388.nii,bin-worker-7.novalocal,140182548371200,3490
read_img,0.5082485675811768,307.0409083366394,bigbrain_3076_603_2776.nii,bin-worker-6.novalocal,140219265312512,5105
read_img,0.5091123580932617,307.03648591041565,bigbrain_769_2412_2776.nii,bin-worker-3.novalocal,139824036034304,17176
read_img,0.5092530250549316,305.41701912879944,bigbrain_1538_1809_0.nii,bin-worker-3.novalocal,139824052819712,17176
read_img,0.5094931125640869,306.9315662384033,bigbrain_2307_1809_0.nii,bin-worker-3.novalocal,139824061212416,17176
read_img,0.5071489810943604,306.9362008571625,bigbrain_2307_603_1388.nii,bin-worker-4.novalocal,139997153470208,10805
read_img,0.5068681240081787,306.01012444496155,bigbrain_2307_2412_2776.nii,bin-worker-4.novalocal,139996757464832,10805
read_img,0.5098690986633301,307.37937664985657,bigbrain_2307_1206_2776.nii,bin-worker-3.novalocal,139824019248896,17176
read_img,0.5136947631835938,306.9265286922455,bigbrain_0_0_0.nii,bin-worker-7.novalocal,140182987884288,3490
read_img,0.5087499618530273,307.2505576610565,bigbrain_769_1206_2776.nii,bin-worker-6.novalocal,140219256919808,5105
read_img,0.5100078582763672,307.38030910491943,bigbrain_3076_0_0.nii,bin-worker-3.novalocal,139824069605120,17176
read_img,0.50826096534729,307.16526079177856,bigbrain_3076_1809_2776.nii,bin-worker-8.novalocal,139891648231168,3941
read_img,0.5071403980255127,307.0825641155243,bigbrain_0_2412_694.nii,bin-worker-8.novalocal,139891639838464,3941
read_img,0.5137813091278076,307.12428092956543,bigbrain_3076_603_0.nii,bin-worker-7.novalocal,140182556763904,3490
read_img,0.5075547695159912,307.2530620098114,bigbrain_769_1206_1388.nii,bin-worker-6.novalocal,140219240134400,5105
flatten,307.7904324531555,307.7904362678528,bigbrain_1538_603_2776.nii,bin-worker-8.novalocal,139892000290560,3941
flatten,308.13207745552063,308.1320812702179,bigbrain_2307_2412_694.nii,bin-worker-7.novalocal,140182539978496,3490
flatten,310.4777903556824,310.47779631614685,bigbrain_3076_1206_1388.nii,bin-worker-6.novalocal,140219248527104,5105
calculate_histogram,434.7025697231293,1173.8812618255615,bigbrain_0_1809_2776.nii,bin-worker-8.novalocal,139891648231168,3941
flatten,308.1214168071747,308.1214210987091,bigbrain_0_1206_2776.nii,bin-worker-3.novalocal,139824044427008,17176
flatten,307.5990982055664,307.5991027355194,bigbrain_1538_2412_694.nii,bin-worker-1.novalocal,140593691444992,14037
flatten,1175.0442326068878,1175.0442478656769,bigbrain_1538_603_0.nii,bin-worker-8.novalocal,139891648231168,3941
flatten,307.95384907722473,307.953852891922,bigbrain_1538_0_2776.nii,bin-worker-4.novalocal,139996807821056,10805
calculate_histogram,1227.987725019455,2034.8131017684937,bigbrain_3076_0_1388.nii,bin-worker-2.novalocal,139669148776192,17182
flatten,309.7282135486603,309.72821712493896,bigbrain_0_1809_694.nii,bin-worker-2.novalocal,139669182347008,17182
flatten,315.0827224254608,315.08276414871216,bigbrain_769_1809_2776.nii,bin-worker-7.novalocal,140182523193088,3490
flatten,1178.9026205539703,1178.9026346206665,bigbrain_2307_603_0.nii,bin-worker-8.novalocal,139891648231168,3941
flatten,317.2026925086975,317.20269775390625,bigbrain_0_603_694.nii,bin-worker-6.novalocal,140215515608832,5105
flatten,312.7850127220154,312.78501772880554,bigbrain_1538_603_1388.nii,bin-worker-3.novalocal,139824052819712,17176
flatten,317.4990062713623,317.49901008605957,bigbrain_0_1206_694.nii,bin-worker-5.novalocal,139770605422336,24154
calculate_histogram,1302.5268759727478,2049.234808444977,bigbrain_3076_1809_0.nii,bin-worker-4.novalocal,139996757464832,10805
calculate_histogram,468.45751953125,1191.4419722557068,bigbrain_3076_603_2776.nii,bin-worker-6.novalocal,140219223348992,5105
calculate_histogram,1233.2218205928802,2050.6118869781494,bigbrain_3076_1809_1388.nii,bin-worker-4.novalocal,139996791035648,10805
flatten,1192.5778465270996,1192.578596830368,bigbrain_2307_1809_2776.nii,bin-worker-6.novalocal,140219223348992,5105
calculate_histogram,1139.2109816074371,2053.712671518326,bigbrain_1538_1809_2776.nii,bin-worker-4.novalocal,139997153470208,10805
calculate_histogram,1095.0386183261871,2055.0369296073914,bigbrain_2307_2412_1388.nii,bin-worker-7.novalocal,140182548371200,3490
flatten,328.1659252643585,328.1659290790558,bigbrain_0_1809_2776.nii,bin-worker-8.novalocal,139891614660352,3941
flatten,327.7581207752228,327.75812458992004,bigbrain_0_1809_0.nii,bin-worker-2.novalocal,139669140383488,17182
read_img,1194.020435810089,1200.2117686271667,bigbrain_2307_603_2776.nii,bin-worker-6.novalocal,140219223348992,5105
calculate_histogram,1529.2227427959442,2059.945401906967,bigbrain_1538_603_2082.nii,bin-worker-5.novalocal,139770597029632,24154
calculate_histogram,1222.928965330124,2061.8197162151337,bigbrain_2307_603_0.nii,bin-worker-8.novalocal,139891614660352,3941
flatten,1203.2702946662903,1203.2702987194061,bigbrain_1538_2412_0.nii,bin-worker-6.novalocal,140219223348992,5105
flatten,1637.9708852767944,1637.9708914756775,bigbrain_2307_1206_2082.nii,bin-worker-7.novalocal,140182987884288,3490
calculate_histogram,1421.9313535690308,2069.8237721920013,bigbrain_0_2412_1388.nii,bin-worker-1.novalocal,140593254618880,14037
calculate_histogram,441.6097831726074,1217.1189715862274,bigbrain_2307_2412_0.nii,bin-worker-8.novalocal,139891614660352,3941
flatten,329.94048023223877,329.94048380851746,bigbrain_1538_2412_2776.nii,bin-worker-4.novalocal,139996782642944,10805
flatten,1219.1131834983826,1219.1131880283356,bigbrain_769_0_1388.nii,bin-worker-8.novalocal,139891614660352,3941
calculate_histogram,550.6634576320648,1649.4293196201324,bigbrain_769_1809_1388.nii,bin-worker-5.novalocal,139770181187328,24154
flatten,337.2402431964874,337.24024844169617,bigbrain_1538_1206_2082.nii,bin-worker-7.novalocal,140182548371200,3490
calculate_histogram,424.0914351940155,1221.678957939148,bigbrain_0_1809_0.nii,bin-worker-2.novalocal,139669148776192,17182
flatten,1223.0829026699066,1223.0829074382782,bigbrain_3076_0_1388.nii,bin-worker-2.novalocal,139669148776192,17182
flatten,343.06856513023376,343.0685703754425,bigbrain_769_2412_694.nii,bin-worker-4.novalocal,139996765857536,10805
flatten,337.201477766037,337.2014830112457,bigbrain_1538_1809_0.nii,bin-worker-3.novalocal,139824036034304,17176
flatten,1226.4562137126923,1226.456217765808,bigbrain_2307_603_2082.nii,bin-worker-2.novalocal,139669148776192,17182
flatten,339.3701786994934,339.3701846599579,bigbrain_769_2412_0.nii,bin-worker-6.novalocal,140219265312512,5105
calculate_histogram,527.6916534900665,1659.1775438785553,bigbrain_769_603_694.nii,bin-worker-1.novalocal,140593683052288,14037
flatten,335.92448139190674,335.9244863986969,bigbrain_1538_2412_2082.nii,bin-worker-8.novalocal,139891623053056,3941
calculate_histogram,533.0422854423523,1659.9437909126282,bigbrain_1538_603_694.nii,bin-worker-1.novalocal,140593229440768,14037
calculate_histogram,443.38410806655884,1232.4079706668854,bigbrain_2307_2412_2776.nii,bin-worker-4.novalocal,139996791035648,10805
flatten,338.62975096702576,338.6297564506531,bigbrain_0_1809_2082.nii,bin-worker-2.novalocal,139669148776192,17182
flatten,326.41214776039124,326.41215229034424,bigbrain_2307_1206_1388.nii,bin-worker-1.novalocal,140593263011584,14037
calculate_histogram,437.23577094078064,1235.829525232315,bigbrain_3076_1206_1388.nii,bin-worker-6.novalocal,140219240134400,5105
calculate_histogram,1408.6658027172089,2095.145077228546,bigbrain_0_1206_0.nii,bin-worker-4.novalocal,139996782642944,10805
flatten,355.61248421669006,355.6124894618988,bigbrain_2307_1809_2082.nii,bin-worker-3.novalocal,139824061212416,17176
calculate_histogram,553.0289063453674,1668.7112398147583,bigbrain_1538_1809_694.nii,bin-worker-8.novalocal,139892008683264,3941
flatten,343.5544137954712,343.5544173717499,bigbrain_769_1809_1388.nii,bin-worker-5.novalocal,139770164401920,24154
flatten,347.9573607444763,347.9573657512665,bigbrain_3076_603_2082.nii,bin-worker-7.novalocal,140182556763904,3490
flatten,361.08554458618164,361.0855484008789,bigbrain_3076_2412_2082.nii,bin-worker-7.novalocal,140182987884288,3490
flatten,351.4491169452667,351.44912219047546,bigbrain_769_0_2776.nii,bin-worker-6.novalocal,140219256919808,5105
flatten,347.7981872558594,347.7981917858124,bigbrain_0_1206_1388.nii,bin-worker-5.novalocal,139770139223808,24154
flatten,367.6143591403961,367.6143627166748,bigbrain_1538_1206_1388.nii,bin-worker-5.novalocal,139770172794624,24154
flatten,360.6067759990692,360.6067798137665,bigbrain_769_0_694.nii,bin-worker-4.novalocal,139997153470208,10805
calculate_histogram,1287.8040750026703,2103.869014263153,bigbrain_3076_1206_694.nii,bin-worker-4.novalocal,139996774250240,10805
read_img,1239.3625535964966,1245.5257441997528,bigbrain_1538_0_694.nii,bin-worker-6.novalocal,140219240134400,5105
flatten,371.45587062835693,371.45588088035583,bigbrain_2307_2412_2082.nii,bin-worker-6.novalocal,140219240134400,5105
flatten,354.57866311073303,354.5786669254303,bigbrain_2307_1809_1388.nii,bin-worker-8.novalocal,139891648231168,3941
flatten,367.65830516815186,367.6583092212677,bigbrain_2307_2412_0.nii,bin-worker-8.novalocal,139891639838464,3941
calculate_histogram,1179.6568517684937,2109.110105276108,bigbrain_1538_603_0.nii,bin-worker-8.novalocal,139891648231168,3941
flatten,373.7215840816498,373.72159075737,bigbrain_1538_0_0.nii,bin-worker-4.novalocal,139996757464832,10805
flatten,368.6658616065979,368.6658661365509,bigbrain_769_2412_2776.nii,bin-worker-3.novalocal,139824069605120,17176
flatten,381.8507614135742,381.8507673740387,bigbrain_2307_1206_2776.nii,bin-worker-3.novalocal,139824044427008,17176
calculate_histogram,456.46513509750366,1680.365317106247,bigbrain_769_1206_1388.nii,bin-worker-6.novalocal,140219273705216,5105
flatten,358.3413338661194,358.34133744239807,bigbrain_769_0_2082.nii,bin-worker-2.novalocal,139669157168896,17182
flatten,382.4483633041382,382.44836831092834,bigbrain_769_603_2776.nii,bin-worker-2.novalocal,139669182347008,17182
flatten,379.7528839111328,379.75288820266724,bigbrain_1538_1809_694.nii,bin-worker-8.novalocal,139892000290560,3941
flatten,379.5467324256897,379.54673624038696,bigbrain_0_1809_1388.nii,bin-worker-5.novalocal,139770156009216,24154
flatten,370.2964026927948,370.2964084148407,bigbrain_2307_0_1388.nii,bin-worker-2.novalocal,139669131990784,17182
flatten,386.789577960968,386.7895829677582,bigbrain_3076_603_694.nii,bin-worker-4.novalocal,139996807821056,10805
calculate_histogram,491.3142080307007,1686.3635478019714,bigbrain_769_1206_2776.nii,bin-worker-6.novalocal,140219265312512,5105
flatten,384.585342168808,384.58534836769104,bigbrain_769_1206_1388.nii,bin-worker-6.novalocal,140219248527104,5105
calculate_histogram,1969.8187432289124,2118.704094171524,bigbrain_3076_1206_2082.nii,bin-worker-5.novalocal,139770139223808,24154
flatten,363.69405221939087,363.6940567493439,bigbrain_0_603_0.nii,bin-worker-1.novalocal,140593237833472,14037
flatten,393.946133852005,393.94613790512085,bigbrain_0_0_2082.nii,bin-worker-5.novalocal,139770605422336,24154
flatten,388.42960143089294,388.4296078681946,bigbrain_2307_1809_0.nii,bin-worker-3.novalocal,139824052819712,17176
flatten,386.0484790802002,386.0484824180603,bigbrain_0_0_0.nii,bin-worker-7.novalocal,140182523193088,3490
calculate_histogram,439.7064275741577,1267.67973279953,bigbrain_0_1206_694.nii,bin-worker-5.novalocal,139770172794624,24154
calculate_histogram,425.5756928920746,1268.834839105606,bigbrain_1538_603_2776.nii,bin-worker-8.novalocal,139891623053056,3941
calculate_histogram,1535.4380905628204,2128.240505695343,bigbrain_3076_0_694.nii,bin-worker-4.novalocal,139996765857536,10805
calculate_histogram,1410.1957068443298,2128.2473270893097,bigbrain_769_603_0.nii,bin-worker-1.novalocal,140593237833472,14037
flatten,1269.4400129318237,1269.4400174617767,bigbrain_0_0_2776.nii,bin-worker-5.novalocal,139770172794624,24154
flatten,1270.5190830230713,1270.5190887451172,bigbrain_0_0_694.nii,bin-worker-5.novalocal,139770172794624,24154
calculate_histogram,1285.8921656608582,2131.9371309280396,bigbrain_769_603_2082.nii,bin-worker-4.novalocal,139996807821056,10805
flatten,396.2324583530426,396.2324652671814,bigbrain_3076_603_2776.nii,bin-worker-6.novalocal,140215515608832,5105
flatten,402.45265555381775,402.4526607990265,bigbrain_0_603_2776.nii,bin-worker-2.novalocal,139669140383488,17182
calculate_histogram,443.34885811805725,1274.6938540935516,bigbrain_0_603_2776.nii,bin-worker-2.novalocal,139668578367232,17182
calculate_histogram,439.1911187171936,1276.2907311916351,bigbrain_1538_0_0.nii,bin-worker-4.novalocal,139996807821056,10805
flatten,1278.1881947517395,1278.188199520111,bigbrain_769_1206_694.nii,bin-worker-2.novalocal,139668578367232,17182
calculate_histogram,550.7298498153687,1281.2319893836975,bigbrain_0_0_2082.nii,bin-worker-5.novalocal,139770147616512,24154
flatten,1281.173223733902,1281.1732273101807,bigbrain_769_603_2082.nii,bin-worker-4.novalocal,139996807821056,10805
flatten,400.05878734588623,400.05879187583923,bigbrain_0_2412_694.nii,bin-worker-8.novalocal,139891614660352,3941
calculate_histogram,1343.009754896164,2141.8766617774963,bigbrain_3076_2412_694.nii,bin-worker-7.novalocal,140182556763904,3490
calculate_histogram,442.3294939994812,1282.9793348312378,bigbrain_1538_0_2776.nii,bin-worker-4.novalocal,139996774250240,10805
flatten,1283.0544929504395,1283.0544970035553,bigbrain_3076_1206_694.nii,bin-worker-4.novalocal,139996807821056,10805
flatten,1283.5102109909058,1283.5102150440216,bigbrain_1538_603_2082.nii,bin-worker-5.novalocal,139770147616512,24154
calculate_histogram,1430.8177349567413,2143.2888123989105,bigbrain_3076_0_2082.nii,bin-worker-8.novalocal,139892000290560,3941
read_img,1278.5093171596527,1284.7770690917969,bigbrain_2307_0_2776.nii,bin-worker-2.novalocal,139668578367232,17182
flatten,1284.9363906383514,1284.9363942146301,bigbrain_3076_0_2776.nii,bin-worker-5.novalocal,139770147616512,24154
calculate_histogram,1425.4947292804718,2144.72438287735,bigbrain_0_2412_2082.nii,bin-worker-8.novalocal,139891631445760,3941
calculate_histogram,440.8937177658081,1285.8604469299316,bigbrain_769_0_2776.nii,bin-worker-6.novalocal,140219248527104,5105
calculate_histogram,1160.7242143154144,2145.1184873580933,bigbrain_769_1206_0.nii,bin-worker-3.novalocal,139824036034304,17176
flatten,1286.8444530963898,1286.8444583415985,bigbrain_3076_1809_0.nii,bin-worker-4.novalocal,139996774250240,10805
calculate_histogram,441.028475522995,1287.60573554039,bigbrain_2307_0_1388.nii,bin-worker-2.novalocal,139669173954304,17182
flatten,400.1992280483246,400.1992332935333,bigbrain_2307_2412_2776.nii,bin-worker-4.novalocal,139996782642944,10805
calculate_histogram,459.30932211875916,1288.1456444263458,bigbrain_2307_2412_2082.nii,bin-worker-6.novalocal,140219231741696,5105
flatten,1288.3637471199036,1288.363751411438,bigbrain_2307_603_2776.nii,bin-worker-6.novalocal,140219248527104,5105
flatten,414.6819624900818,414.68196749687195,bigbrain_2307_603_1388.nii,bin-worker-4.novalocal,139996765857536,10805
read_img,307.57385087013245,426.2185962200165,bigbrain_769_2412_2082.nii,bin-worker-6.novalocal,140219273705216,5105
calculate_histogram,437.2397358417511,1295.1283445358276,bigbrain_769_2412_2776.nii,bin-worker-3.novalocal,139824044427008,17176
calculate_histogram,1277.490401983261,2154.744879245758,bigbrain_769_0_1388.nii,bin-worker-8.novalocal,139891623053056,3941
read_img,306.78670620918274,432.9736981391907,bigbrain_0_2412_0.nii,bin-worker-2.novalocal,139669173954304,17182
read_img,306.931382894516,432.9735994338989,bigbrain_3076_0_1388.nii,bin-worker-2.novalocal,139668578367232,17182
read_img,307.67573738098145,430.1793100833893,bigbrain_769_1206_0.nii,bin-worker-3.novalocal,139824027641600,17176
flatten,433.08251094818115,433.0825152397156,bigbrain_769_603_1388.nii,bin-worker-5.novalocal,139770172794624,24154
read_img,306.56409907341003,434.7602562904358,bigbrain_1538_1809_2082.nii,bin-worker-5.novalocal,139770597029632,24154
read_img,306.5344383716583,434.86583280563354,bigbrain_3076_1206_0.nii,bin-worker-5.novalocal,139770147616512,24154
read_img,308.5830478668213,438.28716683387756,bigbrain_0_0_2776.nii,bin-worker-5.novalocal,139770181187328,24154
calculate_histogram,435.4545443058014,1297.9730865955353,bigbrain_769_0_694.nii,bin-worker-4.novalocal,139996757464832,10805
read_img,307.77901005744934,435.1212363243103,bigbrain_1538_1206_694.nii,bin-worker-3.novalocal,139823532734208,17176
flatten,396.08482694625854,396.0848321914673,bigbrain_3076_1809_694.nii,bin-worker-1.novalocal,140593691444992,14037
flatten,437.6688220500946,437.66882610321045,bigbrain_769_1809_694.nii,bin-worker-2.novalocal,139669131990784,17182
read_img,314.5076792240143,440.3367600440979,bigbrain_2307_603_2082.nii,bin-worker-2.novalocal,139669165561600,17182
read_img,307.5745873451233,437.4574933052063,bigbrain_2307_603_0.nii,bin-worker-8.novalocal,139891606267648,3941
read_img,307.4563539028168,435.1041440963745,bigbrain_1538_1809_2776.nii,bin-worker-4.novalocal,139996774250240,10805
read_img,307.67321014404297,435.1996638774872,bigbrain_3076_1809_1388.nii,bin-worker-4.novalocal,139996799428352,10805
read_img,307.54441499710083,437.45759749412537,bigbrain_1538_603_0.nii,bin-worker-8.novalocal,139892008683264,3941
flatten,439.0727334022522,439.0727481842041,bigbrain_3076_1809_2776.nii,bin-worker-8.novalocal,139892000290560,3941
read_img,321.7459955215454,441.8983232975006,bigbrain_0_603_1388.nii,bin-worker-3.novalocal,139824019248896,17176
read_img,312.59577441215515,442.0444874763489,bigbrain_769_0_1388.nii,bin-worker-8.novalocal,139891631445760,3941
read_img,316.8093328475952,442.1117718219757,bigbrain_769_603_2082.nii,bin-worker-4.novalocal,139996791035648,10805
flatten,1301.6631681919098,1301.663188457489,bigbrain_0_1206_0.nii,bin-worker-4.novalocal,139996757464832,10805
read_img,1290.5158143043518,1302.3108837604523,bigbrain_0_603_2082.nii,bin-worker-6.novalocal,140219231741696,5105
read_img,1290.6047868728638,1302.3573598861694,bigbrain_3076_1206_2082.nii,bin-worker-6.novalocal,140219248527104,5105
read_img,308.0559358596802,433.3869001865387,bigbrain_769_1206_2082.nii,bin-worker-6.novalocal,140219231741696,5105
calculate_histogram,1008.4090971946716,1733.788845539093,bigbrain_3076_1206_0.nii,bin-worker-5.novalocal,139770139223808,24154
flatten,1304.8024637699127,1304.8024682998657,bigbrain_1538_0_694.nii,bin-worker-6.novalocal,140219248527104,5105
calculate_histogram,448.23653197288513,1305.128119468689,bigbrain_3076_2412_2082.nii,bin-worker-7.novalocal,140182523193088,3490
flatten,1306.9991397857666,1306.9997022151947,bigbrain_3076_2412_694.nii,bin-worker-7.novalocal,140182523193088,3490
flatten,1308.4321010112762,1308.4321060180664,bigbrain_0_603_2082.nii,bin-worker-6.novalocal,140219231741696,5105
calculate_histogram,1449.2919917106628,2171.5335347652435,bigbrain_769_2412_1388.nii,bin-worker-1.novalocal,140593271404288,14037
read_img,307.66218614578247,437.4898011684418,bigbrain_2307_2412_1388.nii,bin-worker-7.novalocal,140182979491584,3490
calculate_histogram,488.9294340610504,1746.7661938667297,bigbrain_769_1809_694.nii,bin-worker-2.novalocal,139669165561600,17182
calculate_histogram,1438.764455795288,2176.570788860321,bigbrain_0_2412_2776.nii,bin-worker-7.novalocal,140182565156608,3490
read_img,330.6238446235657,456.4958939552307,bigbrain_2307_1809_2776.nii,bin-worker-6.novalocal,140219223348992,5105
flatten,2179.079488992691,2179.079493999481,bigbrain_3076_603_1388.nii,bin-worker-7.novalocal,140182548371200,3490
calculate_histogram,1362.9306190013885,2179.7309653759003,bigbrain_2307_1809_694.nii,bin-worker-1.novalocal,140593263011584,14037
read_img,307.93485713005066,442.8949236869812,bigbrain_2307_1206_0.nii,bin-worker-7.novalocal,140182565156608,3490
flatten,1752.8359818458557,1752.8359858989716,bigbrain_3076_1206_2776.nii,bin-worker-2.novalocal,139669165561600,17182
calculate_histogram,513.4813098907471,1326.2219951152802,bigbrain_0_603_0.nii,bin-worker-1.novalocal,140593246226176,14037
read_img,326.1324007511139,466.0111198425293,bigbrain_3076_2412_694.nii,bin-worker-7.novalocal,140182531585792,3490
calculate_histogram,551.1407790184021,1761.1067714691162,bigbrain_769_603_1388.nii,bin-worker-5.novalocal,139770605422336,24154
calculate_histogram,1402.295417547226,2192.0144641399384,bigbrain_2307_0_2082.nii,bin-worker-7.novalocal,140182531585792,3490
read_img,1762.5048532485962,1764.8351545333862,bigbrain_2307_603_694.nii,bin-worker-1.novalocal,140593683052288,14037
flatten,473.32959938049316,473.32960510253906,bigbrain_3076_603_0.nii,bin-worker-7.novalocal,140182979491584,3490
flatten,1768.1544072628021,1768.1544222831726,bigbrain_2307_603_694.nii,bin-worker-1.novalocal,140593229440768,14037
calculate_histogram,437.6682913303375,1339.2851638793945,bigbrain_769_1809_2776.nii,bin-worker-7.novalocal,140182556763904,3490
calculate_histogram,1399.3831629753113,2199.3180088996887,bigbrain_2307_0_2776.nii,bin-worker-2.novalocal,139669157168896,17182
flatten,483.70367527008057,483.70368242263794,bigbrain_1538_2412_1388.nii,bin-worker-7.novalocal,140182979491584,3490
read_img,410.64982652664185,485.8745439052582,bigbrain_1538_2412_0.nii,bin-worker-6.novalocal,140219265312512,5105
read_img,379.5892684459686,486.0503022670746,bigbrain_2307_0_2082.nii,bin-worker-7.novalocal,140182539978496,3490
read_img,441.7137145996094,486.10209488868713,bigbrain_769_1206_694.nii,bin-worker-2.novalocal,139669165561600,17182
calculate_histogram,1574.0901370048523,2204.534732580185,bigbrain_1538_0_1388.nii,bin-worker-8.novalocal,139891606267648,3941
flatten,487.4956376552582,487.4956431388855,bigbrain_769_1206_2776.nii,bin-worker-6.novalocal,140219265312512,5105
read_img,444.1342067718506,487.94427013397217,bigbrain_3076_2412_2776.nii,bin-worker-3.novalocal,139823532734208,17176
flatten,489.4285509586334,489.4285538196564,bigbrain_769_2412_2082.nii,bin-worker-6.novalocal,140219265312512,5105
flatten,490.09602999687195,490.0960350036621,bigbrain_3076_0_0.nii,bin-worker-3.novalocal,139823532734208,17176
flatten,490.72520875930786,490.72521448135376,bigbrain_769_1206_0.nii,bin-worker-3.novalocal,139823532734208,17176
flatten,491.2971212863922,491.2971360683441,bigbrain_1538_1206_694.nii,bin-worker-3.novalocal,139823532734208,17176
calculate_histogram,1453.617353439331,2210.9300832748413,bigbrain_1538_1809_1388.nii,bin-worker-8.novalocal,139891639838464,3941
calculate_histogram,1472.3606815338135,2212.8464634418488,bigbrain_2307_0_694.nii,bin-worker-7.novalocal,140182979491584,3490
calculate_histogram,1308.6758363246918,2214.507837295532,bigbrain_2307_1206_0.nii,bin-worker-7.novalocal,140182523193088,3490
calculate_histogram,481.25350761413574,1362.324711561203,bigbrain_1538_2412_694.nii,bin-worker-1.novalocal,140593263011584,14037
calculate_histogram,492.0862693786621,1363.83695602417,bigbrain_3076_0_0.nii,bin-worker-3.novalocal,139823532734208,17176
read_img,305.27865862846375,492.3216407299042,bigbrain_2307_1809_694.nii,bin-worker-1.novalocal,140593254618880,14037
read_img,305.2789056301117,495.29115319252014,bigbrain_769_603_0.nii,bin-worker-1.novalocal,140593246226176,14037
calculate_histogram,442.16992712020874,1366.461116552353,bigbrain_2307_1206_2776.nii,bin-worker-3.novalocal,139824027641600,17176
read_img,306.3050949573517,504.6684126853943,bigbrain_769_2412_1388.nii,bin-worker-1.novalocal,140593271404288,14037
flatten,1366.907965183258,1366.9079928398132,bigbrain_0_603_1388.nii,bin-worker-3.novalocal,139824027641600,17176
flatten,1367.8229577541351,1367.8229746818542,bigbrain_3076_2412_2776.nii,bin-worker-3.novalocal,139824027641600,17176
read_img,306.3055281639099,506.7639150619507,bigbrain_1538_0_1388.nii,bin-worker-1.novalocal,140593229440768,14037
read_img,305.2792601585388,495.8866367340088,bigbrain_0_2412_1388.nii,bin-worker-1.novalocal,140593683052288,14037
read_img,1366.8265249729156,1372.8726801872253,bigbrain_1538_1206_0.nii,bin-worker-3.novalocal,139823532734208,17176
calculate_histogram,1374.9582586288452,2232.364175081253,bigbrain_3076_2412_2776.nii,bin-worker-3.novalocal,139823532734208,17176
calculate_histogram,444.2547631263733,1377.755066871643,bigbrain_2307_1809_0.nii,bin-worker-3.novalocal,139824019248896,17176
flatten,515.8819692134857,515.8819744586945,bigbrain_769_603_694.nii,bin-worker-1.novalocal,140593271404288,14037
flatten,517.5444097518921,517.5444157123566,bigbrain_3076_1809_2082.nii,bin-worker-1.novalocal,140593229440768,14037
flatten,519.5617504119873,519.5617561340332,bigbrain_1538_603_694.nii,bin-worker-1.novalocal,140593683052288,14037
flatten,1382.7482867240906,1382.7482912540436,bigbrain_1538_1206_0.nii,bin-worker-3.novalocal,139824019248896,17176
flatten,523.1050269603729,523.1050322055817,bigbrain_3076_2412_1388.nii,bin-worker-1.novalocal,140593271404288,14037
calculate_histogram,480.5172553062439,1386.2970700263977,bigbrain_0_0_0.nii,bin-worker-7.novalocal,140182531585792,3490
calculate_histogram,1087.5316865444183,1818.169822692871,bigbrain_769_2412_2082.nii,bin-worker-6.novalocal,140219256919808,5105
flatten,527.4548425674438,527.4548470973969,bigbrain_0_2412_0.nii,bin-worker-1.novalocal,140593229440768,14037
read_img,461.4248778820038,530.829035282135,bigbrain_3076_0_694.nii,bin-worker-1.novalocal,140593237833472,14037
flatten,532.2244825363159,532.2245056629181,bigbrain_2307_1809_694.nii,bin-worker-1.novalocal,140593229440768,14037
calculate_histogram,429.5193889141083,1393.7124409675598,bigbrain_0_1809_694.nii,bin-worker-2.novalocal,139669157168896,17182
flatten,1395.5076715946198,1395.5076761245728,bigbrain_2307_0_2776.nii,bin-worker-2.novalocal,139669157168896,17182
read_img,1389.839453458786,1396.0247843265533,bigbrain_2307_1206_2082.nii,bin-worker-7.novalocal,140182531585792,3490
flatten,1397.4971442222595,1397.4971525669098,bigbrain_2307_0_2082.nii,bin-worker-7.novalocal,140182531585792,3490
flatten,2257.1659877300262,2257.166004419327,bigbrain_1538_1206_2776.nii,bin-worker-1.novalocal,140593263011584,14037
read_img,442.4479515552521,539.3833231925964,bigbrain_3076_1809_0.nii,bin-worker-4.novalocal,139996782642944,10805
flatten,1398.5823974609375,1398.5824043750763,bigbrain_0_2412_2776.nii,bin-worker-7.novalocal,140182531585792,3490
read_img,442.44803619384766,539.8372943401337,bigbrain_0_1206_0.nii,bin-worker-4.novalocal,139996765857536,10805
read_img,442.4478621482849,539.0161354541779,bigbrain_3076_1206_694.nii,bin-worker-4.novalocal,139996799428352,10805
flatten,1399.2877650260925,1399.2877688407898,bigbrain_2307_0_694.nii,bin-worker-7.novalocal,140182531585792,3490
read_img,487.6439311504364,540.1062655448914,bigbrain_2307_0_694.nii,bin-worker-7.novalocal,140182539978496,3490
read_img,487.62940406799316,540.8380281925201,bigbrain_0_2412_2776.nii,bin-worker-7.novalocal,140182979491584,3490
flatten,542.726320028305,542.7263247966766,bigbrain_2307_2412_1388.nii,bin-worker-7.novalocal,140182539978496,3490
calculate_histogram,1285.5091409683228,2263.287199497223,bigbrain_2307_603_2082.nii,bin-worker-2.novalocal,139668578367232,17182
calculate_histogram,533.0586845874786,1404.481278181076,bigbrain_3076_2412_1388.nii,bin-worker-1.novalocal,140593237833472,14037
flatten,1405.4871468544006,1405.4871826171875,bigbrain_769_603_0.nii,bin-worker-1.novalocal,140593237833472,14037
calculate_histogram,541.123183965683,1405.9221806526184,bigbrain_3076_603_694.nii,bin-worker-4.novalocal,139996782642944,10805
flatten,1406.4304282665253,1406.4313583374023,bigbrain_0_2412_1388.nii,bin-worker-1.novalocal,140593237833472,14037
read_img,441.29017186164856,548.8617327213287,bigbrain_1538_603_2082.nii,bin-worker-5.novalocal,139770605422336,24154
read_img,441.6264178752899,549.8475232124329,bigbrain_3076_0_2776.nii,bin-worker-5.novalocal,139770597029632,24154
read_img,441.7684588432312,550.1738395690918,bigbrain_769_1809_0.nii,bin-worker-5.novalocal,139770147616512,24154
read_img,441.2807614803314,549.5182044506073,bigbrain_0_0_694.nii,bin-worker-5.novalocal,139770181187328,24154
read_img,442.7993369102478,551.5002629756927,bigbrain_0_2412_2082.nii,bin-worker-8.novalocal,139891606267648,3941
read_img,442.8590278625488,552.5185198783875,bigbrain_1538_1809_1388.nii,bin-worker-8.novalocal,139892008683264,3941
read_img,442.80727648735046,552.6497895717621,bigbrain_3076_0_2082.nii,bin-worker-8.novalocal,139891631445760,3941
read_img,442.87384939193726,552.6759674549103,bigbrain_3076_603_1388.nii,bin-worker-8.novalocal,139892000290560,3941
calculate_histogram,511.98011589050293,1420.6042273044586,bigbrain_3076_1809_694.nii,bin-worker-1.novalocal,140593254618880,14037
calculate_histogram,553.3236322402954,1421.4028098583221,bigbrain_3076_1809_2776.nii,bin-worker-8.novalocal,139891631445760,3941
calculate_histogram,552.9852120876312,1422.267656803131,bigbrain_0_2412_694.nii,bin-worker-8.novalocal,139892000290560,3941
flatten,1422.2993249893188,1422.2993364334106,bigbrain_0_2412_2082.nii,bin-worker-8.novalocal,139891631445760,3941
flatten,1424.311928987503,1424.3119332790375,bigbrain_3076_0_2082.nii,bin-worker-8.novalocal,139891631445760,3941
calculate_histogram,1772.22207903862,2283.9974250793457,bigbrain_2307_603_694.nii,bin-worker-1.novalocal,140593691444992,14037
flatten,1426.0822007656097,1426.0822055339813,bigbrain_1538_1809_1388.nii,bin-worker-8.novalocal,139892000290560,3941
calculate_histogram,425.4217758178711,1428.7281241416931,bigbrain_1538_603_1388.nii,bin-worker-3.novalocal,139824061212416,17176
calculate_histogram,1370.5225858688354,2287.987426519394,bigbrain_0_603_1388.nii,bin-worker-3.novalocal,139824027641600,17176
calculate_histogram,1487.861934185028,2288.2259805202484,bigbrain_0_0_1388.nii,bin-worker-2.novalocal,139669182347008,17182
calculate_histogram,435.0729546546936,1431.28595662117,bigbrain_0_1809_2082.nii,bin-worker-2.novalocal,139669182347008,17182
calculate_histogram,443.3598289489746,1432.712278842926,bigbrain_769_0_2082.nii,bin-worker-2.novalocal,139669131990784,17182
calculate_histogram,430.4275326728821,1003.3833239078522,bigbrain_769_0_0.nii,bin-worker-5.novalocal,139770139223808,24154
calculate_histogram,1471.057822227478,2292.352116584778,bigbrain_2307_0_0.nii,bin-worker-3.novalocal,139824052819712,17176
flatten,1005.2444903850555,1005.2445659637451,bigbrain_3076_1206_0.nii,bin-worker-5.novalocal,139770139223808,24154
flatten,1006.3189718723297,1006.3189752101898,bigbrain_1538_1809_2082.nii,bin-worker-5.novalocal,139770139223808,24154
calculate_histogram,478.1463348865509,1437.5701863765717,bigbrain_3076_603_2082.nii,bin-worker-7.novalocal,140182565156608,3490
read_img,1431.671052455902,1439.7542762756348,bigbrain_2307_1206_694.nii,bin-worker-3.novalocal,139824061212416,17176
calculate_histogram,530.9621677398682,1441.094575881958,bigbrain_3076_1809_2082.nii,bin-worker-1.novalocal,140593271404288,14037
flatten,1444.6887979507446,1444.6888127326965,bigbrain_769_2412_1388.nii,bin-worker-1.novalocal,140593271404288,14037
flatten,1446.1490461826324,1446.1490607261658,bigbrain_1538_0_1388.nii,bin-worker-1.novalocal,140593271404288,14037
calculate_histogram,439.41860580444336,1447.7488985061646,bigbrain_2307_1809_2082.nii,bin-worker-3.novalocal,139824052819712,17176
read_img,1435.1847667694092,1451.8571767807007,bigbrain_0_0_1388.nii,bin-worker-2.novalocal,139669131990784,17182
read_img,1435.1846451759338,1452.2328300476074,bigbrain_769_1809_2082.nii,bin-worker-2.novalocal,139669182347008,17182
calculate_histogram,1644.9866070747375,2311.5808839797974,bigbrain_2307_1206_2082.nii,bin-worker-7.novalocal,140182539978496,3490
calculate_histogram,439.2178575992584,1453.083752155304,bigbrain_2307_1809_1388.nii,bin-worker-8.novalocal,139891639838464,3941
calculate_histogram,1275.5949521064758,1884.3573124408722,bigbrain_0_0_2776.nii,bin-worker-5.novalocal,139770172794624,24154
calculate_histogram,1205.9092359542847,1884.9047119617462,bigbrain_2307_1809_2776.nii,bin-worker-6.novalocal,140219223348992,5105
read_img,1444.8212280273438,1460.7357378005981,bigbrain_2307_0_0.nii,bin-worker-3.novalocal,139824061212416,17176
calculate_histogram,435.6438031196594,1462.2318198680878,bigbrain_1538_1809_0.nii,bin-worker-3.novalocal,139824069605120,17176
flatten,1465.6421248912811,1465.6421296596527,bigbrain_2307_0_0.nii,bin-worker-3.novalocal,139824069605120,17176
calculate_histogram,541.235673904419,1467.359970331192,bigbrain_3076_603_0.nii,bin-worker-7.novalocal,140182979491584,3490
read_img,1450.674442768097,1467.676159620285,bigbrain_1538_0_2082.nii,bin-worker-3.novalocal,139824052819712,17176
calculate_histogram,439.757248878479,1464.1794321537018,bigbrain_769_603_2776.nii,bin-worker-2.novalocal,139669140383488,17182
calculate_histogram,1287.6590027809143,1897.995186805725,bigbrain_0_0_694.nii,bin-worker-5.novalocal,139770147616512,24154
flatten,1468.7621054649353,1468.7621212005615,bigbrain_2307_1206_694.nii,bin-worker-3.novalocal,139824069605120,17176
calculate_histogram,541.128339767456,1474.4197804927826,bigbrain_769_2412_694.nii,bin-worker-4.novalocal,139996799428352,10805
flatten,1474.7792630195618,1474.7792665958405,bigbrain_769_1809_2082.nii,bin-worker-2.novalocal,139669140383488,17182
read_img,1452.9230313301086,1475.2704548835754,bigbrain_2307_603_694.nii,bin-worker-2.novalocal,139669131990784,17182
read_img,1452.9229419231415,1475.6598258018494,bigbrain_0_1206_2082.nii,bin-worker-2.novalocal,139669182347008,17182
flatten,1476.410127878189,1476.4101321697235,bigbrain_0_0_1388.nii,bin-worker-2.novalocal,139669140383488,17182
flatten,1478.2540953159332,1478.2541012763977,bigbrain_0_1206_2082.nii,bin-worker-2.novalocal,139669182347008,17182
read_img,1463.5966360569,1481.3831288814545,bigbrain_3076_2412_0.nii,bin-worker-3.novalocal,139824061212416,17176
calculate_histogram,1490.8032357692719,2341.3629853725433,bigbrain_1538_0_2082.nii,bin-worker-3.novalocal,139824069605120,17176
flatten,1484.6363327503204,1484.6363382339478,bigbrain_1538_0_2082.nii,bin-worker-3.novalocal,139824061212416,17176
flatten,1484.9044740200043,1484.904479265213,bigbrain_2307_603_694.nii,bin-worker-2.novalocal,139669182347008,17182
read_img,1470.9750678539276,1486.927918434143,bigbrain_1538_1206_2776.nii,bin-worker-3.novalocal,139824069605120,17176
read_img,1476.4103310108185,1487.5317611694336,bigbrain_3076_1206_2776.nii,bin-worker-2.novalocal,139669131990784,17182
flatten,1488.72864818573,1488.7286531925201,bigbrain_3076_2412_0.nii,bin-worker-3.novalocal,139824069605120,17176
calculate_histogram,1296.470482826233,2353.566074371338,bigbrain_1538_1206_694.nii,bin-worker-3.novalocal,139824044427008,17176
calculate_histogram,1998.4400634765625,2359.1003983020782,bigbrain_769_1809_0.nii,bin-worker-1.novalocal,140593683052288,14037
calculate_histogram,1247.2293074131012,1931.7440071105957,bigbrain_1538_2412_0.nii,bin-worker-6.novalocal,140219240134400,5105
calculate_histogram,1386.0436902046204,2364.9370427131653,bigbrain_1538_1206_0.nii,bin-worker-3.novalocal,139824019248896,17176
calculate_histogram,2182.3304800987244,2366.898400068283,bigbrain_3076_603_1388.nii,bin-worker-7.novalocal,140182548371200,3490
calculate_histogram,1305.0250070095062,1938.44970369339,bigbrain_2307_603_2776.nii,bin-worker-6.novalocal,140219248527104,5105
calculate_histogram,552.9915018081665,1509.131829738617,bigbrain_1538_2412_2082.nii,bin-worker-8.novalocal,139891606267648,3941
calculate_histogram,1291.764172077179,2370.4619133472443,bigbrain_769_1206_694.nii,bin-worker-2.novalocal,139669173954304,17182
calculate_histogram,1140.062830209732,1941.4599025249481,bigbrain_769_1206_2082.nii,bin-worker-6.novalocal,140215515608832,5105
calculate_histogram,1309.8275010585785,1943.2963409423828,bigbrain_1538_0_694.nii,bin-worker-6.novalocal,140219231741696,5105
calculate_histogram,423.61767053604126,1084.8618695735931,bigbrain_0_603_694.nii,bin-worker-6.novalocal,140219256919808,5105
flatten,1086.6854333877563,1086.6854372024536,bigbrain_769_1206_2082.nii,bin-worker-6.novalocal,140219256919808,5105
calculate_histogram,545.0319757461548,1516.9674334526062,bigbrain_2307_603_1388.nii,bin-worker-4.novalocal,139996765857536,10805
calculate_histogram,408.3035538196564,1088.9334213733673,bigbrain_2307_2412_694.nii,bin-worker-7.novalocal,140182548371200,3490
flatten,1091.2857551574707,1091.286202430725,bigbrain_2307_1206_0.nii,bin-worker-7.novalocal,140182548371200,3490
calculate_histogram,1161.7035775184631,1952.4692220687866,bigbrain_1538_1809_2082.nii,bin-worker-5.novalocal,139770164401920,24154
calculate_histogram,550.8021831512451,1525.4199929237366,bigbrain_0_1206_1388.nii,bin-worker-5.novalocal,139770597029632,24154
read_img,1526.7165229320526,1528.9788389205933,bigbrain_3076_0_694.nii,bin-worker-4.novalocal,139996765857536,10805
flatten,1532.0420684814453,1532.042073249817,bigbrain_3076_0_694.nii,bin-worker-4.novalocal,139996799428352,10805
read_img,1528.4332184791565,1532.0995371341705,bigbrain_1538_0_1388.nii,bin-worker-8.novalocal,139891606267648,3941
calculate_histogram,437.7908580303192,1537.9529812335968,bigbrain_1538_1206_1388.nii,bin-worker-5.novalocal,139770156009216,24154
flatten,1969.623121023178,1969.6231248378754,bigbrain_3076_1206_2082.nii,bin-worker-5.novalocal,139770147616512,24154
calculate_histogram,1489.0447540283203,2399.4306745529175,bigbrain_2307_1206_694.nii,bin-worker-3.novalocal,139824061212416,17176
calculate_histogram,1490.404867887497,2404.2826251983643,bigbrain_0_1206_2082.nii,bin-worker-2.novalocal,139669131990784,17182
flatten,1549.918185710907,1549.91819024086,bigbrain_1538_0_1388.nii,bin-worker-8.novalocal,139891606267648,3941
calculate_histogram,1327.3166007995605,1984.3691143989563,bigbrain_0_2412_0.nii,bin-worker-1.novalocal,140593246226176,14037
calculate_histogram,1539.022628545761,1984.7237141132355,bigbrain_3076_0_2776.nii,bin-worker-5.novalocal,139770156009216,24154
calculate_histogram,1682.691923379898,1986.289983510971,bigbrain_0_603_2082.nii,bin-worker-6.novalocal,140219273705216,5105
calculate_histogram,1757.6467831134796,2418.2351489067078,bigbrain_3076_1206_2776.nii,bin-worker-2.novalocal,139669165561600,17182
calculate_histogram,419.161199092865,1129.9947752952576,bigbrain_1538_2412_2776.nii,bin-worker-4.novalocal,139997153470208,10805
calculate_histogram,496.0739526748657,1560.5129659175873,bigbrain_2307_1206_1388.nii,bin-worker-1.novalocal,140593691444992,14037
calculate_histogram,1477.7242760658264,2421.242852449417,bigbrain_769_1809_2082.nii,bin-worker-2.novalocal,139669140383488,17182
flatten,1132.8098602294922,1132.8099298477173,bigbrain_1538_1809_2776.nii,bin-worker-4.novalocal,139997153470208,10805
flatten,1134.2674942016602,1134.267498254776,bigbrain_3076_1809_1388.nii,bin-worker-4.novalocal,139997153470208,10805
calculate_histogram,448.2396490573883,1137.5512347221375,bigbrain_769_2412_0.nii,bin-worker-6.novalocal,140215515608832,5105
flatten,1996.6887321472168,1996.6887364387512,bigbrain_769_1809_0.nii,bin-worker-1.novalocal,140593246226176,14037
calculate_histogram,543.7636709213257,1571.7291631698608,bigbrain_1538_2412_1388.nii,bin-worker-7.novalocal,140182539978496,3490
calculate_histogram,2257.43443608284,2434.101634502411,bigbrain_1538_1206_2776.nii,bin-worker-1.novalocal,140593229440768,14037
calculate_histogram,445.0777702331543,1575.9348533153534,bigbrain_1538_1206_2082.nii,bin-worker-7.novalocal,140182987884288,3490
calculate_histogram,2153.4408824443817,2438.6206319332123,bigbrain_3076_2412_0.nii,bin-worker-3.novalocal,139824036034304,17176
combine_histogram,2441.8785920143127,2441.906949043274,all_file,bin-worker-1.novalocal,140593237833472,14037
combine_histogram,2442.013226032257,2442.0439789295197,all_file,bin-worker-1.novalocal,140593237833472,14037
combine_histogram,2442.068676710129,2442.0850887298584,all_file,bin-worker-1.novalocal,140593237833472,14037
combine_histogram,2442.165357351303,2442.195322036743,all_file,bin-worker-1.novalocal,140593237833472,14037
combine_histogram,2442.248577594757,2442.2705385684967,all_file,bin-worker-1.novalocal,140593237833472,14037
combine_histogram,2442.294524669647,2442.3255643844604,all_file,bin-worker-1.novalocal,140593237833472,14037
combine_histogram,2442.3566105365753,2442.387050151825,all_file,bin-worker-1.novalocal,140593237833472,14037
combine_histogram,2442.424549341202,2442.4485099315643,all_file,bin-worker-1.novalocal,140593237833472,14037
combine_histogram,2442.47496342659,2442.501667737961,all_file,bin-worker-1.novalocal,140593237833472,14037
combine_histogram,2442.5193133354187,2442.542847633362,all_file,bin-worker-1.novalocal,140593237833472,14037
combine_histogram,2442.7674136161804,2442.7924654483795,all_file,bin-worker-1.novalocal,140593237833472,14037
combine_histogram,2442.8545768260956,2442.8800477981567,all_file,bin-worker-1.novalocal,140593237833472,14037
combine_histogram,2442.9100635051727,2442.933628320694,all_file,bin-worker-1.novalocal,140593237833472,14037
combine_histogram,2442.964590549469,2442.993425130844,all_file,bin-worker-1.novalocal,140593237833472,14037
combine_histogram,2443.0204541683197,2443.0403413772583,all_file,bin-worker-1.novalocal,140593237833472,14037
combine_histogram,2443.075076341629,2443.1017413139343,all_file,bin-worker-1.novalocal,140593237833472,14037
combine_histogram,2443.123762845993,2443.1482830047607,all_file,bin-worker-1.novalocal,140593237833472,14037
combine_histogram,2443.161519050598,2443.179432630539,all_file,bin-worker-1.novalocal,140593237833472,14037
calculate_histogram,409.4366064071655,1154.6840081214905,bigbrain_0_1206_2776.nii,bin-worker-3.novalocal,139824036034304,17176
combine_histogram,2443.2409117221832,2443.258502960205,all_file,bin-worker-1.novalocal,140593237833472,14037
combine_histogram,2443.2717196941376,2443.2931463718414,all_file,bin-worker-1.novalocal,140593237833472,14037
combine_histogram,2443.313841819763,2443.3462369441986,all_file,bin-worker-1.novalocal,140593237833472,14037
