calculate_histogram,2003.4545958042145,2634.8597333431244,bigbrain_769_1809_694.nii,bin-worker-6.novalocal,140254421964544,24857
read_img,2205.071370124817,2205.9299960136414,bigbrain_769_2412_1388.nii,bin-worker-4.novalocal,140449130284800,7228
flatten,2206.8196637630463,2206.914505958557,bigbrain_769_2412_1388.nii,bin-worker-4.novalocal,140449130284800,7228
calculate_histogram,2082.8626413345337,2641.5654582977295,bigbrain_769_603_2082.nii,bin-worker-6.novalocal,140254803543808,24857
calculate_histogram,2159.8937726020813,2654.728888988495,bigbrain_769_1809_2082.nii,bin-worker-6.novalocal,140254786496256,24857
calculate_histogram,1437.7857117652893,2225.947539329529,bigbrain_3076_1206_1388.nii,bin-worker-7.novalocal,140457467156224,29200
read_img,2227.326575279236,2228.5362520217896,bigbrain_769_2412_2082.nii,bin-worker-7.novalocal,140457467156224,29200
flatten,2228.742522716522,2228.8748013973236,bigbrain_769_2412_2082.nii,bin-worker-7.novalocal,140457467156224,29200
calculate_histogram,736.6140463352203,1371.8970482349396,bigbrain_2307_1206_0.nii,bin-worker-5.novalocal,139771422422784,20577
read_img,1373.1481244564056,1374.4781291484833,bigbrain_3076_0_694.nii,bin-worker-5.novalocal,139771422422784,20577
flatten,1374.7055263519287,1374.7930645942688,bigbrain_3076_0_694.nii,bin-worker-5.novalocal,139771422422784,20577
calculate_histogram,1459.200133562088,2239.315503358841,bigbrain_2307_603_2082.nii,bin-worker-4.novalocal,140448618231552,7228
read_img,2241.687397003174,2243.064492225647,bigbrain_769_603_694.nii,bin-worker-4.novalocal,140448618231552,7228
flatten,2243.7501888275146,2243.838998556137,bigbrain_769_603_694.nii,bin-worker-4.novalocal,140448618231552,7228
calculate_histogram,651.1057269573212,1384.9451203346252,bigbrain_1538_603_1388.nii,bin-worker-6.novalocal,140254786496256,24857
calculate_histogram,624.7248482704163,1386.469106912613,bigbrain_1538_603_2082.nii,bin-worker-5.novalocal,139771405637376,20577
read_img,1387.1565141677856,1387.919225692749,bigbrain_3076_1206_2082.nii,bin-worker-6.novalocal,140254786496256,24857
read_img,1387.4325115680695,1388.0982496738434,bigbrain_3076_1206_2776.nii,bin-worker-5.novalocal,139771405637376,20577
calculate_histogram,598.7558441162109,1388.3951261043549,bigbrain_1538_1206_694.nii,bin-worker-6.novalocal,140254803543808,24857
flatten,1388.084588766098,1388.1869776248932,bigbrain_3076_1206_2082.nii,bin-worker-6.novalocal,140254786496256,24857
flatten,1388.4025719165802,1388.613435268402,bigbrain_3076_1206_2776.nii,bin-worker-5.novalocal,139771405637376,20577
read_img,1390.2058608531952,1390.971361875534,bigbrain_3076_1809_1388.nii,bin-worker-6.novalocal,140254803543808,24857
flatten,1391.1500129699707,1391.362654209137,bigbrain_3076_1809_1388.nii,bin-worker-6.novalocal,140254803543808,24857
calculate_histogram,1627.4010243415833,2252.4495136737823,bigbrain_3076_2412_2082.nii,bin-worker-4.novalocal,140448643409664,7228
calculate_histogram,2138.744357585907,2682.3467915058136,bigbrain_769_0_0.nii,bin-worker-4.novalocal,140448609838848,7228
calculate_histogram,643.0597517490387,1397.0128059387207,bigbrain_1538_1206_2776.nii,bin-worker-7.novalocal,140457099126528,29200
calculate_histogram,722.0973525047302,1399.267914533615,bigbrain_2307_1206_2776.nii,bin-worker-6.novalocal,140254421964544,24857
read_img,1400.0990538597107,1400.7318739891052,bigbrain_3076_2412_0.nii,bin-worker-6.novalocal,140254421964544,24857
flatten,1401.5163176059723,1401.5795528888702,bigbrain_3076_2412_0.nii,bin-worker-6.novalocal,140254421964544,24857
read_img,1401.1391053199768,1402.4975185394287,bigbrain_2307_603_2776.nii,bin-worker-7.novalocal,140457099126528,29200
flatten,1403.493408203125,1403.5851049423218,bigbrain_2307_603_2776.nii,bin-worker-7.novalocal,140457099126528,29200
combine_histogram,2266.447978258133,2267.3948891162872,all_file,bin-worker-4.novalocal,140448643409664,7228
calculate_histogram,2036.9151265621185,2697.185669898987,bigbrain_769_0_1388.nii,bin-worker-7.novalocal,140457475548928,29200
combine_histogram,2268.4113245010376,2269.0398423671722,all_file,bin-worker-4.novalocal,140448643409664,7228
combine_histogram,2269.589764356613,2269.6305561065674,all_file,bin-worker-4.novalocal,140448643409664,7228
combine_histogram,2270.5205585956573,2270.640790939331,all_file,bin-worker-4.novalocal,140448643409664,7228
combine_histogram,2270.898025751114,2271.185235977173,all_file,bin-worker-4.novalocal,140448643409664,7228
combine_histogram,2271.9579360485077,2272.0989406108856,all_file,bin-worker-4.novalocal,140448643409664,7228
calculate_histogram,1513.3683261871338,2272.9799757003784,bigbrain_3076_1206_694.nii,bin-worker-4.novalocal,140448635016960,7228
combine_histogram,2272.843672513962,2273.0265362262726,all_file,bin-worker-4.novalocal,140448643409664,7228
calculate_histogram,1653.1326758861542,2274.3028700351715,bigbrain_3076_2412_2776.nii,bin-worker-7.novalocal,140457090733824,29200
read_img,2275.1993157863617,2277.551387310028,bigbrain_769_603_1388.nii,bin-worker-4.novalocal,140448635016960,7228
combine_histogram,2707.563593149185,2707.58500623703,all_file,bin-worker-5.novalocal,139771405637376,20577
combine_histogram,2707.6652722358704,2707.679224252701,all_file,bin-worker-5.novalocal,139771405637376,20577
combine_histogram,2707.7081010341644,2707.726809024811,all_file,bin-worker-5.novalocal,139771405637376,20577
combine_histogram,2707.741936445236,2707.751783847809,all_file,bin-worker-5.novalocal,139771405637376,20577
combine_histogram,2707.763664960861,2707.7964265346527,all_file,bin-worker-5.novalocal,139771405637376,20577
combine_histogram,2707.81413936615,2707.8485634326935,all_file,bin-worker-5.novalocal,139771405637376,20577
combine_histogram,2707.892182826996,2707.925994873047,all_file,bin-worker-5.novalocal,139771405637376,20577
flatten,2278.6586451530457,2278.7275035381317,bigbrain_769_603_1388.nii,bin-worker-4.novalocal,140448635016960,7228
calculate_histogram,2144.3552107810974,2708.7908148765564,bigbrain_769_1809_2776.nii,bin-worker-7.novalocal,140457099126528,29200
calculate_histogram,1276.6739535331726,1853.514242887497,bigbrain_3076_0_2776.nii,bin-worker-6.novalocal,140254811936512,24857
calculate_histogram,649.3559901714325,1424.9995501041412,bigbrain_1538_2412_1388.nii,bin-worker-7.novalocal,140457492334336,29200
combine_histogram,1855.246025800705,1855.693163394928,all_file,bin-worker-6.novalocal,140254811936512,24857
combine_histogram,1856.3296527862549,1856.5419511795044,all_file,bin-worker-6.novalocal,140254811936512,24857
read_img,1425.809338569641,1427.1006898880005,bigbrain_3076_0_2082.nii,bin-worker-7.novalocal,140457492334336,29200
combine_histogram,1856.9536645412445,1857.1131992340088,all_file,bin-worker-6.novalocal,140254811936512,24857
flatten,1427.9334523677826,1428.041528224945,bigbrain_3076_0_2082.nii,bin-worker-7.novalocal,140457492334336,29200
combine_histogram,1857.6161103248596,1858.431932926178,all_file,bin-worker-6.novalocal,140254811936512,24857
calculate_histogram,2068.99609375,2717.4861426353455,bigbrain_769_1206_0.nii,bin-worker-7.novalocal,140457492334336,29200
calculate_histogram,2138.610717535019,2718.0937190055847,bigbrain_769_0_694.nii,bin-worker-4.novalocal,140448626624256,7228
calculate_histogram,1262.1590735912323,1859.3181173801422,bigbrain_2307_2412_0.nii,bin-worker-7.novalocal,140457107519232,29200
combine_histogram,1858.8033044338226,1859.7635550498962,all_file,bin-worker-6.novalocal,140254811936512,24857
combine_histogram,1859.9869050979614,1860.0340514183044,all_file,bin-worker-6.novalocal,140254811936512,24857
combine_histogram,1860.5986847877502,1860.643260717392,all_file,bin-worker-6.novalocal,140254811936512,24857
read_img,2287.8517990112305,2290.1939964294434,bigbrain_769_603_0.nii,bin-worker-7.novalocal,140457090733824,29200
combine_histogram,1861.1587381362915,1861.7004330158234,all_file,bin-worker-6.novalocal,140254811936512,24857
flatten,2291.3741188049316,2291.5385439395905,bigbrain_769_603_0.nii,bin-worker-7.novalocal,140457090733824,29200
combine_histogram,1862.4928832054138,1862.640903711319,all_file,bin-worker-6.novalocal,140254811936512,24857
calculate_histogram,645.388454914093,1433.6529667377472,bigbrain_1538_1809_2082.nii,bin-worker-7.novalocal,140457467156224,29200
combine_histogram,1863.1787495613098,1863.2997810840607,all_file,bin-worker-6.novalocal,140254811936512,24857
combine_histogram,1863.6222784519196,1863.7176637649536,all_file,bin-worker-6.novalocal,140254811936512,24857
combine_histogram,1864.209386587143,1864.9363007545471,all_file,bin-worker-6.novalocal,140254811936512,24857
combine_histogram,1865.3965907096863,1865.7228696346283,all_file,bin-worker-6.novalocal,140254811936512,24857
read_img,1865.2095882892609,1866.0808959007263,bigbrain_3076_603_2082.nii,bin-worker-7.novalocal,140457107519232,29200
read_img,1435.6102857589722,1436.8927433490753,bigbrain_3076_1206_1388.nii,bin-worker-7.novalocal,140457467156224,29200
combine_histogram,1866.0668206214905,1866.7414133548737,all_file,bin-worker-6.novalocal,140254811936512,24857
calculate_histogram,1265.1359794139862,1866.904143333435,bigbrain_2307_603_0.nii,bin-worker-6.novalocal,140254820329216,24857
flatten,1437.3920595645905,1437.4604063034058,bigbrain_3076_1206_1388.nii,bin-worker-7.novalocal,140457467156224,29200
combine_histogram,1867.1941225528717,1867.3812131881714,all_file,bin-worker-6.novalocal,140254811936512,24857
calculate_histogram,1324.4361221790314,1867.6186385154724,bigbrain_3076_0_0.nii,bin-worker-5.novalocal,139771430815488,20577
flatten,1867.5327661037445,1867.630045890808,bigbrain_3076_603_2082.nii,bin-worker-7.novalocal,140457107519232,29200
combine_histogram,1867.7426912784576,1867.7830839157104,all_file,bin-worker-6.novalocal,140254811936512,24857
combine_histogram,1868.1051194667816,1868.1399586200714,all_file,bin-worker-6.novalocal,140254811936512,24857
combine_histogram,1868.2797951698303,1868.7272443771362,all_file,bin-worker-6.novalocal,140254811936512,24857
read_img,1868.1509590148926,1868.908863067627,bigbrain_3076_603_2776.nii,bin-worker-6.novalocal,140254820329216,24857
flatten,1869.1300508975983,1869.192526102066,bigbrain_3076_603_2776.nii,bin-worker-6.novalocal,140254820329216,24857
combine_histogram,1869.0887112617493,1869.3034975528717,all_file,bin-worker-6.novalocal,140254811936512,24857
combine_histogram,1869.4398217201233,1869.684876203537,all_file,bin-worker-6.novalocal,140254811936512,24857
combine_histogram,1869.9148557186127,1870.1406686306,all_file,bin-worker-6.novalocal,140254811936512,24857
read_img,1870.41277718544,1871.1820647716522,bigbrain_769_0_2776.nii,bin-worker-5.novalocal,139771430815488,20577
read_img,1870.4690337181091,1871.3506786823273,bigbrain_769_0_2082.nii,bin-worker-6.novalocal,140254811936512,24857
calculate_histogram,618.2143442630768,1442.093116760254,bigbrain_1538_1809_694.nii,bin-worker-5.novalocal,139771934484224,20577
calculate_histogram,1246.5629115104675,1871.8259918689728,bigbrain_2307_2412_1388.nii,bin-worker-6.novalocal,140254430357248,24857
flatten,1871.7178435325623,1871.8595175743103,bigbrain_769_0_2776.nii,bin-worker-5.novalocal,139771430815488,20577
flatten,1871.7512865066528,1871.839944601059,bigbrain_769_0_2082.nii,bin-worker-6.novalocal,140254811936512,24857
read_img,1442.7449696063995,1444.6039154529572,bigbrain_3076_1809_2082.nii,bin-worker-5.novalocal,139771934484224,20577
flatten,1445.2502045631409,1445.3800594806671,bigbrain_3076_1809_2082.nii,bin-worker-5.novalocal,139771934484224,20577
read_img,1872.982161283493,1874.734258890152,bigbrain_769_1206_1388.nii,bin-worker-6.novalocal,140254430357248,24857
calculate_histogram,17.308481216430664,586.3926827907562,bigbrain_0_0_2776.nii,bin-worker-5.novalocal,139771430815488,20577
flatten,1875.2059490680695,1875.2901287078857,bigbrain_769_1206_1388.nii,bin-worker-6.novalocal,140254430357248,24857
read_img,587.112966299057,588.7232496738434,bigbrain_1538_1809_0.nii,bin-worker-5.novalocal,139771430815488,20577
flatten,589.206255197525,589.2867293357849,bigbrain_1538_1809_0.nii,bin-worker-5.novalocal,139771430815488,20577
calculate_histogram,1759.5975139141083,2313.02126455307,bigbrain_3076_603_0.nii,bin-worker-5.novalocal,139771455993600,20577
calculate_histogram,25.15311288833618,595.9661943912506,bigbrain_0_2412_2776.nii,bin-worker-6.novalocal,140254803543808,24857
calculate_histogram,746.7953996658325,1455.5321629047394,bigbrain_2307_1809_2082.nii,bin-worker-6.novalocal,140254438749952,24857
calculate_histogram,700.2917256355286,1457.0796818733215,bigbrain_1538_603_2776.nii,bin-worker-4.novalocal,140448618231552,7228
read_img,597.0621137619019,598.0861659049988,bigbrain_1538_1206_694.nii,bin-worker-6.novalocal,140254803543808,24857
flatten,598.2704331874847,598.3615188598633,bigbrain_1538_1206_694.nii,bin-worker-6.novalocal,140254803543808,24857
read_img,1457.550782442093,1458.240121603012,bigbrain_2307_603_2082.nii,bin-worker-4.novalocal,140448618231552,7228
read_img,1457.333501815796,1458.2050471305847,bigbrain_3076_2412_694.nii,bin-worker-6.novalocal,140254438749952,24857
flatten,1458.6145107746124,1458.9174692630768,bigbrain_2307_603_2082.nii,bin-worker-4.novalocal,140448618231552,7228
flatten,1458.6880342960358,1458.9168000221252,bigbrain_3076_2412_694.nii,bin-worker-6.novalocal,140254438749952,24857
calculate_histogram,2229.3731257915497,2748.002909421921,bigbrain_769_2412_2082.nii,bin-worker-7.novalocal,140457467156224,29200
calculate_histogram,867.5005917549133,1460.8321015834808,bigbrain_2307_1809_2776.nii,bin-worker-5.novalocal,139771439208192,20577
combine_histogram,2325.0117452144623,2325.386915206909,all_file,bin-worker-4.novalocal,140448643409664,7228
read_img,1465.6603562831879,1466.5714666843414,bigbrain_3076_2412_1388.nii,bin-worker-5.novalocal,139771439208192,20577
combine_histogram,2326.111466884613,2326.149527311325,all_file,bin-worker-4.novalocal,140448643409664,7228
calculate_histogram,2106.089423418045,2755.752065181732,bigbrain_769_1206_694.nii,bin-worker-7.novalocal,140457458763520,29200
flatten,1466.9967267513275,1467.0789105892181,bigbrain_3076_2412_1388.nii,bin-worker-5.novalocal,139771439208192,20577
combine_histogram,2326.8033525943756,2326.9515981674194,all_file,bin-worker-4.novalocal,140448643409664,7228
calculate_histogram,24.91629981994629,609.3949208259583,bigbrain_0_1809_0.nii,bin-worker-6.novalocal,140254794888960,24857
combine_histogram,2327.2671372890472,2327.517381668091,all_file,bin-worker-4.novalocal,140448643409664,7228
combine_histogram,2328.132068157196,2328.1656329631805,all_file,bin-worker-4.novalocal,140448643409664,7228
combine_histogram,2328.801738023758,2328.8384494781494,all_file,bin-worker-4.novalocal,140448643409664,7228
calculate_histogram,2291.7033638954163,2758.777732372284,bigbrain_769_603_0.nii,bin-worker-7.novalocal,140457090733824,29200
read_img,611.052857875824,611.8460013866425,bigbrain_1538_1809_2776.nii,bin-worker-6.novalocal,140254794888960,24857
flatten,612.0458078384399,612.114645242691,bigbrain_1538_1809_2776.nii,bin-worker-6.novalocal,140254794888960,24857
combine_histogram,2329.889575958252,2330.3765132427216,all_file,bin-worker-4.novalocal,140448643409664,7228
calculate_histogram,17.419208765029907,613.8648171424866,bigbrain_0_2412_694.nii,bin-worker-5.novalocal,139771934484224,20577
read_img,615.6023740768433,616.757205247879,bigbrain_1538_1809_694.nii,bin-worker-5.novalocal,139771934484224,20577
flatten,617.1427221298218,617.2669565677643,bigbrain_1538_1809_694.nii,bin-worker-5.novalocal,139771934484224,20577
calculate_histogram,17.760320901870728,619.4804875850677,bigbrain_1538_0_2082.nii,bin-worker-5.novalocal,139771447600896,20577
calculate_histogram,17.960753917694092,620.4260301589966,bigbrain_0_2412_0.nii,bin-worker-5.novalocal,139771405637376,20577
read_img,620.4385573863983,621.1587328910828,bigbrain_1538_2412_2776.nii,bin-worker-5.novalocal,139771447600896,20577
flatten,621.8895597457886,622.1177072525024,bigbrain_1538_2412_2776.nii,bin-worker-5.novalocal,139771447600896,20577
calculate_histogram,17.533843755722046,622.2401430606842,bigbrain_0_603_2776.nii,bin-worker-5.novalocal,139771414030080,20577
calculate_histogram,662.1926798820496,1481.3637070655823,bigbrain_1538_603_694.nii,bin-worker-7.novalocal,140457458763520,29200
read_img,622.5687091350555,623.68443608284,bigbrain_1538_603_2082.nii,bin-worker-5.novalocal,139771405637376,20577
flatten,624.0772836208344,624.1817963123322,bigbrain_1538_603_2082.nii,bin-worker-5.novalocal,139771405637376,20577
read_img,1482.733370065689,1484.1995303630829,bigbrain_3076_1809_0.nii,bin-worker-7.novalocal,140457458763520,29200
read_img,624.9126896858215,625.6097841262817,bigbrain_2307_0_1388.nii,bin-worker-5.novalocal,139771414030080,20577
flatten,1484.7147614955902,1484.8233931064606,bigbrain_3076_1809_0.nii,bin-worker-7.novalocal,140457458763520,29200
flatten,625.9563684463501,626.0448451042175,bigbrain_2307_0_1388.nii,bin-worker-5.novalocal,139771414030080,20577
calculate_histogram,25.288314819335938,627.2748169898987,bigbrain_1538_0_1388.nii,bin-worker-6.novalocal,140254820329216,24857
calculate_histogram,2207.0086436271667,2774.8380291461945,bigbrain_769_2412_1388.nii,bin-worker-4.novalocal,140449130284800,7228
combine_histogram,2776.2937092781067,2776.3368322849274,all_file,bin-worker-6.novalocal,140254421964544,24857
combine_histogram,2776.3800930976868,2776.4085128307343,all_file,bin-worker-6.novalocal,140254421964544,24857
combine_histogram,2776.4442162513733,2776.464485168457,all_file,bin-worker-6.novalocal,140254421964544,24857
combine_histogram,2776.4855864048004,2776.509977579117,all_file,bin-worker-6.novalocal,140254421964544,24857
combine_histogram,2776.5402994155884,2776.562965631485,all_file,bin-worker-6.novalocal,140254421964544,24857
combine_histogram,2776.5754697322845,2776.589852333069,all_file,bin-worker-6.novalocal,140254421964544,24857
combine_histogram,2776.6021163463593,2776.625545024872,all_file,bin-worker-6.novalocal,140254421964544,24857
read_img,628.9629368782043,629.901034116745,bigbrain_1538_2412_2082.nii,bin-worker-6.novalocal,140254820329216,24857
flatten,630.464396238327,630.5202267169952,bigbrain_1538_2412_2082.nii,bin-worker-6.novalocal,140254820329216,24857
calculate_histogram,2155.63663482666,2781.5911180973053,bigbrain_769_1206_2776.nii,bin-worker-4.novalocal,140449138677504,7228
calculate_histogram,1375.1889202594757,1923.1106979846954,bigbrain_3076_0_694.nii,bin-worker-5.novalocal,139771422422784,20577
combine_histogram,2783.220310688019,2783.263060092926,all_file,bin-worker-7.novalocal,140457467156224,29200
combine_histogram,2783.305283308029,2783.350857257843,all_file,bin-worker-7.novalocal,140457467156224,29200
combine_histogram,2783.3839540481567,2783.4218769073486,all_file,bin-worker-7.novalocal,140457467156224,29200
combine_histogram,2783.4371716976166,2783.4736137390137,all_file,bin-worker-7.novalocal,140457467156224,29200
combine_histogram,2783.525351047516,2783.5693004131317,all_file,bin-worker-7.novalocal,140457467156224,29200
combine_histogram,2783.5846757888794,2783.620197534561,all_file,bin-worker-7.novalocal,140457467156224,29200
combine_histogram,2783.648258447647,2783.68412399292,all_file,bin-worker-7.novalocal,140457467156224,29200
read_img,1924.1937320232391,1924.977846622467,bigbrain_769_1206_2082.nii,bin-worker-5.novalocal,139771422422784,20577
flatten,1925.68661570549,1925.8834698200226,bigbrain_769_1206_2082.nii,bin-worker-5.novalocal,139771422422784,20577
calculate_histogram,18.189087629318237,640.0888891220093,bigbrain_1538_0_694.nii,bin-worker-7.novalocal,140457099126528,29200
calculate_histogram,19.112686157226562,641.0320463180542,bigbrain_0_1206_0.nii,bin-worker-7.novalocal,140457467156224,29200
read_img,641.2601702213287,642.2688581943512,bigbrain_1538_1206_2776.nii,bin-worker-7.novalocal,140457099126528,29200
flatten,642.472980260849,642.5554506778717,bigbrain_1538_1206_2776.nii,bin-worker-7.novalocal,140457099126528,29200
calculate_histogram,18.860488653182983,642.5484349727631,bigbrain_1538_0_0.nii,bin-worker-7.novalocal,140457492334336,29200
read_img,642.8706934452057,643.9468150138855,bigbrain_1538_1809_2082.nii,bin-worker-7.novalocal,140457467156224,29200
calculate_histogram,692.3477725982666,1503.1580827236176,bigbrain_1538_2412_694.nii,bin-worker-4.novalocal,140448626624256,7228
flatten,644.4436602592468,644.7080371379852,bigbrain_1538_1809_2082.nii,bin-worker-7.novalocal,140457467156224,29200
calculate_histogram,671.8602559566498,1504.7607252597809,bigbrain_1538_1809_1388.nii,bin-worker-4.novalocal,140449138677504,7228
read_img,1504.416759967804,1505.3868072032928,bigbrain_3076_0_1388.nii,bin-worker-4.novalocal,140448626624256,7228
flatten,1506.093730211258,1506.174729347229,bigbrain_3076_0_1388.nii,bin-worker-4.novalocal,140448626624256,7228
read_img,646.018764257431,647.4795529842377,bigbrain_1538_2412_1388.nii,bin-worker-7.novalocal,140457492334336,29200
calculate_histogram,25.175148963928223,648.018230676651,bigbrain_0_0_2082.nii,bin-worker-6.novalocal,140254786496256,24857
calculate_histogram,18.129594564437866,648.9956421852112,bigbrain_0_2412_2082.nii,bin-worker-7.novalocal,140457475548928,29200
flatten,648.3124341964722,648.5254306793213,bigbrain_1538_2412_1388.nii,bin-worker-7.novalocal,140457492334336,29200
read_img,1506.4264500141144,1507.8770418167114,bigbrain_3076_1206_0.nii,bin-worker-4.novalocal,140449138677504,7228
flatten,1508.7976257801056,1508.8703963756561,bigbrain_3076_1206_0.nii,bin-worker-4.novalocal,140449138677504,7228
read_img,649.3281223773956,650.3768632411957,bigbrain_1538_603_1388.nii,bin-worker-6.novalocal,140254786496256,24857
flatten,650.640044927597,650.737368106842,bigbrain_1538_603_1388.nii,bin-worker-6.novalocal,140254786496256,24857
read_img,650.1199057102203,651.9757463932037,bigbrain_1538_603_0.nii,bin-worker-7.novalocal,140457475548928,29200
calculate_histogram,796.3394372463226,1511.2507150173187,bigbrain_2307_1809_0.nii,bin-worker-4.novalocal,140448635016960,7228
flatten,652.4436521530151,652.5775578022003,bigbrain_1538_603_0.nii,bin-worker-7.novalocal,140457475548928,29200
read_img,1511.8162016868591,1512.7829518318176,bigbrain_3076_1206_694.nii,bin-worker-4.novalocal,140448635016960,7228
flatten,1513.1866571903229,1513.2485690116882,bigbrain_3076_1206_694.nii,bin-worker-4.novalocal,140448635016960,7228
calculate_histogram,18.7215633392334,656.2487959861755,bigbrain_0_0_1388.nii,bin-worker-7.novalocal,140457107519232,29200
calculate_histogram,19.609357118606567,657.0670139789581,bigbrain_0_0_694.nii,bin-worker-4.novalocal,140449130284800,7228
calculate_histogram,1652.8881042003632,2375.5152151584625,bigbrain_3076_1809_694.nii,bin-worker-7.novalocal,140457483941632,29200
calculate_histogram,17.920191287994385,658.8146088123322,bigbrain_0_1809_2776.nii,bin-worker-7.novalocal,140457458763520,29200
read_img,660.1086993217468,661.2531275749207,bigbrain_1538_603_694.nii,bin-worker-7.novalocal,140457458763520,29200
read_img,660.1329662799835,661.4313631057739,bigbrain_2307_0_2776.nii,bin-worker-7.novalocal,140457107519232,29200
read_img,660.4643769264221,661.4872171878815,bigbrain_1538_1206_2082.nii,bin-worker-4.novalocal,140449130284800,7228
flatten,661.8112516403198,661.8848729133606,bigbrain_1538_603_694.nii,bin-worker-7.novalocal,140457458763520,29200
flatten,661.9020981788635,662.0465109348297,bigbrain_2307_0_2776.nii,bin-worker-7.novalocal,140457107519232,29200
flatten,662.2613077163696,662.3889136314392,bigbrain_1538_1206_2082.nii,bin-worker-4.novalocal,140449130284800,7228
calculate_histogram,20.810991525650024,665.8248193264008,bigbrain_0_2412_1388.nii,bin-worker-4.novalocal,140449138677504,7228
combine_histogram,2383.943657875061,2384.1281027793884,all_file,bin-worker-5.novalocal,139771455993600,20577
calculate_histogram,2244.0487027168274,2813.9113092422485,bigbrain_769_603_694.nii,bin-worker-4.novalocal,140448618231552,7228
calculate_histogram,1205.3347129821777,1955.201619386673,bigbrain_2307_603_1388.nii,bin-worker-5.novalocal,139771447600896,20577
combine_histogram,2384.84507894516,2385.1401405334473,all_file,bin-worker-5.novalocal,139771455993600,20577
combine_histogram,2385.621555328369,2385.644830942154,all_file,bin-worker-5.novalocal,139771455993600,20577
combine_histogram,2385.8125145435333,2385.876683950424,all_file,bin-worker-5.novalocal,139771455993600,20577
combine_histogram,2386.125108718872,2386.1455767154694,all_file,bin-worker-5.novalocal,139771455993600,20577
combine_histogram,2386.4699885845184,2386.6946063041687,all_file,bin-worker-5.novalocal,139771455993600,20577
combine_histogram,2387.198101758957,2387.313131093979,all_file,bin-worker-5.novalocal,139771455993600,20577
read_img,1956.885479927063,1957.7156705856323,bigbrain_769_1809_1388.nii,bin-worker-5.novalocal,139771447600896,20577
flatten,1958.2647202014923,1958.6904578208923,bigbrain_769_1809_1388.nii,bin-worker-5.novalocal,139771447600896,20577
calculate_histogram,20.361724376678467,670.1829180717468,bigbrain_0_0_0.nii,bin-worker-4.novalocal,140448609838848,7228
read_img,669.7805478572845,671.030002117157,bigbrain_1538_1809_1388.nii,bin-worker-4.novalocal,140449138677504,7228
flatten,671.7278738021851,671.800454378128,bigbrain_1538_1809_1388.nii,bin-worker-4.novalocal,140449138677504,7228
read_img,671.800089597702,672.8835146427155,bigbrain_1538_2412_0.nii,bin-worker-4.novalocal,140448609838848,7228
flatten,674.3576238155365,674.4712681770325,bigbrain_1538_2412_0.nii,bin-worker-4.novalocal,140448609838848,7228
calculate_histogram,2278.882005929947,2822.2993364334106,bigbrain_769_603_1388.nii,bin-worker-4.novalocal,140448635016960,7228
combine_histogram,2822.59813952446,2822.6385231018066,all_file,bin-worker-4.novalocal,140449130284800,7228
combine_histogram,2822.6849195957184,2822.7207448482513,all_file,bin-worker-4.novalocal,140449130284800,7228
combine_histogram,2822.7341134548187,2822.7659327983856,all_file,bin-worker-4.novalocal,140449130284800,7228
combine_histogram,2822.806549549103,2822.8445143699646,all_file,bin-worker-4.novalocal,140449130284800,7228
combine_histogram,2823.2466547489166,2823.288705587387,all_file,bin-worker-4.novalocal,140448643409664,7228
combine_histogram,2823.323481321335,2823.351504802704,all_file,bin-worker-4.novalocal,140448643409664,7228
combine_histogram,2823.365581512451,2823.3868470191956,all_file,bin-worker-4.novalocal,140448643409664,7228
combine_histogram,2823.4015352725983,2823.429316997528,all_file,bin-worker-4.novalocal,140448643409664,7228
combine_histogram,2823.444325685501,2823.469710111618,all_file,bin-worker-4.novalocal,140448643409664,7228
combine_histogram,2823.5011348724365,2823.5234637260437,all_file,bin-worker-4.novalocal,140448643409664,7228
combine_histogram,2823.567500114441,2823.5968248844147,all_file,bin-worker-4.novalocal,140448643409664,7228
combine_histogram,2823.873914718628,2823.904994726181,all_file,bin-worker-4.novalocal,140448609838848,7228
save_histogram,2824.2051804065704,2824.3112535476685,all_file,driver.novalocal,140029472601920,15753
calculate_histogram,1341.6088399887085,1967.2542943954468,bigbrain_2307_2412_2776.nii,bin-worker-4.novalocal,140448651802368,7228
calculate_histogram,1766.6930358409882,2398.1854815483093,bigbrain_3076_603_694.nii,bin-worker-5.novalocal,139771414030080,20577
read_img,1968.670377254486,1970.1302816867828,bigbrain_3076_603_1388.nii,bin-worker-4.novalocal,140448651802368,7228
flatten,1970.5962316989899,1970.6872107982635,bigbrain_3076_603_1388.nii,bin-worker-4.novalocal,140448651802368,7228
calculate_histogram,25.252298831939697,687.3577153682709,bigbrain_0_1809_694.nii,bin-worker-6.novalocal,140254430357248,24857
calculate_histogram,19.64579725265503,689.2692310810089,bigbrain_0_603_0.nii,bin-worker-4.novalocal,140448626624256,7228
read_img,688.882700920105,689.9949038028717,bigbrain_2307_0_0.nii,bin-worker-6.novalocal,140254430357248,24857
flatten,690.247661113739,690.3849370479584,bigbrain_2307_0_0.nii,bin-worker-6.novalocal,140254430357248,24857
read_img,690.0029656887054,691.5231928825378,bigbrain_1538_2412_694.nii,bin-worker-4.novalocal,140448626624256,7228
flatten,691.6766674518585,691.7861034870148,bigbrain_1538_2412_694.nii,bin-worker-4.novalocal,140448626624256,7228
calculate_histogram,1266.8560886383057,1981.3198778629303,bigbrain_2307_603_694.nii,bin-worker-6.novalocal,140254794888960,24857
calculate_histogram,1872.2719917297363,2411.366077899933,bigbrain_769_0_2776.nii,bin-worker-5.novalocal,139771430815488,20577
read_img,1983.1024503707886,1984.0367803573608,bigbrain_769_1809_0.nii,bin-worker-6.novalocal,140254794888960,24857
flatten,1984.2753102779388,1984.3548090457916,bigbrain_769_1809_0.nii,bin-worker-6.novalocal,140254794888960,24857
calculate_histogram,19.867981433868408,697.1968281269073,bigbrain_1538_0_2776.nii,bin-worker-4.novalocal,140448618231552,7228
read_img,698.1195645332336,699.1563200950623,bigbrain_1538_603_2776.nii,bin-worker-4.novalocal,140448618231552,7228
flatten,699.3788318634033,699.5088956356049,bigbrain_1538_603_2776.nii,bin-worker-4.novalocal,140448618231552,7228
calculate_histogram,20.12523055076599,700.8470234870911,bigbrain_0_1206_2776.nii,bin-worker-4.novalocal,140448651802368,7228
calculate_histogram,25.1984703540802,701.126540184021,bigbrain_0_603_2082.nii,bin-worker-6.novalocal,140254811936512,24857
read_img,701.6067056655884,702.4280030727386,bigbrain_2307_0_694.nii,bin-worker-6.novalocal,140254811936512,24857
flatten,702.6128182411194,702.7004172801971,bigbrain_2307_0_694.nii,bin-worker-6.novalocal,140254811936512,24857
read_img,702.5751430988312,703.3681030273438,bigbrain_2307_0_2082.nii,bin-worker-4.novalocal,140448651802368,7228
flatten,703.9776110649109,704.162930727005,bigbrain_2307_0_2082.nii,bin-worker-4.novalocal,140448651802368,7228
calculate_histogram,1388.7334024906158,1995.9579067230225,bigbrain_3076_1206_2776.nii,bin-worker-5.novalocal,139771405637376,20577
combine_histogram,1996.3989355564117,1996.7327718734741,all_file,bin-worker-5.novalocal,139771405637376,20577
combine_histogram,1997.4647252559662,1998.457442522049,all_file,bin-worker-5.novalocal,139771405637376,20577
combine_histogram,1998.8768465518951,1999.0979046821594,all_file,bin-worker-5.novalocal,139771405637376,20577
calculate_histogram,662.6405403614044,1569.7748663425446,bigbrain_1538_1206_2082.nii,bin-worker-4.novalocal,140449130284800,7228
combine_histogram,1999.2888579368591,1999.3728094100952,all_file,bin-worker-5.novalocal,139771405637376,20577
combine_histogram,1999.8224532604218,2000.2357964515686,all_file,bin-worker-5.novalocal,139771405637376,20577
combine_histogram,2000.3685083389282,2000.5516471862793,all_file,bin-worker-5.novalocal,139771405637376,20577
calculate_histogram,1402.031508922577,2000.7841551303864,bigbrain_3076_2412_0.nii,bin-worker-6.novalocal,140254421964544,24857
read_img,1570.5635933876038,1572.1231479644775,bigbrain_3076_1809_2776.nii,bin-worker-4.novalocal,140449130284800,7228
combine_histogram,2001.3525142669678,2001.8348009586334,all_file,bin-worker-5.novalocal,139771405637376,20577
flatten,1572.3375527858734,1572.433919429779,bigbrain_3076_1809_2776.nii,bin-worker-4.novalocal,140449130284800,7228
read_img,2001.8181464672089,2002.5996224880219,bigbrain_769_1809_694.nii,bin-worker-6.novalocal,140254421964544,24857
flatten,2002.8223254680634,2002.9297280311584,bigbrain_769_1809_694.nii,bin-worker-6.novalocal,140254421964544,24857
read_img,2003.1985738277435,2003.9653615951538,bigbrain_769_2412_0.nii,bin-worker-5.novalocal,139771405637376,20577
flatten,2004.2521257400513,2004.4906001091003,bigbrain_769_2412_0.nii,bin-worker-5.novalocal,139771405637376,20577
calculate_histogram,25.0971257686615,719.5419528484344,bigbrain_1538_1206_0.nii,bin-worker-6.novalocal,140254421964544,24857
read_img,720.3530702590942,721.2236382961273,bigbrain_2307_1206_2776.nii,bin-worker-6.novalocal,140254421964544,24857
flatten,721.7024827003479,721.819509267807,bigbrain_2307_1206_2776.nii,bin-worker-6.novalocal,140254421964544,24857
calculate_histogram,1459.2719173431396,2020.1178460121155,bigbrain_3076_2412_694.nii,bin-worker-6.novalocal,140254438749952,24857
calculate_histogram,17.26665472984314,731.7993679046631,bigbrain_0_1809_1388.nii,bin-worker-5.novalocal,139771422422784,20577
read_img,2021.6805510520935,2022.9805128574371,bigbrain_769_2412_2776.nii,bin-worker-6.novalocal,140254438749952,24857
flatten,2023.1753561496735,2023.2863330841064,bigbrain_769_2412_2776.nii,bin-worker-6.novalocal,140254438749952,24857
read_img,734.9571874141693,735.6337494850159,bigbrain_2307_1206_0.nii,bin-worker-5.novalocal,139771422422784,20577
flatten,736.114333152771,736.2958467006683,bigbrain_2307_1206_0.nii,bin-worker-5.novalocal,139771422422784,20577
calculate_histogram,626.4351768493652,1170.3278665542603,bigbrain_2307_0_1388.nii,bin-worker-5.novalocal,139771414030080,20577
calculate_histogram,25.23707413673401,742.4653317928314,bigbrain_0_1206_1388.nii,bin-worker-6.novalocal,140254438749952,24857
calculate_histogram,1329.7586414813995,2032.3096327781677,bigbrain_2307_2412_694.nii,bin-worker-7.novalocal,140457475548928,29200
read_img,1172.8012745380402,1173.845496892929,bigbrain_2307_2412_2082.nii,bin-worker-5.novalocal,139771414030080,20577
flatten,1174.2763350009918,1174.3803882598877,bigbrain_2307_2412_2082.nii,bin-worker-5.novalocal,139771414030080,20577
read_img,744.5342254638672,746.101316690445,bigbrain_2307_1809_2082.nii,bin-worker-6.novalocal,140254438749952,24857
flatten,746.3734650611877,746.4778802394867,bigbrain_2307_1809_2082.nii,bin-worker-6.novalocal,140254438749952,24857
read_img,2034.2213096618652,2035.5664310455322,bigbrain_769_0_1388.nii,bin-worker-7.novalocal,140457475548928,29200
flatten,2036.0595786571503,2036.132951259613,bigbrain_769_0_1388.nii,bin-worker-7.novalocal,140457475548928,29200
calculate_histogram,1869.4459083080292,2468.0490255355835,bigbrain_3076_603_2776.nii,bin-worker-6.novalocal,140254820329216,24857
calculate_histogram,1467.7120954990387,2047.3938126564026,bigbrain_3076_2412_1388.nii,bin-worker-5.novalocal,139771439208192,20577
read_img,2048.630417585373,2049.838137149811,bigbrain_769_2412_694.nii,bin-worker-5.novalocal,139771439208192,20577
flatten,2050.1337525844574,2050.1889293193817,bigbrain_769_2412_694.nii,bin-worker-5.novalocal,139771439208192,20577
calculate_histogram,789.1789863109589,1623.40061545372,bigbrain_2307_1206_1388.nii,bin-worker-4.novalocal,140448643409664,7228
calculate_histogram,2005.3897471427917,2482.7515819072723,bigbrain_769_2412_0.nii,bin-worker-5.novalocal,139771405637376,20577
calculate_histogram,622.3545894622803,1195.732794046402,bigbrain_1538_2412_2776.nii,bin-worker-5.novalocal,139771447600896,20577
read_img,1624.6094539165497,1626.2896251678467,bigbrain_3076_2412_2082.nii,bin-worker-4.novalocal,140448643409664,7228
flatten,1626.6938967704773,1626.8326046466827,bigbrain_3076_2412_2082.nii,bin-worker-4.novalocal,140448643409664,7228
combine_histogram,1197.160172700882,1197.4340062141418,all_file,bin-worker-5.novalocal,139771447600896,20577
combine_histogram,1197.6615409851074,1198.0860810279846,all_file,bin-worker-5.novalocal,139771447600896,20577
combine_histogram,1198.2594368457794,1198.542807340622,all_file,bin-worker-5.novalocal,139771447600896,20577
combine_histogram,1198.7552802562714,1198.7959315776825,all_file,bin-worker-5.novalocal,139771447600896,20577
combine_histogram,1199.0711987018585,1199.1095168590546,all_file,bin-worker-5.novalocal,139771447600896,20577
combine_histogram,1199.3012986183167,1199.3421721458435,all_file,bin-worker-5.novalocal,139771447600896,20577
combine_histogram,1199.545877456665,1199.829950094223,all_file,bin-worker-5.novalocal,139771447600896,20577
calculate_histogram,1428.1979880332947,2061.968621969223,bigbrain_3076_0_2082.nii,bin-worker-7.novalocal,140457492334336,29200
read_img,1202.9811298847198,1204.441874742508,bigbrain_2307_603_1388.nii,bin-worker-5.novalocal,139771447600896,20577
flatten,1205.0083305835724,1205.0744709968567,bigbrain_2307_603_1388.nii,bin-worker-5.novalocal,139771447600896,20577
calculate_histogram,1872.3213448524475,2494.6829862594604,bigbrain_769_0_2082.nii,bin-worker-6.novalocal,140254811936512,24857
read_img,2066.8013186454773,2068.2201223373413,bigbrain_769_1206_0.nii,bin-worker-7.novalocal,140457492334336,29200
flatten,2068.554418325424,2068.698370695114,bigbrain_769_1206_0.nii,bin-worker-7.novalocal,140457492334336,29200
calculate_histogram,1867.901654958725,2499.038192510605,bigbrain_3076_603_2082.nii,bin-worker-7.novalocal,140457107519232,29200
calculate_histogram,20.078946590423584,782.6740136146545,bigbrain_0_1809_2082.nii,bin-worker-4.novalocal,140448643409664,7228
calculate_histogram,1391.5626094341278,2075.8640286922455,bigbrain_3076_1809_1388.nii,bin-worker-6.novalocal,140254803543808,24857
read_img,786.6962852478027,787.9213733673096,bigbrain_2307_1206_1388.nii,bin-worker-4.novalocal,140448643409664,7228
combine_histogram,2076.821664571762,2076.957825422287,all_file,bin-worker-6.novalocal,140254803543808,24857
calculate_histogram,802.2031168937683,1647.5128741264343,bigbrain_2307_1206_2082.nii,bin-worker-7.novalocal,140457090733824,29200
calculate_histogram,19.67660140991211,789.016391992569,bigbrain_0_603_694.nii,bin-worker-4.novalocal,140448635016960,7228
combine_histogram,2077.38539147377,2077.521157979965,all_file,bin-worker-6.novalocal,140254803543808,24857
flatten,788.7867429256439,788.8802218437195,bigbrain_2307_1206_1388.nii,bin-worker-4.novalocal,140448643409664,7228
combine_histogram,2077.908745288849,2078.24663066864,all_file,bin-worker-6.novalocal,140254803543808,24857
combine_histogram,2078.567718029022,2078.768926858902,all_file,bin-worker-6.novalocal,140254803543808,24857
calculate_histogram,834.5534937381744,1649.1918563842773,bigbrain_2307_1809_1388.nii,bin-worker-7.novalocal,140457483941632,29200
combine_histogram,2079.035659313202,2079.4213740825653,all_file,bin-worker-6.novalocal,140254803543808,24857
combine_histogram,2079.867026567459,2080.0372960567474,all_file,bin-worker-6.novalocal,140254803543808,24857
combine_histogram,2080.4449977874756,2080.913328886032,all_file,bin-worker-6.novalocal,140254803543808,24857
read_img,1649.933513879776,1651.2985677719116,bigbrain_3076_1809_694.nii,bin-worker-7.novalocal,140457483941632,29200
read_img,1649.9389734268188,1651.9726731777191,bigbrain_3076_2412_2776.nii,bin-worker-7.novalocal,140457090733824,29200
flatten,1652.3797073364258,1652.4600479602814,bigbrain_3076_1809_694.nii,bin-worker-7.novalocal,140457483941632,29200
read_img,2081.350724697113,2082.1682126522064,bigbrain_769_603_2082.nii,bin-worker-6.novalocal,140254803543808,24857
flatten,1652.6706357002258,1652.8341300487518,bigbrain_3076_2412_2776.nii,bin-worker-7.novalocal,140457090733824,29200
flatten,2082.4003553390503,2082.5236592292786,bigbrain_769_603_2082.nii,bin-worker-6.novalocal,140254803543808,24857
read_img,793.216281414032,794.7513329982758,bigbrain_2307_1809_0.nii,bin-worker-4.novalocal,140448635016960,7228
flatten,795.5054402351379,795.5581274032593,bigbrain_2307_1809_0.nii,bin-worker-4.novalocal,140448635016960,7228
calculate_histogram,17.611302375793457,797.2727248668671,bigbrain_0_1206_2082.nii,bin-worker-5.novalocal,139771455993600,20577
calculate_histogram,17.952306509017944,799.1490776538849,bigbrain_0_1206_694.nii,bin-worker-7.novalocal,140457090733824,29200
read_img,799.0084536075592,799.7074480056763,bigbrain_2307_1206_694.nii,bin-worker-5.novalocal,139771455993600,20577
flatten,799.9435257911682,800.0284028053284,bigbrain_2307_1206_694.nii,bin-worker-5.novalocal,139771455993600,20577
read_img,800.3993620872498,801.597254037857,bigbrain_2307_1206_2082.nii,bin-worker-7.novalocal,140457090733824,29200
flatten,801.9749727249146,802.0608520507812,bigbrain_2307_1206_2082.nii,bin-worker-7.novalocal,140457090733824,29200
calculate_histogram,690.6227786540985,1239.9914293289185,bigbrain_2307_0_0.nii,bin-worker-6.novalocal,140254430357248,24857
calculate_histogram,1485.2559950351715,2100.0830686092377,bigbrain_3076_1809_0.nii,bin-worker-7.novalocal,140457458763520,29200
combine_histogram,1241.2468631267548,1241.330766916275,all_file,bin-worker-6.novalocal,140254430357248,24857
combine_histogram,1241.6814320087433,1241.839661359787,all_file,bin-worker-6.novalocal,140254430357248,24857
combine_histogram,1242.1286535263062,1242.170842409134,all_file,bin-worker-6.novalocal,140254430357248,24857
combine_histogram,1242.4230971336365,1242.6250324249268,all_file,bin-worker-6.novalocal,140254430357248,24857
combine_histogram,1242.8225786685944,1242.8582990169525,all_file,bin-worker-6.novalocal,140254430357248,24857
combine_histogram,1243.002831697464,1243.048151731491,all_file,bin-worker-6.novalocal,140254430357248,24857
combine_histogram,1243.8096323013306,1243.8338146209717,all_file,bin-worker-6.novalocal,140254430357248,24857
read_img,2103.1285083293915,2104.403305530548,bigbrain_769_1206_694.nii,bin-worker-7.novalocal,140457458763520,29200
read_img,1244.7043476104736,1245.684552192688,bigbrain_2307_2412_1388.nii,bin-worker-6.novalocal,140254430357248,24857
flatten,2104.852842569351,2105.015944957733,bigbrain_769_1206_694.nii,bin-worker-7.novalocal,140457458763520,29200
flatten,1246.2245075702667,1246.3048779964447,bigbrain_2307_2412_1388.nii,bin-worker-6.novalocal,140254430357248,24857
calculate_histogram,662.5993638038635,1257.4925320148468,bigbrain_2307_0_2776.nii,bin-worker-7.novalocal,140457107519232,29200
calculate_histogram,17.70265483856201,831.1634697914124,bigbrain_0_603_1388.nii,bin-worker-7.novalocal,140457483941632,29200
read_img,1259.7319357395172,1260.970636844635,bigbrain_2307_2412_0.nii,bin-worker-7.novalocal,140457107519232,29200
flatten,1261.2892837524414,1261.4296910762787,bigbrain_2307_2412_0.nii,bin-worker-7.novalocal,140457107519232,29200
calculate_histogram,630.7936360836029,1262.1045291423798,bigbrain_1538_2412_2082.nii,bin-worker-6.novalocal,140254820329216,24857
calculate_histogram,612.373391866684,1262.8260910511017,bigbrain_1538_1809_2776.nii,bin-worker-6.novalocal,140254794888960,24857
read_img,832.6583540439606,833.72327876091,bigbrain_2307_1809_1388.nii,bin-worker-7.novalocal,140457483941632,29200
flatten,834.0807178020477,834.1888284683228,bigbrain_2307_1809_1388.nii,bin-worker-7.novalocal,140457483941632,29200
read_img,1263.1982727050781,1264.52845454216,bigbrain_2307_603_0.nii,bin-worker-6.novalocal,140254820329216,24857
flatten,1264.805701494217,1264.8753793239594,bigbrain_2307_603_0.nii,bin-worker-6.novalocal,140254820329216,24857
read_img,1264.725688457489,1265.6839528083801,bigbrain_2307_603_694.nii,bin-worker-6.novalocal,140254794888960,24857
flatten,1266.4964046478271,1266.611596107483,bigbrain_2307_603_694.nii,bin-worker-6.novalocal,140254794888960,24857
calculate_histogram,1309.3831429481506,2129.5274963378906,bigbrain_2307_1809_694.nii,bin-worker-4.novalocal,140448609838848,7228
calculate_histogram,702.9570932388306,1272.0176937580109,bigbrain_2307_0_694.nii,bin-worker-6.novalocal,140254811936512,24857
calculate_histogram,2050.3797993659973,2562.96075963974,bigbrain_769_2412_694.nii,bin-worker-5.novalocal,139771439208192,20577
calculate_histogram,1388.657973766327,2134.4680173397064,bigbrain_3076_1206_2082.nii,bin-worker-6.novalocal,140254786496256,24857
read_img,1275.0985369682312,1275.90944314003,bigbrain_3076_0_2776.nii,bin-worker-6.novalocal,140254811936512,24857
calculate_histogram,1506.5794787406921,2135.1074738502502,bigbrain_3076_0_1388.nii,bin-worker-4.novalocal,140448626624256,7228
flatten,1276.0740911960602,1276.2769911289215,bigbrain_3076_0_2776.nii,bin-worker-6.novalocal,140254811936512,24857
read_img,2134.6720592975616,2137.2270126342773,bigbrain_769_0_0.nii,bin-worker-4.novalocal,140448609838848,7228
read_img,2136.079734325409,2137.8137016296387,bigbrain_769_0_694.nii,bin-worker-4.novalocal,140448626624256,7228
flatten,2138.0074968338013,2138.1028203964233,bigbrain_769_0_0.nii,bin-worker-4.novalocal,140448609838848,7228
flatten,2138.2772941589355,2138.3834002017975,bigbrain_769_0_694.nii,bin-worker-4.novalocal,140448626624256,7228
calculate_histogram,1403.9168651103973,2139.74325799942,bigbrain_2307_603_2776.nii,bin-worker-7.novalocal,140457099126528,29200
read_img,2142.2576751708984,2143.3595950603485,bigbrain_769_1809_2776.nii,bin-worker-7.novalocal,140457099126528,29200
flatten,2143.687893629074,2143.827728509903,bigbrain_769_1809_2776.nii,bin-worker-7.novalocal,140457099126528,29200
calculate_histogram,1875.5200598239899,2575.2847440242767,bigbrain_769_1206_1388.nii,bin-worker-6.novalocal,140254430357248,24857
combine_histogram,2145.8493263721466,2145.89346575737,all_file,bin-worker-6.novalocal,140254786496256,24857
combine_histogram,2146.1140673160553,2146.1648523807526,all_file,bin-worker-6.novalocal,140254786496256,24857
combine_histogram,2146.335991859436,2146.5648045539856,all_file,bin-worker-6.novalocal,140254786496256,24857
combine_histogram,2147.0253434181213,2147.048977613449,all_file,bin-worker-6.novalocal,140254786496256,24857
calculate_histogram,2023.7563564777374,2577.254505634308,bigbrain_769_2412_2776.nii,bin-worker-6.novalocal,140254438749952,24857
combine_histogram,2147.944889307022,2148.241767168045,all_file,bin-worker-6.novalocal,140254786496256,24857
calculate_histogram,1446.102507352829,2148.4118132591248,bigbrain_3076_1809_2082.nii,bin-worker-5.novalocal,139771934484224,20577
combine_histogram,2148.601231813431,2148.876234769821,all_file,bin-worker-6.novalocal,140254786496256,24857
combine_histogram,2149.115693092346,2149.1641957759857,all_file,bin-worker-6.novalocal,140254786496256,24857
calculate_histogram,1509.5406742095947,2150.056811571121,bigbrain_3076_1206_0.nii,bin-worker-4.novalocal,140449138677504,7228
calculate_histogram,1926.0312492847443,2580.8582303524017,bigbrain_769_1206_2082.nii,bin-worker-5.novalocal,139771422422784,20577
calculate_histogram,17.934669733047485,862.959849357605,bigbrain_1538_1206_1388.nii,bin-worker-5.novalocal,139771439208192,20577
calculate_histogram,1984.5842130184174,2582.1845638751984,bigbrain_769_1809_0.nii,bin-worker-6.novalocal,140254794888960,24857
read_img,2152.330029964447,2153.205126285553,bigbrain_769_1206_2776.nii,bin-worker-4.novalocal,140449138677504,7228
read_img,2152.861578464508,2154.681760787964,bigbrain_769_603_2776.nii,bin-worker-5.novalocal,139771934484224,20577
flatten,2154.70610332489,2154.900703191757,bigbrain_769_1206_2776.nii,bin-worker-4.novalocal,140449138677504,7228
read_img,865.5278861522675,866.80286860466,bigbrain_2307_1809_2776.nii,bin-worker-5.novalocal,139771439208192,20577
flatten,2155.3036432266235,2155.373378753662,bigbrain_769_603_2776.nii,bin-worker-5.novalocal,139771934484224,20577
flatten,867.0046880245209,867.1130347251892,bigbrain_2307_1809_2776.nii,bin-worker-5.novalocal,139771439208192,20577
read_img,2153.211025953293,2159.3046956062317,bigbrain_769_1809_2082.nii,bin-worker-6.novalocal,140254786496256,24857
flatten,2159.5383718013763,2159.632798910141,bigbrain_769_1809_2082.nii,bin-worker-6.novalocal,140254786496256,24857
read_img,0.4783153533935547,11.206437110900879,bigbrain_0_2412_694.nii,bin-worker-5.novalocal,139771934484224,20577
read_img,0.47852206230163574,15.834028959274292,bigbrain_1538_0_2082.nii,bin-worker-5.novalocal,139771447600896,20577
calculate_histogram,2156.056582927704,2593.1660861968994,bigbrain_769_603_2776.nii,bin-worker-5.novalocal,139771934484224,20577
read_img,0.4778892993927002,15.837167263031006,bigbrain_0_0_2776.nii,bin-worker-5.novalocal,139771430815488,20577
read_img,0.4781501293182373,15.834237098693848,bigbrain_0_1809_1388.nii,bin-worker-5.novalocal,139771422422784,20577
read_img,0.4782235622406006,15.836316108703613,bigbrain_0_2412_0.nii,bin-worker-5.novalocal,139771405637376,20577
read_img,0.47842955589294434,15.836382627487183,bigbrain_0_603_2776.nii,bin-worker-5.novalocal,139771414030080,20577
read_img,0.47802305221557617,15.17573356628418,bigbrain_0_1206_2082.nii,bin-worker-5.novalocal,139771455993600,20577
read_img,0.48014402389526367,14.967647314071655,bigbrain_1538_0_694.nii,bin-worker-7.novalocal,140457099126528,29200
read_img,0.479600191116333,14.968125104904175,bigbrain_0_603_1388.nii,bin-worker-7.novalocal,140457483941632,29200
read_img,0.47858738899230957,16.391271352767944,bigbrain_1538_1206_1388.nii,bin-worker-5.novalocal,139771439208192,20577
read_img,0.4794442653656006,16.372230529785156,bigbrain_0_1809_2776.nii,bin-worker-7.novalocal,140457458763520,29200
flatten,16.54192018508911,16.59207248687744,bigbrain_0_1809_1388.nii,bin-worker-5.novalocal,139771422422784,20577
read_img,0.47951364517211914,14.969314813613892,bigbrain_0_2412_2082.nii,bin-worker-7.novalocal,140457475548928,29200
read_img,0.4793086051940918,16.570944786071777,bigbrain_0_1206_694.nii,bin-worker-7.novalocal,140457090733824,29200
flatten,16.77504563331604,16.815894603729248,bigbrain_0_0_2776.nii,bin-worker-5.novalocal,139771430815488,20577
flatten,16.8407461643219,16.929642915725708,bigbrain_0_2412_694.nii,bin-worker-5.novalocal,139771934484224,20577
flatten,16.925627946853638,17.03358483314514,bigbrain_0_603_2776.nii,bin-worker-5.novalocal,139771414030080,20577
flatten,16.992547035217285,17.167206525802612,bigbrain_1538_0_2082.nii,bin-worker-5.novalocal,139771447600896,20577
flatten,17.025861501693726,17.226629495620728,bigbrain_0_1206_2082.nii,bin-worker-5.novalocal,139771455993600,20577
flatten,17.076728582382202,17.257946968078613,bigbrain_0_2412_0.nii,bin-worker-5.novalocal,139771405637376,20577
read_img,0.4798159599304199,16.6644926071167,bigbrain_1538_0_0.nii,bin-worker-7.novalocal,140457492334336,29200
read_img,0.4791433811187744,16.470827341079712,bigbrain_0_0_1388.nii,bin-worker-7.novalocal,140457107519232,29200
flatten,17.146377086639404,17.296755075454712,bigbrain_0_603_1388.nii,bin-worker-7.novalocal,140457483941632,29200
read_img,0.47923922538757324,17.296891689300537,bigbrain_0_1206_0.nii,bin-worker-7.novalocal,140457467156224,29200
flatten,17.158401489257812,17.308050870895386,bigbrain_1538_1206_1388.nii,bin-worker-5.novalocal,139771439208192,20577
flatten,17.299454927444458,17.620609283447266,bigbrain_0_1809_2776.nii,bin-worker-7.novalocal,140457458763520,29200
flatten,17.345810651779175,17.68194317817688,bigbrain_0_1206_694.nii,bin-worker-7.novalocal,140457090733824,29200
flatten,17.31543231010437,17.62741756439209,bigbrain_0_2412_2082.nii,bin-worker-7.novalocal,140457475548928,29200
flatten,17.327271223068237,17.710877895355225,bigbrain_1538_0_694.nii,bin-worker-7.novalocal,140457099126528,29200
flatten,17.461461544036865,17.756834506988525,bigbrain_0_0_1388.nii,bin-worker-7.novalocal,140457107519232,29200
flatten,17.744405508041382,17.92526865005493,bigbrain_0_1206_0.nii,bin-worker-7.novalocal,140457467156224,29200
flatten,17.574408531188965,17.877270221710205,bigbrain_1538_0_0.nii,bin-worker-7.novalocal,140457492334336,29200
read_img,0.47814035415649414,18.273210525512695,bigbrain_1538_0_2776.nii,bin-worker-4.novalocal,140448618231552,7228
read_img,0.4779953956604004,13.379842042922974,bigbrain_0_603_0.nii,bin-worker-4.novalocal,140448626624256,7228
read_img,0.4775052070617676,18.067758560180664,bigbrain_0_0_694.nii,bin-worker-4.novalocal,140449130284800,7228
read_img,0.47807788848876953,18.374411582946777,bigbrain_0_603_694.nii,bin-worker-4.novalocal,140448635016960,7228
read_img,0.47739553451538086,18.37423801422119,bigbrain_0_0_0.nii,bin-worker-4.novalocal,140448609838848,7228
read_img,0.47763657569885254,18.951082944869995,bigbrain_0_1206_2776.nii,bin-worker-4.novalocal,140448651802368,7228
read_img,0.47773218154907227,18.9514057636261,bigbrain_0_1809_2082.nii,bin-worker-4.novalocal,140448643409664,7228
read_img,0.4778597354888916,18.855262279510498,bigbrain_0_2412_1388.nii,bin-worker-4.novalocal,140449138677504,7228
flatten,19.030354976654053,19.13000988960266,bigbrain_0_0_694.nii,bin-worker-4.novalocal,140449130284800,7228
calculate_histogram,674.9905667304993,1307.500810623169,bigbrain_1538_2412_0.nii,bin-worker-4.novalocal,140448609838848,7228
flatten,19.032708883285522,19.1340594291687,bigbrain_0_603_0.nii,bin-worker-4.novalocal,140448626624256,7228
flatten,19.1383216381073,19.283538103103638,bigbrain_0_603_694.nii,bin-worker-4.novalocal,140448635016960,7228
flatten,19.196176767349243,19.383921146392822,bigbrain_1538_0_2776.nii,bin-worker-4.novalocal,140448618231552,7228
flatten,19.223214149475098,19.384273529052734,bigbrain_0_0_0.nii,bin-worker-4.novalocal,140448609838848,7228
flatten,19.34182620048523,19.514943838119507,bigbrain_0_1206_2776.nii,bin-worker-4.novalocal,140448651802368,7228
flatten,19.43421483039856,19.56250238418579,bigbrain_0_1809_2082.nii,bin-worker-4.novalocal,140448643409664,7228
flatten,19.478949069976807,19.586979866027832,bigbrain_0_2412_1388.nii,bin-worker-4.novalocal,140449138677504,7228
read_img,1308.1260056495667,1308.8626339435577,bigbrain_2307_1809_694.nii,bin-worker-4.novalocal,140448609838848,7228
flatten,1309.0633761882782,1309.2137143611908,bigbrain_2307_1809_694.nii,bin-worker-4.novalocal,140448609838848,7228
calculate_histogram,590.9265060424805,1311.2944934368134,bigbrain_1538_1809_0.nii,bin-worker-5.novalocal,139771430815488,20577
combine_histogram,1311.8976452350616,1312.086920261383,all_file,bin-worker-5.novalocal,139771430815488,20577
read_img,0.47974562644958496,22.701864004135132,bigbrain_1538_1206_0.nii,bin-worker-6.novalocal,140254421964544,24857
read_img,0.478670597076416,23.749733448028564,bigbrain_0_0_2082.nii,bin-worker-6.novalocal,140254786496256,24857
combine_histogram,1312.4200949668884,1312.7166550159454,all_file,bin-worker-5.novalocal,139771430815488,20577
read_img,0.4789736270904541,23.836132287979126,bigbrain_0_1809_0.nii,bin-worker-6.novalocal,140254794888960,24857
read_img,0.47948741912841797,22.980676651000977,bigbrain_0_603_2082.nii,bin-worker-6.novalocal,140254811936512,24857
read_img,0.47919797897338867,24.64069390296936,bigbrain_0_1809_694.nii,bin-worker-6.novalocal,140254430357248,24857
read_img,0.4793703556060791,23.1491117477417,bigbrain_0_2412_2776.nii,bin-worker-6.novalocal,140254803543808,24857
read_img,0.4788367748260498,24.641196966171265,bigbrain_0_1206_1388.nii,bin-worker-6.novalocal,140254438749952,24857
read_img,0.47962522506713867,24.15767502784729,bigbrain_1538_0_1388.nii,bin-worker-6.novalocal,140254820329216,24857
combine_histogram,1312.947794675827,1313.1748039722443,all_file,bin-worker-5.novalocal,139771430815488,20577
flatten,24.66025471687317,24.895012617111206,bigbrain_0_1809_0.nii,bin-worker-6.novalocal,140254794888960,24857
flatten,24.662810564041138,24.89569640159607,bigbrain_1538_1206_0.nii,bin-worker-6.novalocal,140254421964544,24857
flatten,24.79767155647278,24.9993896484375,bigbrain_0_2412_2776.nii,bin-worker-6.novalocal,140254803543808,24857
flatten,24.75627088546753,25.06437087059021,bigbrain_0_603_2082.nii,bin-worker-6.novalocal,140254811936512,24857
flatten,24.879507541656494,25.064839363098145,bigbrain_0_1206_1388.nii,bin-worker-6.novalocal,140254438749952,24857
flatten,24.75072717666626,25.083685398101807,bigbrain_0_0_2082.nii,bin-worker-6.novalocal,140254786496256,24857
flatten,24.965808868408203,25.13787078857422,bigbrain_0_1809_694.nii,bin-worker-6.novalocal,140254430357248,24857
flatten,24.99946904182434,25.169745922088623,bigbrain_1538_0_1388.nii,bin-worker-6.novalocal,140254820329216,24857
combine_histogram,1313.542127609253,1313.820121049881,all_file,bin-worker-5.novalocal,139771430815488,20577
combine_histogram,1314.4336018562317,1314.8387160301208,all_file,bin-worker-5.novalocal,139771430815488,20577
combine_histogram,1314.9920020103455,1315.1236481666565,all_file,bin-worker-5.novalocal,139771430815488,20577
combine_histogram,1315.7518393993378,1315.9014225006104,all_file,bin-worker-5.novalocal,139771430815488,20577
combine_histogram,1316.814641714096,1316.9847452640533,all_file,bin-worker-5.novalocal,139771430815488,20577
combine_histogram,1317.4404146671295,1317.4541718959808,all_file,bin-worker-5.novalocal,139771430815488,20577
combine_histogram,1317.7586877346039,1317.7963156700134,all_file,bin-worker-5.novalocal,139771430815488,20577
calculate_histogram,1959.1067707538605,2606.4162578582764,bigbrain_769_1809_1388.nii,bin-worker-5.novalocal,139771447600896,20577
combine_histogram,1318.0080270767212,1318.2157049179077,all_file,bin-worker-5.novalocal,139771430815488,20577
combine_histogram,1318.6111233234406,1318.809856414795,all_file,bin-worker-5.novalocal,139771430815488,20577
combine_histogram,1319.8121910095215,1320.093121290207,all_file,bin-worker-5.novalocal,139771430815488,20577
combine_histogram,1320.5382990837097,1320.8948292732239,all_file,bin-worker-5.novalocal,139771430815488,20577
read_img,1322.521092414856,1323.5908579826355,bigbrain_3076_0_0.nii,bin-worker-5.novalocal,139771430815488,20577
flatten,1324.0015449523926,1324.168624162674,bigbrain_3076_0_0.nii,bin-worker-5.novalocal,139771430815488,20577
calculate_histogram,800.6217625141144,1754.3504009246826,bigbrain_2307_1206_694.nii,bin-worker-5.novalocal,139771455993600,20577
calculate_histogram,652.787778377533,1326.1932203769684,bigbrain_1538_603_0.nii,bin-worker-7.novalocal,140457475548928,29200
read_img,1755.706300497055,1757.250298500061,bigbrain_3076_603_0.nii,bin-worker-5.novalocal,139771455993600,20577
calculate_histogram,1970.985557794571,2616.3600306510925,bigbrain_3076_603_1388.nii,bin-worker-4.novalocal,140448651802368,7228
read_img,1327.7243645191193,1328.823442697525,bigbrain_2307_2412_694.nii,bin-worker-7.novalocal,140457475548928,29200
flatten,1329.4169211387634,1329.5155124664307,bigbrain_2307_2412_694.nii,bin-worker-7.novalocal,140457475548928,29200
flatten,1757.989108800888,1758.1167030334473,bigbrain_3076_603_0.nii,bin-worker-5.novalocal,139771455993600,20577
calculate_histogram,1174.4823217391968,1761.6703414916992,bigbrain_2307_2412_2082.nii,bin-worker-5.novalocal,139771414030080,20577
read_img,1764.4427337646484,1765.3013422489166,bigbrain_3076_603_694.nii,bin-worker-5.novalocal,139771414030080,20577
flatten,1765.938056230545,1766.0546181201935,bigbrain_3076_603_694.nii,bin-worker-5.novalocal,139771414030080,20577
calculate_histogram,704.765456199646,1337.90287399292,bigbrain_2307_0_2082.nii,bin-worker-4.novalocal,140448651802368,7228
read_img,1339.334210395813,1340.4990437030792,bigbrain_2307_2412_2776.nii,bin-worker-4.novalocal,140448651802368,7228
flatten,1341.1377687454224,1341.201835155487,bigbrain_2307_2412_2776.nii,bin-worker-4.novalocal,140448651802368,7228
calculate_histogram,1572.9377694129944,2204.5338685512543,bigbrain_3076_1809_2776.nii,bin-worker-4.novalocal,140449130284800,7228
