save_incremented,907.3561944961548,1395.7663447856903,bigbrain_1538_1005_1735.nii,soen499-worker-6.novalocal,140561445017344
save_incremented,831.9946513175964,1395.7881186008453,bigbrain_0_1005_0.nii,soen499-worker-5.novalocal,140514470176512
save_incremented,831.0712969303131,966.2678804397583,bigbrain_1538_2010_1735.nii,soen499-worker-9.novalocal,140544550369024
increment,1.839768886566162,546.1258103847504,bigbrain_1538_0_1735.nii,soen499-worker-13.novalocal,140180193650432
increment,1.840196132659912,552.6254675388336,bigbrain_1538_0_0.nii,soen499-worker-15.novalocal,140660269913856
increment,3.5145368576049805,557.388917684555,bigbrain_2307_1005_0.nii,soen499-worker-15.novalocal,140659826611968
increment,6.628234386444092,559.5125012397766,bigbrain_2307_1005_1735.nii,soen499-worker-13.novalocal,140179813693184
increment,12.132702827453613,562.2357106208801,bigbrain_3076_2010_1735.nii,soen499-worker-13.novalocal,140180168210176
increment,12.081789016723633,562.347475528717,bigbrain_3076_2010_0.nii,soen499-worker-15.novalocal,140660261521152
increment,559.2863059043884,563.3072440624237,bigbrain_1538_0_1735.nii,soen499-worker-13.novalocal,140180159555328
increment,559.8265283107758,563.7141647338867,bigbrain_1538_0_0.nii,soen499-worker-15.novalocal,140660278568704
increment,560.050214767456,563.9363677501678,bigbrain_2307_1005_0.nii,soen499-worker-15.novalocal,140659835004672
increment,560.3150475025177,564.281956911087,bigbrain_2307_1005_1735.nii,soen499-worker-13.novalocal,140180185257728
increment,563.593966960907,567.4677443504333,bigbrain_3076_2010_0.nii,soen499-worker-15.novalocal,140660269913856
increment,563.5353181362152,567.534464597702,bigbrain_3076_2010_1735.nii,soen499-worker-13.novalocal,140179796907776
increment,563.7661228179932,567.6779391765594,bigbrain_1538_0_1735.nii,soen499-worker-13.novalocal,140179805300480
increment,564.9017179012299,568.7095046043396,bigbrain_1538_0_0.nii,soen499-worker-15.novalocal,140659843397376
increment,565.0035908222198,568.8240160942078,bigbrain_2307_1005_1735.nii,soen499-worker-13.novalocal,140180176602880
increment,565.3649756908417,569.182460308075,bigbrain_2307_1005_0.nii,soen499-worker-15.novalocal,140660261521152
increment,568.3727571964264,572.169095993042,bigbrain_3076_2010_0.nii,soen499-worker-15.novalocal,140660286961408
increment,568.7101829051971,572.5417685508728,bigbrain_3076_2010_1735.nii,soen499-worker-13.novalocal,140180159555328
increment,568.9791696071625,572.8626205921173,bigbrain_1538_0_1735.nii,soen499-worker-13.novalocal,140180185257728
increment,569.3032026290894,573.124550819397,bigbrain_1538_0_0.nii,soen499-worker-15.novalocal,140659835004672
increment,569.3127601146698,573.1989841461182,bigbrain_2307_1005_1735.nii,soen499-worker-13.novalocal,140180168210176
increment,569.8034763336182,573.5897376537323,bigbrain_2307_1005_0.nii,soen499-worker-15.novalocal,140659818219264
increment,572.884149312973,576.7211711406708,bigbrain_3076_2010_0.nii,soen499-worker-15.novalocal,140660278568704
increment,573.3869817256927,577.2689061164856,bigbrain_3076_2010_1735.nii,soen499-worker-13.novalocal,140179796907776
increment,573.7139785289764,577.5754942893982,bigbrain_1538_0_1735.nii,soen499-worker-13.novalocal,140179805300480
increment,573.9001393318176,577.714483499527,bigbrain_1538_0_0.nii,soen499-worker-15.novalocal,140659826611968
increment,574.2043061256409,578.0579733848572,bigbrain_2307_1005_1735.nii,soen499-worker-13.novalocal,140180193650432
increment,574.374039888382,578.2194178104401,bigbrain_2307_1005_0.nii,soen499-worker-15.novalocal,140660261521152
increment,577.4916048049927,581.31320977211,bigbrain_3076_2010_0.nii,soen499-worker-15.novalocal,140660286961408
increment,577.9479267597198,581.844423532486,bigbrain_3076_2010_1735.nii,soen499-worker-13.novalocal,140180168210176
increment,578.2899813652039,582.139577627182,bigbrain_1538_0_1735.nii,soen499-worker-13.novalocal,140180176602880
increment,578.757429599762,582.5688993930817,bigbrain_1538_0_0.nii,soen499-worker-15.novalocal,140659835004672
increment,579.0807223320007,582.8987536430359,bigbrain_2307_1005_1735.nii,soen499-worker-13.novalocal,140179805300480
increment,579.1230914592743,582.9115979671478,bigbrain_2307_1005_0.nii,soen499-worker-15.novalocal,140659843397376
increment,582.3035275936127,586.1708943843842,bigbrain_3076_2010_0.nii,soen499-worker-15.novalocal,140660269913856
increment,582.8011453151703,586.6538569927216,bigbrain_3076_2010_1735.nii,soen499-worker-13.novalocal,140179796907776
increment,583.1403961181641,587.0153212547302,bigbrain_1538_0_0.nii,soen499-worker-15.novalocal,140660286961408
increment,583.1179752349854,587.0452110767365,bigbrain_1538_0_1735.nii,soen499-worker-13.novalocal,140179813693184
increment,583.4943778514862,587.3146932125092,bigbrain_2307_1005_1735.nii,soen499-worker-13.novalocal,140180185257728
increment,583.6457781791687,587.4586057662964,bigbrain_2307_1005_0.nii,soen499-worker-15.novalocal,140659826611968
increment,586.7141115665436,590.5111999511719,bigbrain_3076_2010_0.nii,soen499-worker-15.novalocal,140660261521152
increment,587.2191593647003,591.0796611309052,bigbrain_3076_2010_1735.nii,soen499-worker-13.novalocal,140180159555328
increment,587.8002371788025,591.6275479793549,bigbrain_1538_0_0.nii,soen499-worker-15.novalocal,140659835004672
increment,588.2312572002411,592.0838220119476,bigbrain_1538_0_1735.nii,soen499-worker-13.novalocal,140179805300480
increment,589.1632349491119,593.0052421092987,bigbrain_2307_1005_0.nii,soen499-worker-15.novalocal,140659818219264
increment,589.2848608493805,593.2132947444916,bigbrain_2307_1005_1735.nii,soen499-worker-13.novalocal,140180168210176
increment,591.3419313430786,595.1761360168457,bigbrain_3076_2010_0.nii,soen499-worker-15.novalocal,140660278568704
increment,591.6234579086304,595.4783003330231,bigbrain_3076_2010_1735.nii,soen499-worker-13.novalocal,140180193650432
increment,592.143196105957,595.9443845748901,bigbrain_1538_0_0.nii,soen499-worker-15.novalocal,140659826611968
increment,592.7303957939148,596.578277349472,bigbrain_1538_0_1735.nii,soen499-worker-13.novalocal,140180176602880
increment,593.8036079406738,597.6551461219788,bigbrain_2307_1005_0.nii,soen499-worker-15.novalocal,140659835004672
increment,593.8432610034943,597.7748572826385,bigbrain_2307_1005_1735.nii,soen499-worker-13.novalocal,140179796907776
increment,596.0967552661896,599.9129855632782,bigbrain_3076_2010_0.nii,soen499-worker-15.novalocal,140660261521152
increment,596.1361799240112,600.020503282547,bigbrain_3076_2010_1735.nii,soen499-worker-13.novalocal,140179813693184
increment,596.5638813972473,600.3600084781647,bigbrain_1538_0_0.nii,soen499-worker-15.novalocal,140659843397376
increment,597.0862259864807,600.9456543922424,bigbrain_1538_0_1735.nii,soen499-worker-13.novalocal,140180193650432
increment,598.3947718143463,602.2582273483276,bigbrain_2307_1005_1735.nii,soen499-worker-13.novalocal,140180159555328
increment,598.487603187561,602.321506023407,bigbrain_2307_1005_0.nii,soen499-worker-15.novalocal,140659826611968
increment,601.3872096538544,605.2888906002045,bigbrain_3076_2010_1735.nii,soen499-worker-13.novalocal,140179796907776
increment,601.0995652675629,604.9610645771027,bigbrain_3076_2010_0.nii,soen499-worker-15.novalocal,140659835004672
save_incremented,830.9599711894989,1049.989926815033,bigbrain_0_0_0.nii,soen499-worker-16.novalocal,139859657586432
save_incremented,884.7102801799774,1049.9601089954376,bigbrain_3076_0_1735.nii,soen499-worker-9.novalocal,140544990697216
save_incremented,831.6101477146149,1063.10578083992,bigbrain_0_2010_1735.nii,soen499-worker-14.novalocal,140480609871616
save_incremented,831.2422170639038,1097.7648916244507,bigbrain_3076_1005_1735.nii,soen499-worker-14.novalocal,140480635311872
increment,1.8804733753204346,674.5218739509583,bigbrain_0_2010_0.nii,soen499-worker-12.novalocal,140145532856064
increment,2.2387163639068604,676.4075262546539,bigbrain_3076_0_0.nii,soen499-worker-5.novalocal,140514470176512
increment,6.883699655532837,689.2870759963989,bigbrain_3076_1005_0.nii,soen499-worker-12.novalocal,140145084839680
increment,7.153972864151001,691.347906589508,bigbrain_1538_2010_0.nii,soen499-worker-5.novalocal,140514427688704
increment,2.9598002433776855,682.6536128520966,bigbrain_0_0_0.nii,soen499-worker-16.novalocal,139859648931584
increment,2.9656639099121094,680.8700594902039,bigbrain_1538_2010_1735.nii,soen499-worker-9.novalocal,140544990697216
increment,2.6773722171783447,683.2574400901794,bigbrain_3076_1005_1735.nii,soen499-worker-14.novalocal,140480626919168
increment,2.681488037109375,683.6677174568176,bigbrain_0_0_1735.nii,soen499-worker-6.novalocal,140561843123968
increment,7.2083799839019775,692.1759314537048,bigbrain_3076_0_1735.nii,soen499-worker-9.novalocal,140544533583616
increment,7.208379745483398,692.4344429969788,bigbrain_1538_1005_0.nii,soen499-worker-16.novalocal,139859234649856
increment,6.762164831161499,692.9795441627502,bigbrain_0_2010_1735.nii,soen499-worker-14.novalocal,140480609871616
increment,12.80505919456482,696.171596288681,bigbrain_0_1005_0.nii,soen499-worker-5.novalocal,140514478831360
increment,15.613037109375,697.6245641708374,bigbrain_2307_0_0.nii,soen499-worker-12.novalocal,140145110017792
increment,12.909811019897461,695.6891987323761,bigbrain_2307_2010_0.nii,soen499-worker-16.novalocal,139859665979136
increment,12.37220048904419,697.9671607017517,bigbrain_769_2010_1735.nii,soen499-worker-14.novalocal,140480618264320
increment,6.71408486366272,693.4594292640686,bigbrain_1538_1005_1735.nii,soen499-worker-6.novalocal,140561453410048
increment,12.373049020767212,698.4003901481628,bigbrain_2307_2010_1735.nii,soen499-worker-6.novalocal,140561826076416
increment,15.918492794036865,698.732964515686,bigbrain_0_1005_1735.nii,soen499-worker-9.novalocal,140544541976320
increment,32.054447412490845,700.9406969547272,bigbrain_769_2010_0.nii,soen499-worker-12.novalocal,140145101625088
increment,36.93859028816223,701.3215365409851,bigbrain_769_1005_0.nii,soen499-worker-5.novalocal,140513881618176
increment,28.611212968826294,701.3259589672089,bigbrain_2307_0_1735.nii,soen499-worker-14.novalocal,140480184575744
increment,697.6071236133575,701.5664463043213,bigbrain_0_2010_0.nii,soen499-worker-12.novalocal,140145076446976
increment,28.61047101020813,701.6460204124451,bigbrain_769_0_1735.nii,soen499-worker-6.novalocal,140561461802752
increment,697.9204385280609,701.7723717689514,bigbrain_3076_0_0.nii,soen499-worker-5.novalocal,140514444736256
increment,31.314462661743164,701.8750360012054,bigbrain_769_1005_1735.nii,soen499-worker-9.novalocal,140544525190912
increment,38.530704975128174,702.1042401790619,bigbrain_769_0_0.nii,soen499-worker-16.novalocal,139859657586432
increment,698.429984331131,702.2788412570953,bigbrain_3076_1005_1735.nii,soen499-worker-14.novalocal,140480192968448
increment,698.4291577339172,702.4334964752197,bigbrain_3076_1005_0.nii,soen499-worker-12.novalocal,140145532856064
increment,698.9067227840424,702.7537567615509,bigbrain_0_2010_1735.nii,soen499-worker-14.novalocal,140480652359424
increment,698.6548910140991,702.502687215805,bigbrain_1538_2010_0.nii,soen499-worker-5.novalocal,140514470176512
increment,698.9067630767822,702.7069447040558,bigbrain_0_0_0.nii,soen499-worker-16.novalocal,139859674633984
increment,698.6509771347046,702.6704626083374,bigbrain_2307_0_0.nii,soen499-worker-12.novalocal,140145541510912
increment,698.9083616733551,702.7649302482605,bigbrain_1538_2010_1735.nii,soen499-worker-9.novalocal,140544982042368
increment,699.2791509628296,703.1212642192841,bigbrain_0_1005_0.nii,soen499-worker-5.novalocal,140514436081408
increment,699.3876311779022,703.193044424057,bigbrain_1538_1005_0.nii,soen499-worker-16.novalocal,139859226257152
increment,699.3779327869415,703.2139496803284,bigbrain_3076_0_1735.nii,soen499-worker-9.novalocal,140544550369024
increment,699.4272208213806,703.2536520957947,bigbrain_769_2010_1735.nii,soen499-worker-14.novalocal,140480643966720
increment,699.4948148727417,703.2985332012177,bigbrain_2307_2010_0.nii,soen499-worker-16.novalocal,139859648931584
increment,699.4588499069214,703.2989904880524,bigbrain_0_1005_1735.nii,soen499-worker-9.novalocal,140544990697216
increment,699.2800924777985,703.3168714046478,bigbrain_0_0_1735.nii,soen499-worker-6.novalocal,140561817421568
increment,699.432989358902,703.4549453258514,bigbrain_1538_1005_1735.nii,soen499-worker-6.novalocal,140561445017344
increment,699.5222532749176,703.5301096439362,bigbrain_2307_2010_1735.nii,soen499-worker-6.novalocal,140561834469120
increment,701.0020570755005,704.9178373813629,bigbrain_769_2010_0.nii,soen499-worker-12.novalocal,140145093232384
increment,701.3702647686005,705.2031412124634,bigbrain_769_1005_0.nii,soen499-worker-5.novalocal,140514427688704
increment,701.3930628299713,705.248631477356,bigbrain_2307_0_1735.nii,soen499-worker-14.novalocal,140480618264320
increment,701.6129260063171,705.3925681114197,bigbrain_0_2010_0.nii,soen499-worker-12.novalocal,140145110017792
increment,702.0733699798584,705.8911612033844,bigbrain_3076_0_0.nii,soen499-worker-5.novalocal,140514453128960
increment,702.1438891887665,705.9466261863708,bigbrain_769_0_0.nii,soen499-worker-16.novalocal,139859217864448
increment,702.1307122707367,705.9856634140015,bigbrain_769_1005_1735.nii,soen499-worker-9.novalocal,140544973649664
increment,702.0679943561554,706.0220103263855,bigbrain_769_0_1735.nii,soen499-worker-6.novalocal,140561809028864
increment,705.0970327854156,708.9443814754486,bigbrain_3076_1005_1735.nii,soen499-worker-14.novalocal,140480635311872
increment,705.8869302272797,709.7230839729309,bigbrain_3076_1005_0.nii,soen499-worker-12.novalocal,140145101625088
increment,708.3130583763123,712.1726586818695,bigbrain_0_0_0.nii,soen499-worker-16.novalocal,139859209471744
increment,710.651038646698,714.5044889450073,bigbrain_1538_2010_0.nii,soen499-worker-5.novalocal,140514461783808
increment,710.6522810459137,714.5302262306213,bigbrain_1538_2010_1735.nii,soen499-worker-9.novalocal,140544525190912
increment,712.1127326488495,715.9594247341156,bigbrain_0_2010_1735.nii,soen499-worker-14.novalocal,140480184575744
increment,713.86953997612,717.7347946166992,bigbrain_0_0_1735.nii,soen499-worker-6.novalocal,140561461802752
increment,715.4335389137268,719.2399780750275,bigbrain_2307_0_0.nii,soen499-worker-12.novalocal,140145076446976
increment,717.8517785072327,721.6570334434509,bigbrain_1538_1005_0.nii,soen499-worker-16.novalocal,139859657586432
increment,720.7416167259216,724.5909333229065,bigbrain_0_1005_0.nii,soen499-worker-5.novalocal,140514444736256
increment,720.7427377700806,724.6011097431183,bigbrain_3076_0_1735.nii,soen499-worker-9.novalocal,140544965256960
increment,724.2870628833771,728.14452958107,bigbrain_769_2010_1735.nii,soen499-worker-14.novalocal,140480626919168
increment,724.2890920639038,728.1502175331116,bigbrain_1538_1005_1735.nii,soen499-worker-6.novalocal,140561453410048
increment,725.284494638443,729.0833435058594,bigbrain_769_2010_0.nii,soen499-worker-12.novalocal,140145118410496
increment,725.2863004207611,729.0876092910767,bigbrain_2307_2010_0.nii,soen499-worker-16.novalocal,139859674633984
increment,729.7730193138123,733.6325540542603,bigbrain_769_1005_0.nii,soen499-worker-5.novalocal,140514478831360
increment,729.773592710495,733.6230268478394,bigbrain_0_1005_1735.nii,soen499-worker-9.novalocal,140544533583616
increment,733.2306234836578,737.037584066391,bigbrain_769_0_0.nii,soen499-worker-16.novalocal,139859648931584
increment,732.5168220996857,736.3794121742249,bigbrain_2307_0_1735.nii,soen499-worker-14.novalocal,140480609871616
increment,733.2272598743439,737.0282199382782,bigbrain_0_2010_0.nii,soen499-worker-12.novalocal,140145093232384
increment,733.2294681072235,737.0995042324066,bigbrain_2307_2010_1735.nii,soen499-worker-6.novalocal,140561843123968
increment,738.0958330631256,741.9474244117737,bigbrain_3076_1005_1735.nii,soen499-worker-14.novalocal,140480192968448
increment,737.3274285793304,741.1783878803253,bigbrain_3076_0_0.nii,soen499-worker-5.novalocal,140513881618176
increment,738.0969040393829,741.9575862884521,bigbrain_769_1005_1735.nii,soen499-worker-9.novalocal,140544541976320
increment,741.0274662971497,744.8698627948761,bigbrain_769_0_1735.nii,soen499-worker-6.novalocal,140561834469120
increment,741.0237009525299,744.825587272644,bigbrain_3076_1005_0.nii,soen499-worker-12.novalocal,140145110017792
increment,743.2517554759979,747.0801982879639,bigbrain_1538_2010_0.nii,soen499-worker-5.novalocal,140514453128960
increment,743.2492327690125,747.0535340309143,bigbrain_0_0_0.nii,soen499-worker-16.novalocal,139859234649856
increment,744.6943995952606,748.5566313266754,bigbrain_1538_2010_1735.nii,soen499-worker-9.novalocal,140544550369024
increment,745.3616604804993,749.1968650817871,bigbrain_2307_0_0.nii,soen499-worker-12.novalocal,140145084839680
increment,745.3572835922241,749.2129287719727,bigbrain_0_2010_1735.nii,soen499-worker-14.novalocal,140480618264320
increment,747.6245675086975,751.433812379837,bigbrain_1538_1005_0.nii,soen499-worker-16.novalocal,139859226257152
increment,747.6262228488922,751.4627892971039,bigbrain_0_0_1735.nii,soen499-worker-6.novalocal,140561817421568
increment,748.5141279697418,752.3698477745056,bigbrain_1538_1005_1735.nii,soen499-worker-6.novalocal,140561826076416
increment,748.7311964035034,752.5982728004456,bigbrain_0_1005_0.nii,soen499-worker-5.novalocal,140514436081408
increment,748.7743971347809,752.6062650680542,bigbrain_3076_0_1735.nii,soen499-worker-9.novalocal,140544973649664
increment,748.7916452884674,752.6404232978821,bigbrain_769_2010_1735.nii,soen499-worker-14.novalocal,140480635311872
increment,748.8176217079163,752.6388866901398,bigbrain_2307_2010_0.nii,soen499-worker-16.novalocal,139859217864448
increment,748.8226611614227,752.6616909503937,bigbrain_769_1005_0.nii,soen499-worker-5.novalocal,140514461783808
increment,748.8356504440308,752.679701089859,bigbrain_0_1005_1735.nii,soen499-worker-9.novalocal,140544982042368
increment,748.8217754364014,752.6803932189941,bigbrain_2307_2010_1735.nii,soen499-worker-6.novalocal,140561809028864
increment,748.7849867343903,752.6795978546143,bigbrain_769_2010_0.nii,soen499-worker-12.novalocal,140145532856064
increment,748.8305048942566,752.7263557910919,bigbrain_0_2010_0.nii,soen499-worker-12.novalocal,140145101625088
increment,748.9494380950928,752.7547826766968,bigbrain_769_0_0.nii,soen499-worker-16.novalocal,139859209471744
increment,748.9427127838135,752.7568907737732,bigbrain_2307_0_1735.nii,soen499-worker-14.novalocal,140480652359424
increment,748.9745132923126,752.7924239635468,bigbrain_3076_0_0.nii,soen499-worker-5.novalocal,140514470176512
increment,748.9657766819,752.8281028270721,bigbrain_769_0_1735.nii,soen499-worker-6.novalocal,140561445017344
increment,749.0192646980286,752.862710237503,bigbrain_769_1005_1735.nii,soen499-worker-9.novalocal,140544525190912
increment,749.0222759246826,752.8878190517426,bigbrain_3076_1005_0.nii,soen499-worker-12.novalocal,140145076446976
increment,749.0610377788544,752.8916199207306,bigbrain_3076_1005_1735.nii,soen499-worker-14.novalocal,140480643966720
increment,749.1298146247864,752.949275970459,bigbrain_0_0_0.nii,soen499-worker-16.novalocal,139859665979136
increment,749.1430003643036,752.9713654518127,bigbrain_1538_2010_0.nii,soen499-worker-5.novalocal,140514444736256
increment,749.1475474834442,752.971312046051,bigbrain_1538_2010_1735.nii,soen499-worker-9.novalocal,140544965256960
increment,749.2186155319214,753.0368340015411,bigbrain_2307_0_0.nii,soen499-worker-12.novalocal,140145541510912
increment,749.2846229076385,753.1047897338867,bigbrain_0_2010_1735.nii,soen499-worker-14.novalocal,140480184575744
save_incremented,602.1083736419678,753.2726490497589,bigbrain_1538_0_1735.nii,soen499-worker-13.novalocal,140180185257728
save_incremented,602.9480612277985,753.4157598018646,bigbrain_2307_1005_0.nii,soen499-worker-15.novalocal,140660261521152
increment,751.4879379272461,755.2941837310791,bigbrain_1538_1005_0.nii,soen499-worker-16.novalocal,139859657586432
increment,751.4928393363953,755.3584201335907,bigbrain_0_0_1735.nii,soen499-worker-6.novalocal,140561453410048
increment,752.8276164531708,756.6949656009674,bigbrain_769_2010_0.nii,soen499-worker-12.novalocal,140145093232384
increment,752.7888281345367,756.6011357307434,bigbrain_2307_2010_0.nii,soen499-worker-16.novalocal,139859674633984
increment,752.7276647090912,756.5631713867188,bigbrain_0_1005_0.nii,soen499-worker-5.novalocal,140514427688704
increment,752.779271364212,756.6286647319794,bigbrain_769_2010_1735.nii,soen499-worker-14.novalocal,140480626919168
increment,752.7322626113892,756.6088402271271,bigbrain_3076_0_1735.nii,soen499-worker-9.novalocal,140544990697216
increment,752.9137058258057,756.7920207977295,bigbrain_0_2010_0.nii,soen499-worker-12.novalocal,140145110017792
increment,752.9046382904053,756.7106018066406,bigbrain_769_0_0.nii,soen499-worker-16.novalocal,139859648931584
increment,752.8423075675964,756.6911396980286,bigbrain_2307_0_1735.nii,soen499-worker-14.novalocal,140480609871616
increment,752.788934469223,756.6102266311646,bigbrain_769_1005_0.nii,soen499-worker-5.novalocal,140514478831360
increment,752.8434381484985,756.7016990184784,bigbrain_0_1005_1735.nii,soen499-worker-9.novalocal,140544541976320
increment,752.8045456409454,756.657660484314,bigbrain_2307_2010_1735.nii,soen499-worker-6.novalocal,140561843123968
increment,753.0624573230743,756.8672134876251,bigbrain_0_0_0.nii,soen499-worker-16.novalocal,139859234649856
increment,752.4247703552246,756.2719159126282,bigbrain_1538_1005_1735.nii,soen499-worker-6.novalocal,140561817421568
increment,753.019100189209,756.8816208839417,bigbrain_3076_1005_0.nii,soen499-worker-12.novalocal,140145084839680
increment,753.0241055488586,756.8654458522797,bigbrain_3076_1005_1735.nii,soen499-worker-14.novalocal,140480192968448
increment,753.0720937252045,756.9023644924164,bigbrain_1538_2010_0.nii,soen499-worker-5.novalocal,140514453128960
increment,753.0824835300446,756.9732673168182,bigbrain_2307_0_0.nii,soen499-worker-12.novalocal,140145118410496
increment,753.0749270915985,756.9166851043701,bigbrain_1538_2010_1735.nii,soen499-worker-9.novalocal,140544973649664
increment,753.1240818500519,756.9490149021149,bigbrain_0_2010_1735.nii,soen499-worker-14.novalocal,140480618264320
increment,752.9414904117584,756.757707118988,bigbrain_3076_0_0.nii,soen499-worker-5.novalocal,140513881618176
increment,753.0100343227386,756.8618309497833,bigbrain_769_1005_1735.nii,soen499-worker-9.novalocal,140544550369024
increment,753.0214464664459,756.8744959831238,bigbrain_769_0_1735.nii,soen499-worker-6.novalocal,140561826076416
increment,758.6988613605499,762.5063791275024,bigbrain_1538_1005_0.nii,soen499-worker-16.novalocal,139859217864448
increment,768.7354300022125,772.583648443222,bigbrain_0_1005_0.nii,soen499-worker-5.novalocal,140514461783808
increment,762.9142367839813,766.721506357193,bigbrain_2307_2010_0.nii,soen499-worker-16.novalocal,139859665979136
increment,770.0357575416565,773.9758706092834,bigbrain_769_2010_0.nii,soen499-worker-12.novalocal,140145541510912
increment,770.0362524986267,773.9162421226501,bigbrain_769_2010_1735.nii,soen499-worker-14.novalocal,140480184575744
increment,766.3747463226318,770.1846508979797,bigbrain_769_0_0.nii,soen499-worker-16.novalocal,139859226257152
increment,766.3794372081757,770.2409846782684,bigbrain_0_0_1735.nii,soen499-worker-6.novalocal,140561461802752
increment,772.5220768451691,776.3753657341003,bigbrain_3076_0_1735.nii,soen499-worker-9.novalocal,140544533583616
increment,773.5140159130096,777.3952400684357,bigbrain_0_1005_1735.nii,soen499-worker-9.novalocal,140544990697216
save_incremented,602.8183417320251,777.6213233470917,bigbrain_2307_1005_1735.nii,soen499-worker-13.novalocal,140180168210176
save_incremented,601.6544530391693,778.7409362792969,bigbrain_1538_0_0.nii,soen499-worker-15.novalocal,140660269913856
increment,775.2167587280273,779.0686857700348,bigbrain_769_1005_0.nii,soen499-worker-5.novalocal,140514436081408
save_incremented,908.5460042953491,1208.824304819107,bigbrain_0_1005_1735.nii,soen499-worker-9.novalocal,140544973649664
increment,775.871354341507,779.7708787918091,bigbrain_2307_2010_1735.nii,soen499-worker-6.novalocal,140561834469120
increment,777.126806974411,780.9350180625916,bigbrain_0_0_0.nii,soen499-worker-16.novalocal,139859648931584
increment,777.1214599609375,780.9987463951111,bigbrain_2307_0_1735.nii,soen499-worker-14.novalocal,140480635311872
increment,777.1277964115143,781.0273666381836,bigbrain_1538_1005_1735.nii,soen499-worker-6.novalocal,140561453410048
increment,777.4624252319336,781.2848725318909,bigbrain_1538_2010_0.nii,soen499-worker-5.novalocal,140514427688704
increment,777.4642608165741,781.2930917739868,bigbrain_1538_2010_1735.nii,soen499-worker-9.novalocal,140544541976320
increment,777.5135660171509,781.3329312801361,bigbrain_3076_1005_1735.nii,soen499-worker-14.novalocal,140480652359424
increment,777.461754322052,781.3638942241669,bigbrain_0_2010_0.nii,soen499-worker-12.novalocal,140145532856064
increment,777.6074266433716,781.4030520915985,bigbrain_1538_1005_0.nii,soen499-worker-16.novalocal,139859657586432
increment,777.6091272830963,781.4443202018738,bigbrain_769_1005_1735.nii,soen499-worker-9.novalocal,140544982042368
increment,777.5124316215515,781.4464776515961,bigbrain_3076_1005_0.nii,soen499-worker-12.novalocal,140145101625088
increment,777.6297364234924,781.4478135108948,bigbrain_3076_0_0.nii,soen499-worker-5.novalocal,140514470176512
increment,777.6324481964111,781.4767024517059,bigbrain_0_2010_1735.nii,soen499-worker-14.novalocal,140480643966720
increment,777.6088094711304,781.4966831207275,bigbrain_769_0_1735.nii,soen499-worker-6.novalocal,140561809028864
increment,777.6609907150269,781.5194697380066,bigbrain_2307_0_0.nii,soen499-worker-12.novalocal,140145076446976
increment,777.7377669811249,781.5811009407043,bigbrain_0_0_1735.nii,soen499-worker-6.novalocal,140561843123968
increment,777.9720752239227,781.7789397239685,bigbrain_2307_2010_0.nii,soen499-worker-16.novalocal,139859234649856
increment,777.9736220836639,781.7927491664886,bigbrain_3076_0_1735.nii,soen499-worker-9.novalocal,140544525190912
increment,778.0114977359772,781.8369569778442,bigbrain_0_1005_0.nii,soen499-worker-5.novalocal,140514444736256
increment,778.108555316925,781.9156315326691,bigbrain_769_0_0.nii,soen499-worker-16.novalocal,139859217864448
increment,778.0717380046844,781.9247422218323,bigbrain_769_2010_1735.nii,soen499-worker-14.novalocal,140480609871616
increment,778.112457036972,781.936173915863,bigbrain_0_1005_1735.nii,soen499-worker-9.novalocal,140544973649664
increment,778.0970542430878,782.0208148956299,bigbrain_769_2010_0.nii,soen499-worker-12.novalocal,140145110017792
increment,779.1932520866394,783.0295989513397,bigbrain_769_1005_0.nii,soen499-worker-5.novalocal,140514478831360
increment,779.8364284038544,783.6852478981018,bigbrain_2307_2010_1735.nii,soen499-worker-6.novalocal,140561445017344
save_incremented,966.2558958530426,1213.7011811733246,bigbrain_769_1005_1735.nii,soen499-worker-9.novalocal,140544965256960
increment,781.0593709945679,784.8806247711182,bigbrain_0_0_0.nii,soen499-worker-16.novalocal,139859226257152
increment,781.1417217254639,785.0047924518585,bigbrain_2307_0_1735.nii,soen499-worker-14.novalocal,140480192968448
increment,781.1557672023773,785.025600194931,bigbrain_1538_1005_1735.nii,soen499-worker-6.novalocal,140561826076416
increment,781.3287880420685,785.1702110767365,bigbrain_1538_2010_0.nii,soen499-worker-5.novalocal,140514453128960
increment,781.35609126091,785.2021081447601,bigbrain_1538_2010_1735.nii,soen499-worker-9.novalocal,140544550369024
increment,781.3884389400482,785.2304985523224,bigbrain_3076_1005_1735.nii,soen499-worker-14.novalocal,140480618264320
increment,781.4800384044647,785.2913773059845,bigbrain_1538_1005_0.nii,soen499-worker-16.novalocal,139859209471744
increment,781.4785346984863,785.3145818710327,bigbrain_0_2010_0.nii,soen499-worker-12.novalocal,140145084839680
increment,781.4963529109955,785.3184432983398,bigbrain_769_1005_1735.nii,soen499-worker-9.novalocal,140544533583616
increment,781.5495128631592,785.3483939170837,bigbrain_3076_0_0.nii,soen499-worker-5.novalocal,140513881618176
increment,781.5635826587677,785.399623632431,bigbrain_0_2010_1735.nii,soen499-worker-14.novalocal,140480626919168
increment,781.5744795799255,785.4314160346985,bigbrain_769_0_1735.nii,soen499-worker-6.novalocal,140561461802752
increment,781.5632884502411,785.5014727115631,bigbrain_3076_1005_0.nii,soen499-worker-12.novalocal,140145118410496
increment,781.6198878288269,785.5022120475769,bigbrain_0_0_1735.nii,soen499-worker-6.novalocal,140561834469120
increment,781.6051573753357,785.5354428291321,bigbrain_2307_0_0.nii,soen499-worker-12.novalocal,140145093232384
increment,782.0389864444733,785.9274871349335,bigbrain_769_2010_0.nii,soen499-worker-12.novalocal,140145541510912
increment,781.9764804840088,785.8302991390228,bigbrain_769_2010_1735.nii,soen499-worker-14.novalocal,140480184575744
increment,781.9148607254028,785.739177942276,bigbrain_0_1005_0.nii,soen499-worker-5.novalocal,140514461783808
increment,781.9100108146667,785.7383854389191,bigbrain_3076_0_1735.nii,soen499-worker-9.novalocal,140544965256960
increment,783.2033884525299,787.0564637184143,bigbrain_769_1005_0.nii,soen499-worker-5.novalocal,140514427688704
increment,782.020024061203,785.8327267169952,bigbrain_0_1005_1735.nii,soen499-worker-9.novalocal,140544990697216
increment,781.8807535171509,785.7090489864349,bigbrain_2307_2010_0.nii,soen499-worker-16.novalocal,139859674633984
increment,783.8062524795532,787.650593996048,bigbrain_2307_2010_1735.nii,soen499-worker-6.novalocal,140561817421568
increment,781.9708652496338,785.804701089859,bigbrain_769_0_0.nii,soen499-worker-16.novalocal,139859648931584
increment,790.5477273464203,794.3603482246399,bigbrain_0_0_0.nii,soen499-worker-16.novalocal,139859234649856
increment,793.4996268749237,797.358648777008,bigbrain_2307_0_1735.nii,soen499-worker-14.novalocal,140480643966720
increment,794.2901539802551,798.1459867954254,bigbrain_1538_1005_1735.nii,soen499-worker-6.novalocal,140561809028864
save_incremented,831.242299079895,1233.6254453659058,bigbrain_1538_1005_0.nii,soen499-worker-16.novalocal,139859665979136
save_incremented,835.5279347896576,1233.690818786621,bigbrain_2307_0_1735.nii,soen499-worker-14.novalocal,140480626919168
increment,797.5776195526123,801.42702293396,bigbrain_1538_2010_0.nii,soen499-worker-5.novalocal,140514444736256
increment,799.9217238426208,803.8138856887817,bigbrain_0_2010_0.nii,soen499-worker-12.novalocal,140145110017792
increment,799.9221839904785,803.7396941184998,bigbrain_1538_1005_0.nii,soen499-worker-16.novalocal,139859665979136
increment,797.5853576660156,801.4419078826904,bigbrain_1538_2010_1735.nii,soen499-worker-9.novalocal,140544525190912
increment,802.1295175552368,805.9938812255859,bigbrain_3076_1005_1735.nii,soen499-worker-14.novalocal,140480635311872
increment,803.6828012466431,807.5608735084534,bigbrain_3076_0_0.nii,soen499-worker-5.novalocal,140514436081408
increment,806.1913270950317,810.0000224113464,bigbrain_3076_1005_0.nii,soen499-worker-12.novalocal,140145532856064
increment,807.902176618576,811.75825715065,bigbrain_769_1005_1735.nii,soen499-worker-9.novalocal,140544973649664
increment,807.9021587371826,811.7405781745911,bigbrain_769_0_1735.nii,soen499-worker-6.novalocal,140561453410048
increment,807.8997850418091,811.7567126750946,bigbrain_0_2010_1735.nii,soen499-worker-14.novalocal,140480609871616
increment,807.9026925563812,811.7586917877197,bigbrain_2307_2010_0.nii,soen499-worker-16.novalocal,139859209471744
save_incremented,831.0679631233215,1181.969720840454,bigbrain_1538_2010_0.nii,soen499-worker-5.novalocal,140514453128960
increment,810.9326848983765,814.752613067627,bigbrain_0_1005_0.nii,soen499-worker-5.novalocal,140514478831360
increment,810.9339761734009,814.8095927238464,bigbrain_0_0_1735.nii,soen499-worker-6.novalocal,140561826076416
save_incremented,832.3292112350464,1246.4182937145233,bigbrain_769_2010_1735.nii,soen499-worker-14.novalocal,140480643966720
increment,813.8493070602417,817.6684906482697,bigbrain_769_2010_1735.nii,soen499-worker-14.novalocal,140480626919168
increment,813.84961104393,817.6849150657654,bigbrain_769_0_0.nii,soen499-worker-16.novalocal,139859674633984
increment,813.855015039444,817.6885089874268,bigbrain_769_1005_0.nii,soen499-worker-5.novalocal,140514461783808
increment,813.8509855270386,817.6909852027893,bigbrain_3076_0_1735.nii,soen499-worker-9.novalocal,140544533583616
increment,813.8494961261749,817.699357509613,bigbrain_2307_0_0.nii,soen499-worker-12.novalocal,140145084839680
increment,813.8731653690338,817.7078416347504,bigbrain_0_1005_1735.nii,soen499-worker-9.novalocal,140544541976320
increment,813.8994805812836,817.7240912914276,bigbrain_2307_0_1735.nii,soen499-worker-14.novalocal,140480618264320
increment,813.9063236713409,817.7347340583801,bigbrain_1538_2010_0.nii,soen499-worker-5.novalocal,140514470176512
increment,813.8626427650452,817.7347917556763,bigbrain_2307_2010_1735.nii,soen499-worker-6.novalocal,140561461802752
increment,813.8930289745331,817.7508561611176,bigbrain_0_0_0.nii,soen499-worker-16.novalocal,139859217864448
increment,813.8720002174377,817.7708976268768,bigbrain_769_2010_0.nii,soen499-worker-12.novalocal,140145118410496
increment,813.9492452144623,817.8205075263977,bigbrain_1538_1005_1735.nii,soen499-worker-6.novalocal,140561843123968
increment,813.9975895881653,817.9242026805878,bigbrain_0_2010_0.nii,soen499-worker-12.novalocal,140145101625088
save_incremented,832.3886315822601,1247.5605425834656,bigbrain_769_0_0.nii,soen499-worker-16.novalocal,139859648931584
save_incremented,831.9971125125885,1246.338532924652,bigbrain_0_0_1735.nii,soen499-worker-6.novalocal,140561843123968
increment,814.5283677577972,818.3504476547241,bigbrain_1538_1005_0.nii,soen499-worker-16.novalocal,139859226257152
increment,814.5287346839905,818.4032893180847,bigbrain_3076_1005_1735.nii,soen499-worker-14.novalocal,140480184575744
increment,814.3860635757446,818.2288472652435,bigbrain_1538_2010_1735.nii,soen499-worker-9.novalocal,140544982042368
increment,814.8042645454407,818.7284924983978,bigbrain_3076_1005_0.nii,soen499-worker-12.novalocal,140145093232384
increment,814.6852042675018,818.5019099712372,bigbrain_3076_0_0.nii,soen499-worker-5.novalocal,140514427688704
increment,814.8235540390015,818.6698381900787,bigbrain_769_1005_1735.nii,soen499-worker-9.novalocal,140544965256960
increment,814.7710266113281,818.6554005146027,bigbrain_769_0_1735.nii,soen499-worker-6.novalocal,140561445017344
increment,814.830046415329,818.6461517810822,bigbrain_2307_2010_0.nii,soen499-worker-16.novalocal,139859648931584
increment,814.8624200820923,818.6974215507507,bigbrain_0_2010_1735.nii,soen499-worker-14.novalocal,140480643966720
increment,814.9782922267914,818.8610711097717,bigbrain_0_0_1735.nii,soen499-worker-6.novalocal,140561453410048
save_incremented,831.4809658527374,1248.5975215435028,bigbrain_0_2010_0.nii,soen499-worker-12.novalocal,140145084839680
increment,814.8666751384735,818.7038195133209,bigbrain_0_1005_0.nii,soen499-worker-5.novalocal,140514444736256
increment,821.9147245883942,825.774631023407,bigbrain_769_2010_1735.nii,soen499-worker-14.novalocal,140480652359424
increment,823.7916376590729,827.5942468643188,bigbrain_769_0_0.nii,soen499-worker-16.novalocal,139859209471744
save_incremented,705.1883640289307,828.6731631755829,bigbrain_3076_2010_1735.nii,soen499-worker-13.novalocal,140179813693184
save_incremented,748.8448314666748,831.1003630161285,bigbrain_3076_2010_0.nii,soen499-worker-15.novalocal,140659826611968
increment,828.6795036792755,832.5097525119781,bigbrain_2307_0_0.nii,soen499-worker-12.novalocal,140145532856064
increment,828.6801381111145,832.5287518501282,bigbrain_769_1005_0.nii,soen499-worker-5.novalocal,140513881618176
increment,828.6809084415436,832.5426423549652,bigbrain_3076_0_1735.nii,soen499-worker-9.novalocal,140544973649664
increment,830.9600155353546,834.8224158287048,bigbrain_2307_0_1735.nii,soen499-worker-14.novalocal,140480192968448
increment,830.9611477851868,834.8378627300262,bigbrain_2307_2010_1735.nii,soen499-worker-6.novalocal,140561826076416
increment,831.1727230548859,835.0934402942657,bigbrain_769_2010_0.nii,soen499-worker-12.novalocal,140145076446976
read_img,0.22283411026000977,0.8554208278656006,bigbrain_1538_0_0.nii,soen499-worker-15.novalocal,140659843397376
read_img,0.22264409065246582,1.0526163578033447,bigbrain_0_2010_0.nii,soen499-worker-12.novalocal,140145110017792
read_img,0.23236489295959473,0.8623785972595215,bigbrain_1538_0_1735.nii,soen499-worker-13.novalocal,140179813693184
read_img,0.2625732421875,1.0464746952056885,bigbrain_2307_1005_1735.nii,soen499-worker-13.novalocal,140179796907776
read_img,0.2826976776123047,1.3926546573638916,bigbrain_3076_1005_0.nii,soen499-worker-12.novalocal,140145541510912
read_img,0.25243186950683594,0.8636841773986816,bigbrain_2307_1005_0.nii,soen499-worker-15.novalocal,140660261521152
read_img,0.2957754135131836,1.4533381462097168,bigbrain_3076_2010_1735.nii,soen499-worker-13.novalocal,140180176602880
read_img,0.20218229293823242,0.8551690578460693,bigbrain_0_0_0.nii,soen499-worker-16.novalocal,139859665979136
read_img,0.296184778213501,1.453031063079834,bigbrain_3076_2010_0.nii,soen499-worker-15.novalocal,140659835004672
read_img,0.2739574909210205,0.8557744026184082,bigbrain_3076_0_0.nii,soen499-worker-5.novalocal,140514436081408
read_img,0.2518575191497803,1.6537351608276367,bigbrain_2307_0_0.nii,soen499-worker-12.novalocal,140145076446976
read_img,0.24253439903259277,0.8643107414245605,bigbrain_1538_2010_0.nii,soen499-worker-5.novalocal,140514453128960
read_img,0.2136826515197754,0.841245174407959,bigbrain_0_1005_0.nii,soen499-worker-5.novalocal,140514444736256
read_img,0.2829592227935791,1.4567492008209229,bigbrain_3076_1005_1735.nii,soen499-worker-14.novalocal,140480618264320
read_img,0.30611276626586914,1.4545197486877441,bigbrain_769_1005_0.nii,soen499-worker-5.novalocal,140514461783808
read_img,0.2521045207977295,1.6497626304626465,bigbrain_2307_0_1735.nii,soen499-worker-14.novalocal,140480643966720
read_img,0.22268962860107422,1.395287275314331,bigbrain_0_2010_1735.nii,soen499-worker-14.novalocal,140480184575744
read_img,0.3141047954559326,1.6498839855194092,bigbrain_769_2010_1735.nii,soen499-worker-14.novalocal,140480192968448
read_img,0.20550823211669922,0.8671858310699463,bigbrain_0_0_1735.nii,soen499-worker-6.novalocal,140561461802752
read_img,0.2360851764678955,1.0495848655700684,bigbrain_1538_1005_1735.nii,soen499-worker-6.novalocal,140561834469120
read_img,0.2769155502319336,1.2600445747375488,bigbrain_2307_2010_1735.nii,soen499-worker-6.novalocal,140561817421568
read_img,0.23270940780639648,1.6499443054199219,bigbrain_1538_1005_0.nii,soen499-worker-16.novalocal,139859209471744
read_img,0.24443817138671875,1.0491681098937988,bigbrain_1538_2010_1735.nii,soen499-worker-9.novalocal,140544541976320
read_img,0.31383824348449707,1.7296326160430908,bigbrain_769_2010_0.nii,soen499-worker-12.novalocal,140145093232384
read_img,0.2755889892578125,1.258681058883667,bigbrain_3076_0_1735.nii,soen499-worker-9.novalocal,140544965256960
read_img,0.21552801132202148,0.8659932613372803,bigbrain_0_1005_1735.nii,soen499-worker-9.novalocal,140544525190912
read_img,0.26307249069213867,1.742281436920166,bigbrain_2307_2010_0.nii,soen499-worker-16.novalocal,139859674633984
read_img,0.30844831466674805,1.8221352100372314,bigbrain_769_1005_1735.nii,soen499-worker-9.novalocal,140544550369024
read_img,0.29665470123291016,1.8203833103179932,bigbrain_769_0_0.nii,soen499-worker-16.novalocal,139859226257152
read_img,0.3085060119628906,1.8388032913208008,bigbrain_769_0_1735.nii,soen499-worker-6.novalocal,140561445017344
save_incremented,832.1980764865875,1301.1664707660675,bigbrain_3076_1005_0.nii,soen499-worker-12.novalocal,140145101625088
save_incremented,831.5535900592804,1310.7288627624512,bigbrain_2307_2010_0.nii,soen499-worker-16.novalocal,139859674633984
save_incremented,831.2554030418396,1310.5778138637543,bigbrain_3076_0_0.nii,soen499-worker-5.novalocal,140514461783808
increment,830.9611864089966,834.8026149272919,bigbrain_0_1005_1735.nii,soen499-worker-9.novalocal,140544525190912
increment,831.4879398345947,835.3212132453918,bigbrain_769_1005_1735.nii,soen499-worker-9.novalocal,140544533583616
increment,831.0716202259064,834.9509420394897,bigbrain_1538_1005_1735.nii,soen499-worker-6.novalocal,140561817421568
increment,831.3984794616699,835.2756049633026,bigbrain_769_0_1735.nii,soen499-worker-6.novalocal,140561834469120
save_incremented,833.2753002643585,1344.9322183132172,bigbrain_769_1005_0.nii,soen499-worker-5.novalocal,140514436081408
save_incremented,899.7652056217194,1345.2187941074371,bigbrain_2307_2010_1735.nii,soen499-worker-6.novalocal,140561809028864
save_incremented,841.1093313694,1374.0657646656036,bigbrain_769_2010_0.nii,soen499-worker-12.novalocal,140145118410496
save_incremented,832.5415253639221,1374.1659743785858,bigbrain_2307_0_0.nii,soen499-worker-12.novalocal,140145541510912
save_incremented,914.7611804008484,1387.9133439064026,bigbrain_769_0_1735.nii,soen499-worker-6.novalocal,140561826076416
