save_incremented,838.138463973999,1102.4266879558563,bigbrain_1538_1005_0.nii,soen499-worker-16.novalocal,140545657648896,27595
save_incremented,839.0308096408844,1126.97642660141,bigbrain_769_0_0.nii,soen499-worker-16.novalocal,140545666041600,27595
read_img,0.2509040832519531,701.0499885082245,bigbrain_1538_1005_0.nii,soen499-worker-16.novalocal,140545657648896,27595
read_img,0.2506701946258545,701.0483272075653,bigbrain_0_0_0.nii,soen499-worker-16.novalocal,140546104706816,27595
read_img,0.25119900703430176,704.2863326072693,bigbrain_769_0_0.nii,soen499-worker-16.novalocal,140545666041600,27595
read_img,0.251082181930542,704.6486103534698,bigbrain_2307_2010_0.nii,soen499-worker-16.novalocal,140545682827008,27595
read_img,0.2518460750579834,703.4260666370392,bigbrain_3076_1005_1735.nii,soen499-worker-14.novalocal,139982748669696,31879
read_img,0.25130629539489746,703.4248893260956,bigbrain_0_2010_1735.nii,soen499-worker-14.novalocal,139982723491584,31879
read_img,0.2516138553619385,703.0325591564178,bigbrain_2307_0_1735.nii,soen499-worker-14.novalocal,139982757062400,31879
read_img,0.251664400100708,703.369137763977,bigbrain_0_1005_0.nii,soen499-worker-5.novalocal,139918255429376,27636
read_img,0.25190019607543945,703.3694105148315,bigbrain_1538_2010_0.nii,soen499-worker-5.novalocal,139917302884096,27636
read_img,0.2526986598968506,705.1494450569153,bigbrain_769_1005_0.nii,soen499-worker-5.novalocal,139917294491392,27636
read_img,0.2522900104522705,703.3690056800842,bigbrain_3076_0_0.nii,soen499-worker-5.novalocal,139917311276800,27636
read_img,0.2547621726989746,705.3019676208496,bigbrain_3076_0_1735.nii,soen499-worker-9.novalocal,140602521532160,28357
read_img,0.2520575523376465,705.315660238266,bigbrain_769_2010_1735.nii,soen499-worker-14.novalocal,139982731884288,31879
read_img,0.2544713020324707,705.301901102066,bigbrain_1538_2010_1735.nii,soen499-worker-9.novalocal,140602479568640,28357
read_img,0.25420117378234863,705.3018002510071,bigbrain_0_1005_1735.nii,soen499-worker-9.novalocal,140602504746752,28357
read_img,0.25496530532836914,705.3020148277283,bigbrain_769_1005_1735.nii,soen499-worker-9.novalocal,140599539988224,28357
read_img,0.25141215324401855,705.6503119468689,bigbrain_2307_0_0.nii,soen499-worker-12.novalocal,140363182819072,29531
read_img,0.25209546089172363,706.9207737445831,bigbrain_769_2010_0.nii,soen499-worker-12.novalocal,140363174426368,29531
read_img,0.2516591548919678,706.9202723503113,bigbrain_3076_1005_0.nii,soen499-worker-12.novalocal,140362159150848,29531
read_img,0.2511112689971924,706.922660112381,bigbrain_0_2010_0.nii,soen499-worker-12.novalocal,140363191211776,29531
read_img,0.2521400451660156,703.0344808101654,bigbrain_1538_1005_1735.nii,soen499-worker-6.novalocal,140125806327552,27339
read_img,0.2519681453704834,707.1518843173981,bigbrain_0_0_1735.nii,soen499-worker-6.novalocal,140127966000896,27339
read_img,0.2522733211517334,707.1523680686951,bigbrain_2307_2010_1735.nii,soen499-worker-6.novalocal,140128830269184,27339
read_img,0.2523965835571289,707.152574300766,bigbrain_769_0_1735.nii,soen499-worker-6.novalocal,140128821876480,27339
increment,709.4559874534607,713.263593673706,bigbrain_1538_1005_0.nii,soen499-worker-16.novalocal,140545657648896,27595
increment,709.4696578979492,713.2754011154175,bigbrain_0_1005_0.nii,soen499-worker-5.novalocal,139918255429376,27636
increment,709.4677865505219,713.3264870643616,bigbrain_0_2010_1735.nii,soen499-worker-14.novalocal,139982723491584,31879
increment,713.2518982887268,717.0532119274139,bigbrain_3076_0_1735.nii,soen499-worker-9.novalocal,140602521532160,28357
increment,713.3266847133636,717.1734747886658,bigbrain_3076_1005_1735.nii,soen499-worker-14.novalocal,139982748669696,31879
increment,713.2416095733643,717.0522162914276,bigbrain_769_0_0.nii,soen499-worker-16.novalocal,140545666041600,27595
increment,715.8262703418732,719.6160001754761,bigbrain_2307_0_0.nii,soen499-worker-12.novalocal,140363182819072,29531
increment,715.7956619262695,719.7247314453125,bigbrain_1538_1005_1735.nii,soen499-worker-6.novalocal,140125806327552,27339
increment,718.9980165958405,722.8030037879944,bigbrain_1538_2010_1735.nii,soen499-worker-9.novalocal,140602479568640,28357
increment,719.0010368824005,722.8054511547089,bigbrain_1538_2010_0.nii,soen499-worker-5.novalocal,139917302884096,27636
save_incremented,840.0603401660919,1060.863451242447,bigbrain_1538_2010_1735.nii,soen499-worker-9.novalocal,140602479568640,28357
increment,721.3161661624908,725.1453037261963,bigbrain_0_0_0.nii,soen499-worker-16.novalocal,140546104706816,27595
increment,723.8705825805664,727.6664137840271,bigbrain_0_2010_0.nii,soen499-worker-12.novalocal,140363191211776,29531
increment,723.8423802852631,727.6861801147461,bigbrain_2307_2010_1735.nii,soen499-worker-6.novalocal,140128830269184,27339
increment,723.8433740139008,727.7095263004303,bigbrain_2307_0_1735.nii,soen499-worker-14.novalocal,139982757062400,31879
increment,726.6768379211426,730.4861764907837,bigbrain_769_1005_0.nii,soen499-worker-5.novalocal,139917294491392,27636
increment,728.3921358585358,732.2023413181305,bigbrain_0_1005_1735.nii,soen499-worker-9.novalocal,140602504746752,28357
increment,732.8106162548065,736.7777478694916,bigbrain_769_2010_0.nii,soen499-worker-12.novalocal,140363174426368,29531
increment,732.7262306213379,736.5320150852203,bigbrain_769_2010_1735.nii,soen499-worker-14.novalocal,139982731884288,31879
increment,732.7477557659149,736.6010291576385,bigbrain_2307_2010_0.nii,soen499-worker-16.novalocal,140545682827008,27595
increment,735.7662551403046,739.6158826351166,bigbrain_3076_0_0.nii,soen499-worker-5.novalocal,139917311276800,27636
increment,734.9937136173248,738.8307502269745,bigbrain_0_0_1735.nii,soen499-worker-6.novalocal,140127966000896,27339
increment,735.0597820281982,738.8993954658508,bigbrain_769_1005_1735.nii,soen499-worker-9.novalocal,140599539988224,28357
increment,738.4783251285553,742.2877016067505,bigbrain_1538_1005_0.nii,soen499-worker-16.novalocal,140545657648896,27595
increment,738.4780950546265,742.3281190395355,bigbrain_0_2010_1735.nii,soen499-worker-14.novalocal,139982723491584,31879
increment,740.8377587795258,744.6357731819153,bigbrain_3076_1005_0.nii,soen499-worker-12.novalocal,140362159150848,29531
increment,740.8172430992126,744.6598136425018,bigbrain_769_0_1735.nii,soen499-worker-6.novalocal,140128821876480,27339
increment,740.5789973735809,744.4379262924194,bigbrain_0_1005_0.nii,soen499-worker-5.novalocal,139918255429376,27636
increment,743.7041718959808,747.5023474693298,bigbrain_769_0_0.nii,soen499-worker-16.novalocal,140545666041600,27595
increment,743.6975803375244,747.5731315612793,bigbrain_3076_0_1735.nii,soen499-worker-9.novalocal,140602521532160,28357
increment,745.5281872749329,749.3321161270142,bigbrain_2307_0_0.nii,soen499-worker-12.novalocal,140363182819072,29531
increment,746.4510715007782,750.2460281848907,bigbrain_0_2010_0.nii,soen499-worker-12.novalocal,140363191211776,29531
increment,746.1841111183167,750.0451581478119,bigbrain_1538_2010_0.nii,soen499-worker-5.novalocal,139917302884096,27636
increment,746.2274532318115,750.0270566940308,bigbrain_0_0_0.nii,soen499-worker-16.novalocal,140546104706816,27595
increment,746.1827168464661,750.0735669136047,bigbrain_1538_1005_1735.nii,soen499-worker-6.novalocal,140125806327552,27339
increment,746.2247598171234,750.0490460395813,bigbrain_1538_2010_1735.nii,soen499-worker-9.novalocal,140602479568640,28357
increment,746.2405619621277,750.0797846317291,bigbrain_2307_0_1735.nii,soen499-worker-14.novalocal,139982757062400,31879
increment,745.5292274951935,749.386387348175,bigbrain_3076_1005_1735.nii,soen499-worker-14.novalocal,139982748669696,31879
save_incremented,842.3171598911285,1179.929761171341,bigbrain_0_0_0.nii,soen499-worker-16.novalocal,140546104706816,27595
increment,750.9075138568878,754.7632248401642,bigbrain_0_1005_1735.nii,soen499-worker-9.novalocal,140602504746752,28357
increment,750.9075260162354,754.7564520835876,bigbrain_2307_2010_1735.nii,soen499-worker-6.novalocal,140128830269184,27339
increment,750.9100613594055,754.7719159126282,bigbrain_769_1005_0.nii,soen499-worker-5.novalocal,139917294491392,27636
increment,753.631195306778,757.4353885650635,bigbrain_2307_2010_0.nii,soen499-worker-16.novalocal,140545682827008,27595
increment,756.3608286380768,760.1781103610992,bigbrain_769_2010_1735.nii,soen499-worker-14.novalocal,139982731884288,31879
increment,756.3576371669769,760.3486926555634,bigbrain_769_2010_0.nii,soen499-worker-12.novalocal,140363174426368,29531
increment,758.8264350891113,762.7049090862274,bigbrain_3076_0_0.nii,soen499-worker-5.novalocal,139917311276800,27636
increment,758.8277297019958,762.6640791893005,bigbrain_0_0_1735.nii,soen499-worker-6.novalocal,140127966000896,27339
save_incremented,934.4440786838531,1198.68315076828,bigbrain_0_1005_1735.nii,soen499-worker-9.novalocal,140602504746752,28357
increment,762.8775427341461,766.6934769153595,bigbrain_0_2010_1735.nii,soen499-worker-14.novalocal,139982723491584,31879
increment,762.879111289978,766.6935708522797,bigbrain_1538_1005_0.nii,soen499-worker-16.novalocal,140545657648896,27595
increment,762.8766078948975,766.7060706615448,bigbrain_769_1005_1735.nii,soen499-worker-9.novalocal,140599539988224,28357
increment,769.3177952766418,773.1831512451172,bigbrain_3076_0_1735.nii,soen499-worker-9.novalocal,140602521532160,28357
increment,769.3249011039734,773.1406443119049,bigbrain_769_0_0.nii,soen499-worker-16.novalocal,140545666041600,27595
increment,766.0170061588287,769.8555216789246,bigbrain_0_1005_0.nii,soen499-worker-5.novalocal,139918255429376,27636
increment,769.3134765625,773.1236295700073,bigbrain_3076_1005_0.nii,soen499-worker-12.novalocal,140362159150848,29531
increment,768.6408727169037,772.4853870868683,bigbrain_769_0_1735.nii,soen499-worker-6.novalocal,140128821876480,27339
save_incremented,615.9145953655243,775.0427582263947,bigbrain_2307_1005_1735.nii,soen499-worker-13.novalocal,140535020910336,28770
increment,772.0923337936401,775.9103243350983,bigbrain_2307_0_1735.nii,soen499-worker-14.novalocal,139982757062400,31879
increment,772.0918259620667,775.9344756603241,bigbrain_1538_1005_1735.nii,soen499-worker-6.novalocal,140125806327552,27339
save_incremented,615.1613321304321,776.6241173744202,bigbrain_3076_2010_0.nii,soen499-worker-15.novalocal,139622550628096,28687
save_incremented,616.564222574234,777.6171691417694,bigbrain_3076_2010_1735.nii,soen499-worker-13.novalocal,140534987339520,28770
increment,774.2762203216553,778.1131246089935,bigbrain_1538_2010_1735.nii,soen499-worker-9.novalocal,140602479568640,28357
increment,774.285035610199,778.1756021976471,bigbrain_1538_2010_0.nii,soen499-worker-5.novalocal,139917302884096,27636
save_incremented,939.0459501743317,1207.6873362064362,bigbrain_769_1005_1735.nii,soen499-worker-9.novalocal,140599539988224,28357
increment,774.4604964256287,778.2706146240234,bigbrain_0_1005_1735.nii,soen499-worker-9.novalocal,140602504746752,28357
increment,774.2736637592316,778.1969616413116,bigbrain_2307_0_0.nii,soen499-worker-12.novalocal,140363182819072,29531
increment,774.3694176673889,778.242386341095,bigbrain_769_1005_0.nii,soen499-worker-5.novalocal,139917294491392,27636
increment,774.4002802371979,778.2713663578033,bigbrain_3076_1005_1735.nii,soen499-worker-14.novalocal,139982748669696,31879
increment,774.3703212738037,778.1870081424713,bigbrain_0_0_0.nii,soen499-worker-16.novalocal,140546104706816,27595
increment,774.4155008792877,778.2721681594849,bigbrain_2307_2010_1735.nii,soen499-worker-6.novalocal,140128830269184,27339
increment,774.5350611209869,778.3846325874329,bigbrain_769_1005_1735.nii,soen499-worker-9.novalocal,140599539988224,28357
increment,774.4366273880005,778.3187263011932,bigbrain_0_2010_0.nii,soen499-worker-12.novalocal,140363191211776,29531
increment,774.4646909236908,778.3182699680328,bigbrain_3076_0_0.nii,soen499-worker-5.novalocal,139917311276800,27636
increment,774.4898450374603,778.3102931976318,bigbrain_2307_2010_0.nii,soen499-worker-16.novalocal,140545682827008,27595
increment,774.4949395656586,778.3400113582611,bigbrain_769_2010_1735.nii,soen499-worker-14.novalocal,139982731884288,31879
increment,774.5183222293854,778.3779113292694,bigbrain_0_0_1735.nii,soen499-worker-6.novalocal,140127966000896,27339
increment,774.6853556632996,778.5010957717896,bigbrain_3076_0_1735.nii,soen499-worker-9.novalocal,140602521532160,28357
increment,774.522399187088,778.3687565326691,bigbrain_769_2010_0.nii,soen499-worker-12.novalocal,140363174426368,29531
increment,774.5806765556335,778.4260625839233,bigbrain_0_1005_0.nii,soen499-worker-5.novalocal,139918255429376,27636
increment,774.6010084152222,778.4389660358429,bigbrain_0_2010_1735.nii,soen499-worker-14.novalocal,139982723491584,31879
increment,774.5962138175964,778.4145500659943,bigbrain_1538_1005_0.nii,soen499-worker-16.novalocal,140545657648896,27595
increment,774.6209230422974,778.4792909622192,bigbrain_769_0_1735.nii,soen499-worker-6.novalocal,140128821876480,27339
increment,774.6233005523682,778.458747625351,bigbrain_3076_1005_0.nii,soen499-worker-12.novalocal,140362159150848,29531
increment,774.7099370956421,778.5239861011505,bigbrain_769_0_0.nii,soen499-worker-16.novalocal,140545666041600,27595
increment,781.1580495834351,785.0084612369537,bigbrain_2307_0_1735.nii,soen499-worker-14.novalocal,139982757062400,31879
increment,781.1597008705139,785.0080318450928,bigbrain_1538_1005_1735.nii,soen499-worker-6.novalocal,140125806327552,27339
increment,781.9591097831726,785.7930834293365,bigbrain_1538_2010_1735.nii,soen499-worker-9.novalocal,140602479568640,28357
increment,782.0329072475433,785.8670034408569,bigbrain_0_0_0.nii,soen499-worker-16.novalocal,140546104706816,27595
increment,782.0012810230255,785.8817520141602,bigbrain_1538_2010_0.nii,soen499-worker-5.novalocal,139917302884096,27636
increment,782.1942768096924,786.0316016674042,bigbrain_0_1005_1735.nii,soen499-worker-9.novalocal,140602504746752,28357
increment,782.0602650642395,786.02010846138,bigbrain_2307_0_0.nii,soen499-worker-12.novalocal,140363182819072,29531
increment,782.2141001224518,786.0435357093811,bigbrain_1538_1005_0.nii,soen499-worker-16.novalocal,140545657648896,27595
increment,782.2240974903107,786.0540416240692,bigbrain_769_2010_0.nii,soen499-worker-12.novalocal,140363174426368,29531
increment,782.105384349823,785.9792678356171,bigbrain_2307_2010_1735.nii,soen499-worker-6.novalocal,140128830269184,27339
increment,782.1719098091125,786.0255813598633,bigbrain_3076_1005_1735.nii,soen499-worker-14.novalocal,139982748669696,31879
increment,782.2066991329193,786.0749480724335,bigbrain_769_1005_0.nii,soen499-worker-5.novalocal,139917294491392,27636
increment,782.2442569732666,786.0996494293213,bigbrain_0_0_1735.nii,soen499-worker-6.novalocal,140127966000896,27339
increment,782.2988293170929,786.1364386081696,bigbrain_0_2010_1735.nii,soen499-worker-14.novalocal,139982723491584,31879
increment,782.3016538619995,786.1372895240784,bigbrain_3076_0_1735.nii,soen499-worker-9.novalocal,140602521532160,28357
increment,782.3147270679474,786.1558945178986,bigbrain_0_1005_0.nii,soen499-worker-5.novalocal,139918255429376,27636
increment,782.3376896381378,786.1714639663696,bigbrain_2307_2010_0.nii,soen499-worker-16.novalocal,140545682827008,27595
increment,782.359118938446,786.2166361808777,bigbrain_769_0_1735.nii,soen499-worker-6.novalocal,140128821876480,27339
increment,782.3743879795074,786.2160577774048,bigbrain_769_2010_1735.nii,soen499-worker-14.novalocal,139982731884288,31879
increment,782.3958575725555,786.2195734977722,bigbrain_769_1005_1735.nii,soen499-worker-9.novalocal,140599539988224,28357
increment,782.352043390274,786.2223474979401,bigbrain_0_2010_0.nii,soen499-worker-12.novalocal,140363191211776,29531
increment,782.415186882019,786.2318425178528,bigbrain_769_0_0.nii,soen499-worker-16.novalocal,140545666041600,27595
increment,782.4109628200531,786.2606647014618,bigbrain_3076_0_0.nii,soen499-worker-5.novalocal,139917311276800,27636
increment,782.5891807079315,786.4050056934357,bigbrain_3076_1005_0.nii,soen499-worker-12.novalocal,140362159150848,29531
increment,786.0980508327484,789.9172914028168,bigbrain_1538_2010_1735.nii,soen499-worker-9.novalocal,140602479568640,28357
increment,786.0624256134033,789.9234759807587,bigbrain_1538_1005_1735.nii,soen499-worker-6.novalocal,140125806327552,27339
increment,786.1295325756073,789.9642486572266,bigbrain_0_0_0.nii,soen499-worker-16.novalocal,140546104706816,27595
increment,786.0710892677307,789.9726147651672,bigbrain_2307_0_1735.nii,soen499-worker-14.novalocal,139982757062400,31879
increment,786.1325001716614,789.9791448116302,bigbrain_1538_2010_0.nii,soen499-worker-5.novalocal,139917302884096,27636
increment,786.1845045089722,790.0095856189728,bigbrain_0_1005_1735.nii,soen499-worker-9.novalocal,140602504746752,28357
increment,786.1638367176056,790.025680065155,bigbrain_2307_2010_1735.nii,soen499-worker-6.novalocal,140128830269184,27339
increment,786.1787037849426,790.0420775413513,bigbrain_3076_1005_1735.nii,soen499-worker-14.novalocal,139982748669696,31879
increment,786.2323937416077,790.0451648235321,bigbrain_1538_1005_0.nii,soen499-worker-16.novalocal,140545657648896,27595
increment,786.1643290519714,790.0473425388336,bigbrain_2307_0_0.nii,soen499-worker-12.novalocal,140363182819072,29531
increment,786.2412438392639,790.0874948501587,bigbrain_769_1005_0.nii,soen499-worker-5.novalocal,139917294491392,27636
increment,786.2830138206482,790.0976333618164,bigbrain_769_2010_0.nii,soen499-worker-12.novalocal,140363174426368,29531
increment,786.2471489906311,790.1059350967407,bigbrain_0_0_1735.nii,soen499-worker-6.novalocal,140127966000896,27339
increment,786.2757577896118,790.1236455440521,bigbrain_0_1005_0.nii,soen499-worker-5.novalocal,139918255429376,27636
save_incremented,616.4322192668915,790.1360058784485,bigbrain_1538_0_0.nii,soen499-worker-15.novalocal,139620893705984,28687
increment,786.6073670387268,790.4264743328094,bigbrain_0_2010_0.nii,soen499-worker-12.novalocal,140363191211776,29531
increment,786.6569485664368,790.466828584671,bigbrain_3076_0_0.nii,soen499-worker-5.novalocal,139917311276800,27636
increment,786.4188885688782,790.2135360240936,bigbrain_0_2010_1735.nii,soen499-worker-14.novalocal,139982723491584,31879
increment,786.52290558815,790.3369677066803,bigbrain_2307_2010_0.nii,soen499-worker-16.novalocal,140545682827008,27595
increment,786.4346270561218,790.2552607059479,bigbrain_3076_0_1735.nii,soen499-worker-9.novalocal,140602521532160,28357
increment,786.7303938865662,790.6440742015839,bigbrain_3076_1005_0.nii,soen499-worker-12.novalocal,140362159150848,29531
increment,786.7072496414185,790.5507769584656,bigbrain_769_1005_1735.nii,soen499-worker-9.novalocal,140599539988224,28357
increment,786.7025511264801,790.5819749832153,bigbrain_769_2010_1735.nii,soen499-worker-14.novalocal,139982731884288,31879
increment,786.5548160076141,790.4010562896729,bigbrain_769_0_1735.nii,soen499-worker-6.novalocal,140128821876480,27339
increment,786.7278082370758,790.5477705001831,bigbrain_769_0_0.nii,soen499-worker-16.novalocal,140545666041600,27595
save_incremented,851.7955112457275,1226.0403344631195,bigbrain_3076_1005_1735.nii,soen499-worker-14.novalocal,139982748669696,31879
increment,797.7933280467987,801.6076507568359,bigbrain_0_0_0.nii,soen499-worker-16.novalocal,140546104706816,27595
increment,798.3902926445007,802.233197927475,bigbrain_1538_1005_1735.nii,soen499-worker-6.novalocal,140125806327552,27339
increment,798.3888127803802,802.2928786277771,bigbrain_2307_0_1735.nii,soen499-worker-14.novalocal,139982757062400,31879
increment,797.0477449893951,800.9011750221252,bigbrain_1538_2010_1735.nii,soen499-worker-9.novalocal,140602479568640,28357
increment,800.4172945022583,804.3050467967987,bigbrain_1538_2010_0.nii,soen499-worker-5.novalocal,139917302884096,27636
increment,801.9424929618835,805.801041841507,bigbrain_0_1005_1735.nii,soen499-worker-9.novalocal,140602504746752,28357
increment,802.6872727870941,806.6646292209625,bigbrain_2307_0_0.nii,soen499-worker-12.novalocal,140363182819072,29531
increment,806.7476360797882,810.5513234138489,bigbrain_1538_1005_0.nii,soen499-worker-16.novalocal,140545657648896,27595
increment,805.9642550945282,809.804084777832,bigbrain_2307_2010_1735.nii,soen499-worker-6.novalocal,140128830269184,27339
increment,805.9616076946259,809.9340000152588,bigbrain_769_2010_0.nii,soen499-worker-12.novalocal,140363174426368,29531
increment,810.1518194675446,814.0225846767426,bigbrain_3076_0_1735.nii,soen499-worker-9.novalocal,140602521532160,28357
increment,808.0208742618561,811.9002566337585,bigbrain_769_1005_0.nii,soen499-worker-5.novalocal,139917294491392,27636
increment,810.9557764530182,814.8065273761749,bigbrain_3076_1005_1735.nii,soen499-worker-14.novalocal,139982748669696,31879
increment,810.9571578502655,814.7969346046448,bigbrain_0_0_1735.nii,soen499-worker-6.novalocal,140127966000896,27339
save_incremented,853.670670747757,1248.3051781654358,bigbrain_769_2010_1735.nii,soen499-worker-14.novalocal,139982731884288,31879
save_incremented,617.3767986297607,821.4937520027161,bigbrain_2307_1005_0.nii,soen499-worker-15.novalocal,139622567413504,28687
increment,815.4667975902557,819.4464273452759,bigbrain_0_2010_0.nii,soen499-worker-12.novalocal,140363191211776,29531
increment,818.5634036064148,822.3635411262512,bigbrain_3076_1005_0.nii,soen499-worker-12.novalocal,140362159150848,29531
increment,818.5632319450378,822.4305865764618,bigbrain_769_1005_1735.nii,soen499-worker-9.novalocal,140599539988224,28357
increment,818.5642783641815,822.4267227649689,bigbrain_0_2010_1735.nii,soen499-worker-14.novalocal,139982723491584,31879
increment,818.5642778873444,822.4259572029114,bigbrain_0_1005_0.nii,soen499-worker-5.novalocal,139918255429376,27636
increment,815.4680457115173,819.2792634963989,bigbrain_2307_2010_0.nii,soen499-worker-16.novalocal,140545682827008,27595
increment,816.2091858386993,820.0219738483429,bigbrain_769_0_0.nii,soen499-worker-16.novalocal,140545666041600,27595
increment,816.2108824253082,820.0693619251251,bigbrain_769_0_1735.nii,soen499-worker-6.novalocal,140128821876480,27339
increment,822.9041237831116,826.7230725288391,bigbrain_1538_2010_1735.nii,soen499-worker-9.novalocal,140602479568640,28357
increment,822.9052834510803,826.7462570667267,bigbrain_3076_0_0.nii,soen499-worker-5.novalocal,139917311276800,27636
increment,822.905513048172,826.7703421115875,bigbrain_2307_0_1735.nii,soen499-worker-14.novalocal,139982757062400,31879
increment,822.9056458473206,826.6961679458618,bigbrain_769_2010_1735.nii,soen499-worker-14.novalocal,139982731884288,31879
increment,822.9067571163177,826.7536826133728,bigbrain_1538_1005_1735.nii,soen499-worker-6.novalocal,140125806327552,27339
save_incremented,617.24658203125,826.8252902030945,bigbrain_1538_0_1735.nii,soen499-worker-13.novalocal,140535012517632,28770
increment,826.3018932342529,830.135529756546,bigbrain_0_0_0.nii,soen499-worker-16.novalocal,140546104706816,27595
increment,826.5306282043457,830.3392162322998,bigbrain_1538_1005_0.nii,soen499-worker-16.novalocal,140545657648896,27595
increment,826.5322000980377,830.3817548751831,bigbrain_2307_2010_1735.nii,soen499-worker-6.novalocal,140128830269184,27339
increment,826.5294327735901,830.3865122795105,bigbrain_0_1005_1735.nii,soen499-worker-9.novalocal,140602504746752,28357
increment,826.5303030014038,830.4010326862335,bigbrain_1538_2010_0.nii,soen499-worker-5.novalocal,139917302884096,27636
increment,826.5296993255615,830.4614424705505,bigbrain_2307_0_0.nii,soen499-worker-12.novalocal,140363182819072,29531
increment,826.8257412910461,830.6360898017883,bigbrain_3076_1005_1735.nii,soen499-worker-14.novalocal,139982748669696,31879
increment,826.8271822929382,830.6750874519348,bigbrain_0_0_1735.nii,soen499-worker-6.novalocal,140127966000896,27339
increment,826.8244574069977,830.6866910457611,bigbrain_769_2010_0.nii,soen499-worker-12.novalocal,140363174426368,29531
increment,826.8244528770447,830.6912174224854,bigbrain_3076_0_1735.nii,soen499-worker-9.novalocal,140602521532160,28357
increment,826.9329497814178,830.8115665912628,bigbrain_769_1005_0.nii,soen499-worker-5.novalocal,139917294491392,27636
increment,827.0017583370209,830.85276055336,bigbrain_0_2010_1735.nii,soen499-worker-14.novalocal,139982723491584,31879
increment,827.0075960159302,830.8612024784088,bigbrain_769_0_0.nii,soen499-worker-16.novalocal,140545666041600,27595
increment,827.0249528884888,830.8728811740875,bigbrain_0_2010_0.nii,soen499-worker-12.novalocal,140363191211776,29531
increment,827.0281023979187,830.8819925785065,bigbrain_769_0_1735.nii,soen499-worker-6.novalocal,140128821876480,27339
increment,827.0600237846375,830.9023914337158,bigbrain_0_1005_0.nii,soen499-worker-5.novalocal,139918255429376,27636
increment,827.0582344532013,830.9066758155823,bigbrain_769_1005_1735.nii,soen499-worker-9.novalocal,140599539988224,28357
increment,827.0803036689758,830.9612231254578,bigbrain_2307_0_1735.nii,soen499-worker-14.novalocal,139982757062400,31879
increment,827.123571395874,830.9777278900146,bigbrain_2307_2010_0.nii,soen499-worker-16.novalocal,140545682827008,27595
increment,827.1816730499268,830.9852116107941,bigbrain_1538_2010_1735.nii,soen499-worker-9.novalocal,140602479568640,28357
increment,827.2259466648102,831.0312840938568,bigbrain_3076_0_0.nii,soen499-worker-5.novalocal,139917311276800,27636
increment,827.126433134079,831.0396881103516,bigbrain_3076_1005_0.nii,soen499-worker-12.novalocal,140362159150848,29531
increment,827.1800985336304,831.047660112381,bigbrain_1538_1005_1735.nii,soen499-worker-6.novalocal,140125806327552,27339
increment,827.2842783927917,831.0762684345245,bigbrain_769_2010_1735.nii,soen499-worker-14.novalocal,139982731884288,31879
increment,830.2615115642548,834.0685217380524,bigbrain_0_0_0.nii,soen499-worker-16.novalocal,140546104706816,27595
increment,830.4147176742554,834.2228698730469,bigbrain_1538_1005_0.nii,soen499-worker-16.novalocal,140545657648896,27595
increment,830.4837226867676,834.3001472949982,bigbrain_0_1005_1735.nii,soen499-worker-9.novalocal,140602504746752,28357
increment,830.4804458618164,834.3303074836731,bigbrain_2307_2010_1735.nii,soen499-worker-6.novalocal,140128830269184,27339
increment,830.497058391571,834.3421800136566,bigbrain_1538_2010_0.nii,soen499-worker-5.novalocal,139917302884096,27636
increment,830.5001089572906,834.4217157363892,bigbrain_2307_0_0.nii,soen499-worker-12.novalocal,140363182819072,29531
increment,830.8055593967438,834.6175246238708,bigbrain_3076_1005_1735.nii,soen499-worker-14.novalocal,139982748669696,31879
increment,830.9046926498413,834.7458534240723,bigbrain_0_0_1735.nii,soen499-worker-6.novalocal,140127966000896,27339
increment,830.9780764579773,834.7856953144073,bigbrain_769_2010_0.nii,soen499-worker-12.novalocal,140363174426368,29531
increment,831.0263307094574,834.9095396995544,bigbrain_3076_0_1735.nii,soen499-worker-9.novalocal,140602521532160,28357
increment,831.1265699863434,834.939056634903,bigbrain_769_0_0.nii,soen499-worker-16.novalocal,140545666041600,27595
increment,831.1136066913605,834.9614713191986,bigbrain_0_2010_1735.nii,soen499-worker-14.novalocal,139982723491584,31879
increment,831.1095623970032,834.9749262332916,bigbrain_769_1005_0.nii,soen499-worker-5.novalocal,139917294491392,27636
increment,831.1317844390869,834.9802424907684,bigbrain_769_0_1735.nii,soen499-worker-6.novalocal,140128821876480,27339
increment,831.1746702194214,834.9898872375488,bigbrain_769_1005_1735.nii,soen499-worker-9.novalocal,140599539988224,28357
increment,831.1826887130737,835.014340877533,bigbrain_0_1005_0.nii,soen499-worker-5.novalocal,139918255429376,27636
increment,831.216141462326,835.0618193149567,bigbrain_2307_0_1735.nii,soen499-worker-14.novalocal,139982757062400,31879
increment,831.2245500087738,835.0383422374725,bigbrain_2307_2010_0.nii,soen499-worker-16.novalocal,140545682827008,27595
increment,831.2571511268616,835.0671627521515,bigbrain_3076_1005_0.nii,soen499-worker-12.novalocal,140362159150848,29531
increment,831.2697420120239,835.0790643692017,bigbrain_1538_2010_1735.nii,soen499-worker-9.novalocal,140602479568640,28357
increment,831.2743282318115,835.0824007987976,bigbrain_3076_0_0.nii,soen499-worker-5.novalocal,139917311276800,27636
increment,831.2367959022522,835.0896499156952,bigbrain_1538_1005_1735.nii,soen499-worker-6.novalocal,140125806327552,27339
increment,831.290275812149,835.0916080474854,bigbrain_769_2010_1735.nii,soen499-worker-14.novalocal,139982731884288,31879
increment,831.1710603237152,835.1115727424622,bigbrain_0_2010_0.nii,soen499-worker-12.novalocal,140363191211776,29531
increment,834.0857911109924,837.8986625671387,bigbrain_0_0_0.nii,soen499-worker-16.novalocal,140546104706816,27595
increment,834.257260799408,838.0691950321198,bigbrain_1538_1005_0.nii,soen499-worker-16.novalocal,140545657648896,27595
increment,834.4344255924225,838.2755212783813,bigbrain_0_1005_1735.nii,soen499-worker-9.novalocal,140602504746752,28357
increment,834.4691741466522,838.3157136440277,bigbrain_2307_2010_1735.nii,soen499-worker-6.novalocal,140128830269184,27339
increment,834.5771820545197,838.4715130329132,bigbrain_1538_2010_0.nii,soen499-worker-5.novalocal,139917302884096,27636
increment,834.8321359157562,838.707085609436,bigbrain_2307_0_0.nii,soen499-worker-12.novalocal,140363182819072,29531
increment,835.1092410087585,838.9332127571106,bigbrain_3076_0_1735.nii,soen499-worker-9.novalocal,140602521532160,28357
increment,835.0650730133057,838.9387063980103,bigbrain_3076_1005_1735.nii,soen499-worker-14.novalocal,139982748669696,31879
increment,835.0943093299866,838.9407892227173,bigbrain_0_0_1735.nii,soen499-worker-6.novalocal,140127966000896,27339
increment,835.1174304485321,838.9630625247955,bigbrain_769_0_0.nii,soen499-worker-16.novalocal,140545666041600,27595
increment,835.1529200077057,838.9742727279663,bigbrain_769_1005_0.nii,soen499-worker-5.novalocal,139917294491392,27636
increment,835.1057977676392,839.0208356380463,bigbrain_769_2010_0.nii,soen499-worker-12.novalocal,140363174426368,29531
increment,835.1492595672607,839.024085521698,bigbrain_0_2010_1735.nii,soen499-worker-14.novalocal,139982723491584,31879
increment,835.1718230247498,839.0451171398163,bigbrain_769_0_1735.nii,soen499-worker-6.novalocal,140128821876480,27339
increment,835.172993183136,839.0535712242126,bigbrain_3076_1005_0.nii,soen499-worker-12.novalocal,140362159150848,29531
increment,835.2309901714325,839.0536413192749,bigbrain_0_1005_0.nii,soen499-worker-5.novalocal,139918255429376,27636
increment,835.2150545120239,839.0577907562256,bigbrain_2307_2010_0.nii,soen499-worker-16.novalocal,140545682827008,27595
increment,835.2094271183014,839.0677428245544,bigbrain_769_1005_1735.nii,soen499-worker-9.novalocal,140599539988224,28357
increment,835.2272050380707,839.0804305076599,bigbrain_2307_0_1735.nii,soen499-worker-14.novalocal,139982757062400,31879
increment,835.2780981063843,839.0888113975525,bigbrain_1538_2010_1735.nii,soen499-worker-9.novalocal,140602479568640,28357
increment,835.2830595970154,839.0896143913269,bigbrain_769_2010_1735.nii,soen499-worker-14.novalocal,139982731884288,31879
increment,835.2610363960266,839.119651556015,bigbrain_1538_1005_1735.nii,soen499-worker-6.novalocal,140125806327552,27339
increment,835.2625946998596,839.1223583221436,bigbrain_0_2010_0.nii,soen499-worker-12.novalocal,140363191211776,29531
increment,835.2900965213776,839.1392550468445,bigbrain_3076_0_0.nii,soen499-worker-5.novalocal,139917311276800,27636
increment,838.0230312347412,841.8375566005707,bigbrain_0_0_0.nii,soen499-worker-16.novalocal,140546104706816,27595
increment,838.3635256290436,842.208253622055,bigbrain_2307_2010_1735.nii,soen499-worker-6.novalocal,140128830269184,27339
increment,838.8031659126282,842.8090088367462,bigbrain_2307_0_0.nii,soen499-worker-12.novalocal,140363182819072,29531
increment,839.0575573444366,842.9787042140961,bigbrain_769_2010_0.nii,soen499-worker-12.novalocal,140363174426368,29531
increment,838.9558610916138,842.8146665096283,bigbrain_3076_1005_1735.nii,soen499-worker-14.novalocal,139982748669696,31879
increment,839.2933909893036,843.1374168395996,bigbrain_3076_1005_0.nii,soen499-worker-12.novalocal,140362159150848,29531
increment,839.5300598144531,843.3451828956604,bigbrain_2307_2010_0.nii,soen499-worker-16.novalocal,140545682827008,27595
increment,839.9557616710663,843.7329006195068,bigbrain_0_2010_0.nii,soen499-worker-12.novalocal,140363191211776,29531
save_incremented,983.4082908630371,1268.8658030033112,bigbrain_769_1005_0.nii,soen499-worker-5.novalocal,139917294491392,27636
increment,840.1392712593079,843.929407119751,bigbrain_769_2010_1735.nii,soen499-worker-14.novalocal,139982731884288,31879
save_incremented,843.8216805458069,1287.9329884052277,bigbrain_2307_2010_0.nii,soen499-worker-16.novalocal,140545682827008,27595
save_incremented,1004.3521473407745,1324.670658826828,bigbrain_2307_2010_1735.nii,soen499-worker-6.novalocal,140128830269184,27339
save_incremented,843.0298762321472,1352.096247434616,bigbrain_769_2010_0.nii,soen499-worker-12.novalocal,140363174426368,29531
save_incremented,983.5301167964935,1352.4566209316254,bigbrain_1538_2010_0.nii,soen499-worker-5.novalocal,139917302884096,27636
increment,838.2904295921326,842.1071739196777,bigbrain_0_1005_1735.nii,soen499-worker-9.novalocal,140602504746752,28357
increment,839.4633004665375,843.263665676117,bigbrain_769_1005_1735.nii,soen499-worker-9.novalocal,140599539988224,28357
save_incremented,843.2084903717041,1372.671080827713,bigbrain_3076_1005_0.nii,soen499-worker-12.novalocal,140362159150848,29531
save_incremented,1006.9327068328857,1372.685652256012,bigbrain_769_0_1735.nii,soen499-worker-6.novalocal,140128821876480,27339
save_incremented,842.945633649826,1379.9614582061768,bigbrain_2307_0_0.nii,soen499-worker-12.novalocal,140363182819072,29531
save_incremented,985.9359064102173,1387.4528315067291,bigbrain_3076_0_0.nii,soen499-worker-5.novalocal,139917311276800,27636
save_incremented,850.1388218402863,1393.5393657684326,bigbrain_0_2010_0.nii,soen499-worker-12.novalocal,140363191211776,29531
save_incremented,1006.2056069374084,1405.3847510814667,bigbrain_0_0_1735.nii,soen499-worker-6.novalocal,140127966000896,27339
increment,838.6009318828583,842.4481031894684,bigbrain_1538_2010_0.nii,soen499-worker-5.novalocal,139917302884096,27636
increment,839.0340971946716,842.8531765937805,bigbrain_769_1005_0.nii,soen499-worker-5.novalocal,139917294491392,27636
increment,839.794930934906,843.6364252567291,bigbrain_3076_0_0.nii,soen499-worker-5.novalocal,139917311276800,27636
save_incremented,839.2450928688049,981.9887194633484,bigbrain_0_1005_0.nii,soen499-worker-5.novalocal,139918255429376,27636
save_incremented,838.9511985778809,990.8710751533508,bigbrain_3076_0_1735.nii,soen499-worker-9.novalocal,140602521532160,28357
read_img,0.25173187255859375,563.4453415870667,bigbrain_3076_2010_0.nii,soen499-worker-15.novalocal,139622550628096,28687
read_img,0.25144290924072266,566.0062413215637,bigbrain_1538_0_0.nii,soen499-worker-15.novalocal,139620893705984,28687
read_img,0.25263190269470215,564.6974632740021,bigbrain_1538_0_1735.nii,soen499-worker-13.novalocal,140535012517632,28770
read_img,0.2527656555175781,565.8709425926208,bigbrain_2307_1005_1735.nii,soen499-worker-13.novalocal,140535020910336,28770
read_img,0.2528989315032959,565.8708372116089,bigbrain_3076_2010_1735.nii,soen499-worker-13.novalocal,140534987339520,28770
read_img,0.25158190727233887,566.0058741569519,bigbrain_2307_1005_0.nii,soen499-worker-15.novalocal,139622567413504,28687
increment,838.9808969497681,842.8205580711365,bigbrain_0_0_1735.nii,soen499-worker-6.novalocal,140127966000896,27339
increment,839.152530670166,843.0004110336304,bigbrain_769_0_1735.nii,soen499-worker-6.novalocal,140128821876480,27339
increment,567.2404160499573,571.0855827331543,bigbrain_2307_1005_1735.nii,soen499-worker-13.novalocal,140535020910336,28770
increment,567.3998398780823,571.2487154006958,bigbrain_3076_2010_0.nii,soen499-worker-15.novalocal,139622550628096,28687
increment,568.0170233249664,571.8693408966064,bigbrain_3076_2010_1735.nii,soen499-worker-13.novalocal,140534987339520,28770
increment,568.1242933273315,571.9473645687103,bigbrain_1538_0_0.nii,soen499-worker-15.novalocal,139620893705984,28687
increment,568.2391951084137,572.1494634151459,bigbrain_1538_0_1735.nii,soen499-worker-13.novalocal,140535012517632,28770
increment,568.430332660675,572.2784254550934,bigbrain_2307_1005_0.nii,soen499-worker-15.novalocal,139622567413504,28687
increment,572.0653553009033,575.9152326583862,bigbrain_2307_1005_1735.nii,soen499-worker-13.novalocal,140535020910336,28770
increment,572.152866601944,576.0242247581482,bigbrain_3076_2010_0.nii,soen499-worker-15.novalocal,139622550628096,28687
increment,572.386176109314,576.2445783615112,bigbrain_1538_0_0.nii,soen499-worker-15.novalocal,139620893705984,28687
increment,572.4843747615814,576.3287827968597,bigbrain_3076_2010_1735.nii,soen499-worker-13.novalocal,140534987339520,28770
save_incremented,839.7711577415466,1006.2166955471039,bigbrain_1538_1005_1735.nii,soen499-worker-6.novalocal,140125806327552,27339
increment,572.8734788894653,576.6994507312775,bigbrain_2307_1005_0.nii,soen499-worker-15.novalocal,139622567413504,28687
increment,572.8262267112732,576.6890971660614,bigbrain_1538_0_1735.nii,soen499-worker-13.novalocal,140535012517632,28770
increment,576.5157723426819,580.3755872249603,bigbrain_2307_1005_1735.nii,soen499-worker-13.novalocal,140535020910336,28770
increment,576.6037147045135,580.4385621547699,bigbrain_3076_2010_0.nii,soen499-worker-15.novalocal,139622550628096,28687
increment,576.9402642250061,580.760721206665,bigbrain_1538_0_0.nii,soen499-worker-15.novalocal,139620893705984,28687
increment,577.1387956142426,580.9846749305725,bigbrain_3076_2010_1735.nii,soen499-worker-13.novalocal,140534987339520,28770
increment,577.3708806037903,581.2749798297882,bigbrain_1538_0_1735.nii,soen499-worker-13.novalocal,140535012517632,28770
increment,577.4897441864014,581.300482749939,bigbrain_2307_1005_0.nii,soen499-worker-15.novalocal,139622567413504,28687
increment,581.2380607128143,585.073858499527,bigbrain_3076_2010_0.nii,soen499-worker-15.novalocal,139622550628096,28687
increment,581.5472695827484,585.3892531394958,bigbrain_2307_1005_1735.nii,soen499-worker-13.novalocal,140535020910336,28770
increment,582.1140167713165,585.9659702777863,bigbrain_1538_0_0.nii,soen499-worker-15.novalocal,139620893705984,28687
increment,582.366064786911,586.2570722103119,bigbrain_3076_2010_1735.nii,soen499-worker-13.novalocal,140534987339520,28770
increment,583.1289172172546,587.0103788375854,bigbrain_2307_1005_0.nii,soen499-worker-15.novalocal,139622567413504,28687
increment,583.1910758018494,587.0651457309723,bigbrain_1538_0_1735.nii,soen499-worker-13.novalocal,140535012517632,28770
increment,585.927323102951,589.7394967079163,bigbrain_3076_2010_0.nii,soen499-worker-15.novalocal,139622550628096,28687
increment,586.6400792598724,590.5043306350708,bigbrain_2307_1005_1735.nii,soen499-worker-13.novalocal,140535020910336,28770
increment,586.7203650474548,590.5556993484497,bigbrain_1538_0_0.nii,soen499-worker-15.novalocal,139620893705984,28687
increment,587.2531406879425,591.1025879383087,bigbrain_3076_2010_1735.nii,soen499-worker-13.novalocal,140534987339520,28770
save_incremented,839.108286857605,1017.3218977451324,bigbrain_0_2010_1735.nii,soen499-worker-14.novalocal,139982723491584,31879
increment,587.8670110702515,591.6870489120483,bigbrain_2307_1005_0.nii,soen499-worker-15.novalocal,139622567413504,28687
increment,587.944611787796,591.8502326011658,bigbrain_1538_0_1735.nii,soen499-worker-13.novalocal,140535012517632,28770
increment,590.8444979190826,594.6958346366882,bigbrain_3076_2010_0.nii,soen499-worker-15.novalocal,139622550628096,28687
increment,591.7739343643188,595.6724917888641,bigbrain_2307_1005_1735.nii,soen499-worker-13.novalocal,140535020910336,28770
increment,591.8779182434082,595.7710514068604,bigbrain_1538_0_0.nii,soen499-worker-15.novalocal,139620893705984,28687
increment,592.0322980880737,595.9054942131042,bigbrain_3076_2010_1735.nii,soen499-worker-13.novalocal,140534987339520,28770
increment,592.4837307929993,596.3803119659424,bigbrain_2307_1005_0.nii,soen499-worker-15.novalocal,139622567413504,28687
increment,592.6461403369904,596.5040068626404,bigbrain_1538_0_1735.nii,soen499-worker-13.novalocal,140535012517632,28770
increment,595.5054888725281,599.3443040847778,bigbrain_3076_2010_0.nii,soen499-worker-15.novalocal,139622550628096,28687
increment,596.6032221317291,600.4622819423676,bigbrain_1538_0_0.nii,soen499-worker-15.novalocal,139620893705984,28687
increment,596.747478723526,600.6000881195068,bigbrain_2307_1005_1735.nii,soen499-worker-13.novalocal,140535020910336,28770
increment,597.2727990150452,601.1369895935059,bigbrain_3076_2010_1735.nii,soen499-worker-13.novalocal,140534987339520,28770
increment,597.3975419998169,601.2623906135559,bigbrain_2307_1005_0.nii,soen499-worker-15.novalocal,139622567413504,28687
increment,597.8845374584198,601.7904367446899,bigbrain_1538_0_1735.nii,soen499-worker-13.novalocal,140535012517632,28770
increment,600.8308160305023,604.6951200962067,bigbrain_3076_2010_0.nii,soen499-worker-15.novalocal,139622550628096,28687
increment,601.2129912376404,605.06849360466,bigbrain_1538_0_0.nii,soen499-worker-15.novalocal,139620893705984,28687
increment,601.4208028316498,605.2784395217896,bigbrain_2307_1005_1735.nii,soen499-worker-13.novalocal,140535020910336,28770
increment,601.9395308494568,605.8020968437195,bigbrain_3076_2010_1735.nii,soen499-worker-13.novalocal,140534987339520,28770
increment,601.9696037769318,605.8668060302734,bigbrain_2307_1005_0.nii,soen499-worker-15.novalocal,139622567413504,28687
increment,602.4092135429382,606.2814426422119,bigbrain_1538_0_1735.nii,soen499-worker-13.novalocal,140535012517632,28770
increment,605.9645903110504,609.7725100517273,bigbrain_3076_2010_0.nii,soen499-worker-15.novalocal,139622550628096,28687
increment,606.0676352977753,609.9990034103394,bigbrain_2307_1005_1735.nii,soen499-worker-13.novalocal,140535020910336,28770
increment,606.8910775184631,610.7457389831543,bigbrain_1538_0_0.nii,soen499-worker-15.novalocal,139620893705984,28687
increment,607.0875265598297,610.953290939331,bigbrain_3076_2010_1735.nii,soen499-worker-13.novalocal,140534987339520,28770
increment,607.2637214660645,611.0835433006287,bigbrain_2307_1005_0.nii,soen499-worker-15.novalocal,139622567413504,28687
increment,607.4339020252228,611.3244287967682,bigbrain_1538_0_1735.nii,soen499-worker-13.novalocal,140535012517632,28770
increment,610.5193133354187,614.3561470508575,bigbrain_3076_2010_0.nii,soen499-worker-15.novalocal,139622550628096,28687
increment,611.1707847118378,615.031328201294,bigbrain_2307_1005_1735.nii,soen499-worker-13.novalocal,140535020910336,28770
increment,611.6636486053467,615.5051152706146,bigbrain_1538_0_0.nii,soen499-worker-15.novalocal,139620893705984,28687
increment,611.8107266426086,615.6612315177917,bigbrain_3076_2010_1735.nii,soen499-worker-13.novalocal,140534987339520,28770
increment,612.1840560436249,616.024078130722,bigbrain_2307_1005_0.nii,soen499-worker-15.novalocal,139622567413504,28687
increment,612.2768769264221,616.1479856967926,bigbrain_1538_0_1735.nii,soen499-worker-13.novalocal,140535012517632,28770
save_incremented,839.495361328125,1074.9936673641205,bigbrain_2307_0_1735.nii,soen499-worker-14.novalocal,139982757062400,31879
