combine_histogram,673.038003206253,673.0616023540497,all_file,driver.novalocal,139808551737152,23544
combine_histogram,673.1848850250244,673.2074303627014,all_file,driver.novalocal,139808551737152,23544
combine_histogram,673.279584646225,673.3034830093384,all_file,driver.novalocal,139808551737152,23544
combine_histogram,673.3646049499512,673.3875768184662,all_file,driver.novalocal,139808551737152,23544
combine_histogram,673.4394640922546,673.4727892875671,all_file,driver.novalocal,139808551737152,23544
combine_histogram,673.498352766037,673.5213034152985,all_file,driver.novalocal,139808551737152,23544
combine_histogram,673.6050214767456,673.6295580863953,all_file,driver.novalocal,139808551737152,23544
combine_histogram,673.7483203411102,673.7720804214478,all_file,driver.novalocal,139808551737152,23544
combine_histogram,673.8960690498352,673.9216582775116,all_file,driver.novalocal,139808551737152,23544
combine_histogram,673.9564425945282,673.9797644615173,all_file,driver.novalocal,139808551737152,23544
combine_histogram,674.0220098495483,674.0475776195526,all_file,driver.novalocal,139808551737152,23544
combine_histogram,674.1123540401459,674.1367824077606,all_file,driver.novalocal,139808551737152,23544
combine_histogram,674.1786677837372,674.2040209770203,all_file,driver.novalocal,139808551737152,23544
combine_histogram,674.2448921203613,674.2686018943787,all_file,driver.novalocal,139808551737152,23544
combine_histogram,674.4154214859009,674.4394390583038,all_file,driver.novalocal,139808551737152,23544
combine_histogram,674.5333330631256,674.5574407577515,all_file,driver.novalocal,139808551737152,23544
combine_histogram,674.6846907138824,674.7098109722137,all_file,driver.novalocal,139808551737152,23544
combine_histogram,674.7646055221558,674.7875816822052,all_file,driver.novalocal,139808551737152,23544
combine_histogram,674.8296067714691,674.8552119731903,all_file,driver.novalocal,139808551737152,23544
combine_histogram,674.9344992637634,674.9574122428894,all_file,driver.novalocal,139808551737152,23544
combine_histogram,674.9981324672699,675.0225567817688,all_file,driver.novalocal,139808551737152,23544
combine_histogram,675.1589295864105,675.1821146011353,all_file,driver.novalocal,139808551737152,23544
combine_histogram,675.3191823959351,675.3437876701355,all_file,driver.novalocal,139808551737152,23544
combine_histogram,675.4503121376038,675.4726736545563,all_file,driver.novalocal,139808551737152,23544
combine_histogram,675.5856463909149,675.611310005188,all_file,driver.novalocal,139808551737152,23544
combine_histogram,675.6727318763733,675.6974289417267,all_file,driver.novalocal,139808551737152,23544
combine_histogram,675.8655073642731,675.8905627727509,all_file,driver.novalocal,139808551737152,23544
combine_histogram,676.1883704662323,676.211412191391,all_file,driver.novalocal,139808551737152,23544
combine_histogram,676.363817691803,676.4100556373596,all_file,driver.novalocal,139808551737152,23544
combine_histogram,676.4711542129517,676.516628742218,all_file,driver.novalocal,139808551737152,23544
combine_histogram,676.6365735530853,676.6838548183441,all_file,driver.novalocal,139808551737152,23544
combine_histogram,676.7305407524109,676.7783203125,all_file,driver.novalocal,139808551737152,23544
combine_histogram,676.9762527942657,677.0099432468414,all_file,driver.novalocal,139808551737152,23544
combine_histogram,677.059844493866,677.1059865951538,all_file,driver.novalocal,139808551737152,23544
combine_histogram,677.1554608345032,677.1980495452881,all_file,driver.novalocal,139808551737152,23544
combine_histogram,677.2444958686829,677.2869741916656,all_file,driver.novalocal,139808551737152,23544
combine_histogram,677.3452129364014,677.3862640857697,all_file,driver.novalocal,139808551737152,23544
combine_histogram,677.4332375526428,677.454895734787,all_file,driver.novalocal,139808551737152,23544
combine_histogram,677.5295445919037,677.5530421733856,all_file,driver.novalocal,139808551737152,23544
combine_histogram,677.6019043922424,677.621719121933,all_file,driver.novalocal,139808551737152,23544
combine_histogram,677.7849359512329,677.807516336441,all_file,driver.novalocal,139808551737152,23544
combine_histogram,677.9124550819397,677.9339246749878,all_file,driver.novalocal,139808551737152,23544
combine_histogram,677.9913187026978,678.01780128479,all_file,driver.novalocal,139808551737152,23544
combine_histogram,678.0849533081055,678.1093904972076,all_file,driver.novalocal,139808551737152,23544
combine_histogram,678.1328067779541,678.1575887203217,all_file,driver.novalocal,139808551737152,23544
combine_histogram,678.2174124717712,678.241156578064,all_file,driver.novalocal,139808551737152,23544
combine_histogram,678.3264174461365,678.3522250652313,all_file,driver.novalocal,139808551737152,23544
combine_histogram,678.3740911483765,678.3983871936798,all_file,driver.novalocal,139808551737152,23544
combine_histogram,678.6474452018738,678.6736195087433,all_file,driver.novalocal,139808551737152,23544
combine_histogram,678.7370796203613,678.7618033885956,all_file,driver.novalocal,139808551737152,23544
combine_histogram,678.8679492473602,678.8944265842438,all_file,driver.novalocal,139808551737152,23544
combine_histogram,678.949205160141,678.9724850654602,all_file,driver.novalocal,139808551737152,23544
combine_histogram,679.1051533222198,679.1301758289337,all_file,driver.novalocal,139808551737152,23544
combine_histogram,679.1489191055298,679.1732642650604,all_file,driver.novalocal,139808551737152,23544
combine_histogram,679.1949987411499,679.2204251289368,all_file,driver.novalocal,139808551737152,23544
combine_histogram,679.2418200969696,679.2659051418304,all_file,driver.novalocal,139808551737152,23544
combine_histogram,679.3079903125763,679.3327703475952,all_file,driver.novalocal,139808551737152,23544
combine_histogram,679.4099011421204,679.4327192306519,all_file,driver.novalocal,139808551737152,23544
combine_histogram,679.4723601341248,679.4976406097412,all_file,driver.novalocal,139808551737152,23544
combine_histogram,680.0631632804871,680.0863213539124,all_file,driver.novalocal,139808551737152,23544
combine_histogram,680.2041349411011,680.2279634475708,all_file,driver.novalocal,139808551737152,23544
combine_histogram,680.3683934211731,680.3917677402496,all_file,driver.novalocal,139808551737152,23544
combine_histogram,680.4990980625153,680.5225870609283,all_file,driver.novalocal,139808551737152,23544
combine_histogram,680.6068227291107,680.6290621757507,all_file,driver.novalocal,139808551737152,23544
combine_histogram,680.7061588764191,680.7300546169281,all_file,driver.novalocal,139808551737152,23544
combine_histogram,680.8641445636749,680.8866748809814,all_file,driver.novalocal,139808551737152,23544
combine_histogram,681.0705144405365,681.0952236652374,all_file,driver.novalocal,139808551737152,23544
combine_histogram,681.2083106040955,681.2306790351868,all_file,driver.novalocal,139808551737152,23544
combine_histogram,681.2638666629791,681.2879660129547,all_file,driver.novalocal,139808551737152,23544
combine_histogram,681.3987474441528,681.4224426746368,all_file,driver.novalocal,139808551737152,23544
combine_histogram,681.5960819721222,681.6207764148712,all_file,driver.novalocal,139808551737152,23544
combine_histogram,681.7348704338074,681.7590835094452,all_file,driver.novalocal,139808551737152,23544
combine_histogram,681.8529140949249,681.8769481182098,all_file,driver.novalocal,139808551737152,23544
combine_histogram,681.9444642066956,681.9678208827972,all_file,driver.novalocal,139808551737152,23544
combine_histogram,682.0050981044769,682.0276548862457,all_file,driver.novalocal,139808551737152,23544
combine_histogram,682.2519233226776,682.2762062549591,all_file,driver.novalocal,139808551737152,23544
combine_histogram,682.5615651607513,682.5865123271942,all_file,driver.novalocal,139808551737152,23544
combine_histogram,682.827406167984,682.8515410423279,all_file,driver.novalocal,139808551737152,23544
combine_histogram,682.9510612487793,682.9746415615082,all_file,driver.novalocal,139808551737152,23544
combine_histogram,683.1220529079437,683.1444754600525,all_file,driver.novalocal,139808551737152,23544
combine_histogram,683.2608218193054,683.2847139835358,all_file,driver.novalocal,139808551737152,23544
combine_histogram,683.2968816757202,683.3192858695984,all_file,driver.novalocal,139808551737152,23544
combine_histogram,683.3618969917297,683.3854365348816,all_file,driver.novalocal,139808551737152,23544
combine_histogram,683.5039150714874,683.5261583328247,all_file,driver.novalocal,139808551737152,23544
combine_histogram,683.5765597820282,683.600750207901,all_file,driver.novalocal,139808551737152,23544
combine_histogram,683.70063996315,683.7469956874847,all_file,driver.novalocal,139808551737152,23544
combine_histogram,683.8079171180725,683.8571555614471,all_file,driver.novalocal,139808551737152,23544
combine_histogram,683.9550311565399,683.9971280097961,all_file,driver.novalocal,139808551737152,23544
combine_histogram,684.0479953289032,684.0940799713135,all_file,driver.novalocal,139808551737152,23544
combine_histogram,684.1064562797546,684.1416013240814,all_file,driver.novalocal,139808551737152,23544
combine_histogram,684.2834928035736,684.3082683086395,all_file,driver.novalocal,139808551737152,23544
combine_histogram,684.4475152492523,684.4698266983032,all_file,driver.novalocal,139808551737152,23544
combine_histogram,684.6065440177917,684.630942106247,all_file,driver.novalocal,139808551737152,23544
combine_histogram,684.7623107433319,684.7856893539429,all_file,driver.novalocal,139808551737152,23544
combine_histogram,684.820773601532,684.8455882072449,all_file,driver.novalocal,139808551737152,23544
combine_histogram,684.8833856582642,684.9069612026215,all_file,driver.novalocal,139808551737152,23544
combine_histogram,684.9561808109283,684.981219291687,all_file,driver.novalocal,139808551737152,23544
combine_histogram,685.0583374500275,685.0936975479126,all_file,driver.novalocal,139808551737152,23544
combine_histogram,685.2015676498413,685.2263371944427,all_file,driver.novalocal,139808551737152,23544
combine_histogram,685.3009083271027,685.3242077827454,all_file,driver.novalocal,139808551737152,23544
combine_histogram,685.4419808387756,685.4659180641174,all_file,driver.novalocal,139808551737152,23544
combine_histogram,685.560259103775,685.5830769538879,all_file,driver.novalocal,139808551737152,23544
combine_histogram,685.6782386302948,685.7036235332489,all_file,driver.novalocal,139808551737152,23544
combine_histogram,685.886527299881,685.9110136032104,all_file,driver.novalocal,139808551737152,23544
combine_histogram,685.947035074234,685.9716897010803,all_file,driver.novalocal,139808551737152,23544
combine_histogram,686.0317854881287,686.0559494495392,all_file,driver.novalocal,139808551737152,23544
combine_histogram,686.0890643596649,686.1131780147552,all_file,driver.novalocal,139808551737152,23544
combine_histogram,686.1799600124359,686.2035489082336,all_file,driver.novalocal,139808551737152,23544
combine_histogram,686.3919792175293,686.4163703918457,all_file,driver.novalocal,139808551737152,23544
combine_histogram,686.541998386383,686.5649945735931,all_file,driver.novalocal,139808551737152,23544
save_histogram,686.8194572925568,687.1517086029053,all_file,driver.novalocal,139808551737152,23544
read_img,12.567779541015625,246.72871375083923,bigbrain_0_603_0.nii,bin-worker-4.novalocal,140417319429952,13629
read_img,12.67094898223877,251.38828039169312,bigbrain_0_2412_694.nii,bin-worker-4.novalocal,140417319429952,13620
read_img,12.567874670028687,253.74187564849854,bigbrain_0_603_1388.nii,bin-worker-4.novalocal,140417319429952,13614
read_img,12.567780017852783,251.40823578834534,bigbrain_0_603_2082.nii,bin-worker-4.novalocal,140417319429952,13622
read_img,12.56778597831726,251.50920581817627,bigbrain_0_2412_2082.nii,bin-worker-4.novalocal,140417319429952,13626
flatten,290.12664580345154,290.1716728210449,bigbrain_0_603_0.nii,bin-worker-4.novalocal,140417319429952,13629
flatten,294.55251264572144,294.60193037986755,bigbrain_0_603_2082.nii,bin-worker-4.novalocal,140417319429952,13622
flatten,302.7117295265198,302.7540147304535,bigbrain_0_2412_694.nii,bin-worker-4.novalocal,140417319429952,13620
read_img,13.181455612182617,297.48987436294556,bigbrain_1538_2412_2082.nii,bin-worker-2.novalocal,139949274683200,19938
read_img,13.577210187911987,299.0099952220917,bigbrain_1538_2412_2776.nii,bin-worker-2.novalocal,139949274683200,19944
read_img,13.881005764007568,299.2285840511322,bigbrain_1538_603_1388.nii,bin-worker-2.novalocal,139949274683200,19924
read_img,12.999755382537842,297.74058771133423,bigbrain_1538_2412_0.nii,bin-worker-2.novalocal,139949274683200,19923
read_img,14.225289344787598,299.5641973018646,bigbrain_1538_2412_694.nii,bin-worker-2.novalocal,139949274683200,19929
read_img,12.999443769454956,297.61129927635193,bigbrain_1538_2412_1388.nii,bin-worker-2.novalocal,139949274683200,19935
read_img,12.997910737991333,292.3060898780823,bigbrain_1538_603_0.nii,bin-worker-2.novalocal,139949274683200,19932
read_img,11.781180143356323,299.75366854667664,bigbrain_0_1809_2082.nii,bin-worker-5.novalocal,139980347426624,26964
read_img,11.781178712844849,299.75397753715515,bigbrain_0_1809_1388.nii,bin-worker-5.novalocal,139980347426624,26955
read_img,11.781179904937744,299.76828050613403,bigbrain_0_1809_2776.nii,bin-worker-5.novalocal,139980347426624,26947
flatten,311.5940492153168,311.65502285957336,bigbrain_1538_2412_0.nii,bin-worker-2.novalocal,139949274683200,19923
read_img,11.798519849777222,299.9057466983795,bigbrain_0_1206_2776.nii,bin-worker-5.novalocal,139980347426624,26967
read_img,11.78089690208435,296.9339921474457,bigbrain_0_1206_694.nii,bin-worker-5.novalocal,139980347426624,26958
read_img,11.7808997631073,298.76257610321045,bigbrain_0_1809_694.nii,bin-worker-5.novalocal,139980347426624,26952
read_img,11.780900955200195,298.86496663093567,bigbrain_0_1809_0.nii,bin-worker-5.novalocal,139980347426624,26961
flatten,314.06551146507263,314.12289667129517,bigbrain_1538_2412_2776.nii,bin-worker-2.novalocal,139949274683200,19944
flatten,314.10524106025696,314.1488518714905,bigbrain_0_1809_2082.nii,bin-worker-5.novalocal,139980347426624,26964
read_img,14.086623668670654,289.843514919281,bigbrain_2307_1809_2776.nii,bin-worker-1.novalocal,140244417419072,16876
read_img,14.08634066581726,282.0909435749054,bigbrain_2307_1206_2776.nii,bin-worker-1.novalocal,140244417419072,16870
read_img,12.13574481010437,305.30561351776123,bigbrain_1538_1809_694.nii,bin-worker-7.novalocal,140337004058432,6375
read_img,11.968031883239746,298.0850296020508,bigbrain_1538_1206_2776.nii,bin-worker-7.novalocal,140337004058432,6367
read_img,29.273195505142212,308.9183928966522,bigbrain_2307_1809_2082.nii,bin-worker-1.novalocal,140244417419072,16863
read_img,14.087500810623169,294.00715041160583,bigbrain_2307_1206_1388.nii,bin-worker-1.novalocal,140244417419072,16861
flatten,316.47589445114136,316.5355954170227,bigbrain_1538_2412_2082.nii,bin-worker-2.novalocal,139949274683200,19938
read_img,12.576746702194214,302.9053738117218,bigbrain_2307_0_0.nii,bin-worker-8.novalocal,140526018455360,6814
read_img,12.089769124984741,305.1661751270294,bigbrain_1538_1206_2082.nii,bin-worker-7.novalocal,140337004058432,6356
read_img,12.004968166351318,302.5980415344238,bigbrain_1538_1809_1388.nii,bin-worker-7.novalocal,140337004058432,6370
read_img,12.033713340759277,305.0791029930115,bigbrain_1538_1206_694.nii,bin-worker-7.novalocal,140337004058432,6373
read_img,14.834945917129517,310.7082476615906,bigbrain_1538_1809_2082.nii,bin-worker-7.novalocal,140337004058432,6355
read_img,11.968050003051758,304.975590467453,bigbrain_1538_1809_0.nii,bin-worker-7.novalocal,140337004058432,6361
flatten,309.49984669685364,309.54063153266907,bigbrain_0_603_1388.nii,bin-worker-4.novalocal,140417319429952,13614
flatten,317.05548000335693,317.0931451320648,bigbrain_0_1809_1388.nii,bin-worker-5.novalocal,139980347426624,26955
read_img,14.086652278900146,294.11188077926636,bigbrain_2307_1206_694.nii,bin-worker-1.novalocal,140244417419072,16856
flatten,319.0957021713257,319.16478204727173,bigbrain_1538_2412_1388.nii,bin-worker-2.novalocal,139949274683200,19935
read_img,12.75230860710144,303.09511637687683,bigbrain_1538_603_694.nii,bin-worker-8.novalocal,140526018455360,6805
flatten,319.59265518188477,319.62788915634155,bigbrain_0_1809_2776.nii,bin-worker-5.novalocal,139980347426624,26947
read_img,12.890148401260376,306.49152064323425,bigbrain_2307_0_694.nii,bin-worker-8.novalocal,140526018455360,6818
flatten,322.85577416419983,322.9130084514618,bigbrain_1538_1809_694.nii,bin-worker-7.novalocal,140337004058432,6375
read_img,29.149916887283325,311.4709565639496,bigbrain_2307_1206_2082.nii,bin-worker-1.novalocal,140244417419072,16873
flatten,321.66148495674133,321.72128033638,bigbrain_1538_2412_694.nii,bin-worker-2.novalocal,139949274683200,19929
flatten,324.11737513542175,324.17745327949524,bigbrain_1538_603_1388.nii,bin-worker-2.novalocal,139949274683200,19924
calculate_histogram,323.2284231185913,323.23529839515686,bigbrain_0_1809_2082.nii,bin-worker-5.novalocal,139980347426624,26964
flatten,324.5178396701813,324.5588505268097,bigbrain_0_1206_2776.nii,bin-worker-5.novalocal,139980347426624,26967
flatten,325.07873010635376,325.1494610309601,bigbrain_1538_1206_2776.nii,bin-worker-7.novalocal,140337004058432,6367
calculate_histogram,316.79174542427063,316.7983293533325,bigbrain_0_603_0.nii,bin-worker-4.novalocal,140417319429952,13629
flatten,321.8179223537445,321.8723042011261,bigbrain_0_2412_2082.nii,bin-worker-4.novalocal,140417319429952,13626
read_img,12.523715734481812,296.35382747650146,bigbrain_2307_1206_0.nii,bin-worker-8.novalocal,140526018455360,6809
read_img,13.061373949050903,309.03914499282837,bigbrain_2307_0_2776.nii,bin-worker-8.novalocal,140526018455360,6824
flatten,326.951771736145,326.99390864372253,bigbrain_0_1206_694.nii,bin-worker-5.novalocal,139980347426624,26958
read_img,110.35608100891113,320.8879175186157,bigbrain_0_603_2776.nii,bin-worker-4.novalocal,140417319429952,13635
read_img,13.50058627128601,309.18547892570496,bigbrain_1538_603_2776.nii,bin-worker-8.novalocal,140526018455360,6821
read_img,11.537147760391235,328.5226171016693,bigbrain_0_1206_1388.nii,bin-worker-6.novalocal,140087759537984,7975
read_img,11.537324666976929,329.52909421920776,bigbrain_0_1206_0.nii,bin-worker-6.novalocal,140087759537984,7971
read_img,11.540234804153442,329.36781334877014,bigbrain_0_0_2776.nii,bin-worker-6.novalocal,140087759537984,7965
flatten,326.62086248397827,326.68259620666504,bigbrain_1538_603_0.nii,bin-worker-2.novalocal,139949274683200,19932
flatten,326.1836311817169,326.2456707954407,bigbrain_2307_1206_2776.nii,bin-worker-1.novalocal,140244417419072,16870
read_img,11.539759874343872,329.64902544021606,bigbrain_0_0_694.nii,bin-worker-6.novalocal,140087759537984,7963
read_img,11.536899328231812,329.6318054199219,bigbrain_0_0_0.nii,bin-worker-6.novalocal,140087759537984,7978
read_img,11.513676404953003,328.1961531639099,bigbrain_1538_0_2082.nii,bin-worker-3.novalocal,140064940099392,20027
read_img,11.515830278396606,328.2569582462311,bigbrain_1538_0_2776.nii,bin-worker-3.novalocal,140064940099392,20015
read_img,11.516594886779785,328.3505971431732,bigbrain_1538_0_694.nii,bin-worker-3.novalocal,140064940099392,20006
read_img,11.536895275115967,328.54862570762634,bigbrain_0_1206_2082.nii,bin-worker-6.novalocal,140087759537984,7984
read_img,11.513811826705933,328.42293787002563,bigbrain_1538_0_0.nii,bin-worker-3.novalocal,140064940099392,20007
read_img,11.515918970108032,328.4991686344147,bigbrain_1538_1206_1388.nii,bin-worker-3.novalocal,140064940099392,20021
read_img,11.537029266357422,329.27797865867615,bigbrain_0_0_1388.nii,bin-worker-6.novalocal,140087759537984,7969
flatten,327.5138940811157,327.57648062705994,bigbrain_1538_1206_2082.nii,bin-worker-7.novalocal,140337004058432,6356
calculate_histogram,324.3268663883209,324.3334438800812,bigbrain_0_603_2082.nii,bin-worker-4.novalocal,140417319429952,13622
flatten,329.69643354415894,329.7617084980011,bigbrain_1538_1206_694.nii,bin-worker-7.novalocal,140337004058432,6373
calculate_histogram,328.8070602416992,328.8135724067688,bigbrain_0_2412_694.nii,bin-worker-4.novalocal,140417319429952,13620
read_img,11.513702630996704,329.4479923248291,bigbrain_0_603_694.nii,bin-worker-3.novalocal,140064940099392,20024
read_img,11.539420127868652,329.69245195388794,bigbrain_0_0_2082.nii,bin-worker-6.novalocal,140087759537984,7981
read_img,11.513780355453491,326.5409038066864,bigbrain_1538_1206_0.nii,bin-worker-3.novalocal,140064940099392,20017
flatten,330.3445842266083,330.4053370952606,bigbrain_0_1206_1388.nii,bin-worker-6.novalocal,140087759537984,7975
flatten,330.9208483695984,330.9873399734497,bigbrain_0_0_2776.nii,bin-worker-6.novalocal,140087759537984,7965
flatten,329.2729516029358,329.31433939933777,bigbrain_0_1809_694.nii,bin-worker-5.novalocal,139980347426624,26952
read_img,17.16373634338379,330.3024356365204,bigbrain_1538_0_1388.nii,bin-worker-3.novalocal,140064940099392,20012
flatten,331.3838601112366,331.4477787017822,bigbrain_1538_0_2082.nii,bin-worker-3.novalocal,140064940099392,20027
flatten,332.18958258628845,332.2466490268707,bigbrain_0_1206_0.nii,bin-worker-6.novalocal,140087759537984,7971
flatten,327.37051463127136,327.44733333587646,bigbrain_2307_0_0.nii,bin-worker-8.novalocal,140526018455360,6814
calculate_histogram,331.0648114681244,331.0715870857239,bigbrain_1538_2412_2776.nii,bin-worker-2.novalocal,139949274683200,19944
flatten,331.28027153015137,331.3209981918335,bigbrain_0_1809_0.nii,bin-worker-5.novalocal,139980347426624,26961
flatten,332.8511221408844,332.912442445755,bigbrain_1538_0_2776.nii,bin-worker-3.novalocal,140064940099392,20015
flatten,333.1786859035492,333.24180936813354,bigbrain_0_0_694.nii,bin-worker-6.novalocal,140087759537984,7963
flatten,333.46666526794434,333.52188992500305,bigbrain_1538_0_694.nii,bin-worker-3.novalocal,140064940099392,20006
calculate_histogram,328.9771740436554,328.98818588256836,bigbrain_1538_2412_0.nii,bin-worker-2.novalocal,139949274683200,19923
flatten,333.62436056137085,333.68618416786194,bigbrain_0_0_0.nii,bin-worker-6.novalocal,140087759537984,7978
flatten,333.7039234638214,333.7617404460907,bigbrain_1538_0_0.nii,bin-worker-3.novalocal,140064940099392,20007
flatten,333.8404211997986,333.9137456417084,bigbrain_0_1206_2082.nii,bin-worker-6.novalocal,140087759537984,7984
flatten,334.1319146156311,334.190212726593,bigbrain_0_0_1388.nii,bin-worker-6.novalocal,140087759537984,7969
flatten,331.92610597610474,331.9915261268616,bigbrain_1538_1809_1388.nii,bin-worker-7.novalocal,140337004058432,6370
flatten,334.0535817146301,334.1058518886566,bigbrain_1538_1206_1388.nii,bin-worker-3.novalocal,140064940099392,20021
flatten,334.37655901908875,334.4299244880676,bigbrain_0_603_694.nii,bin-worker-3.novalocal,140064940099392,20024
flatten,334.58760118484497,334.64084911346436,bigbrain_0_0_2082.nii,bin-worker-6.novalocal,140087759537984,7981
flatten,334.79080605506897,334.84522104263306,bigbrain_1538_1206_0.nii,bin-worker-3.novalocal,140064940099392,20017
flatten,335.12771463394165,335.17858624458313,bigbrain_1538_0_1388.nii,bin-worker-3.novalocal,140064940099392,20012
flatten,332.7689845561981,332.85057854652405,bigbrain_1538_603_694.nii,bin-worker-8.novalocal,140526018455360,6805
calculate_histogram,335.12344217300415,335.13136529922485,bigbrain_0_0_2776.nii,bin-worker-6.novalocal,140087759537984,7965
flatten,330.239963054657,330.295437335968,bigbrain_2307_1809_2776.nii,bin-worker-1.novalocal,140244417419072,16876
calculate_histogram,335.3429193496704,335.3522343635559,bigbrain_0_1206_1388.nii,bin-worker-6.novalocal,140087759537984,7975
calculate_histogram,335.44120383262634,335.44832706451416,bigbrain_1538_0_2082.nii,bin-worker-3.novalocal,140064940099392,20027
calculate_histogram,333.831041097641,333.83846712112427,bigbrain_1538_2412_2082.nii,bin-worker-2.novalocal,139949274683200,19938
calculate_histogram,334.05062675476074,334.05778527259827,bigbrain_0_1809_1388.nii,bin-worker-5.novalocal,139980347426624,26955
calculate_histogram,335.75096821784973,335.7587435245514,bigbrain_1538_0_2776.nii,bin-worker-3.novalocal,140064940099392,20015
calculate_histogram,335.7039680480957,335.71303248405457,bigbrain_0_1206_0.nii,bin-worker-6.novalocal,140087759537984,7971
calculate_histogram,332.77813506126404,332.78544187545776,bigbrain_0_603_1388.nii,bin-worker-4.novalocal,140417319429952,13614
calculate_histogram,336.07067251205444,336.0778374671936,bigbrain_0_0_694.nii,bin-worker-6.novalocal,140087759537984,7963
calculate_histogram,336.16362142562866,336.17138171195984,bigbrain_1538_0_694.nii,bin-worker-3.novalocal,140064940099392,20006
flatten,334.5877273082733,334.64966201782227,bigbrain_1538_1809_2082.nii,bin-worker-7.novalocal,140337004058432,6355
read_img,80.89315462112427,333.782594203949,bigbrain_2307_0_1388.nii,bin-worker-8.novalocal,140526018455360,6812
calculate_histogram,336.3682324886322,336.37751865386963,bigbrain_0_1206_2082.nii,bin-worker-6.novalocal,140087759537984,7984
flatten,336.42837834358215,336.4913535118103,bigbrain_1538_1809_0.nii,bin-worker-7.novalocal,140337004058432,6361
flatten,335.4713788032532,335.5484149456024,bigbrain_2307_0_694.nii,bin-worker-8.novalocal,140526018455360,6818
calculate_histogram,336.53701066970825,336.5450758934021,bigbrain_1538_0_0.nii,bin-worker-3.novalocal,140064940099392,20007
calculate_histogram,336.6267683506012,336.6351900100708,bigbrain_0_0_0.nii,bin-worker-6.novalocal,140087759537984,7978
calculate_histogram,336.7586851119995,336.76652359962463,bigbrain_1538_1206_1388.nii,bin-worker-3.novalocal,140064940099392,20021
calculate_histogram,336.8719985485077,336.87971472740173,bigbrain_1538_1809_694.nii,bin-worker-7.novalocal,140337004058432,6375
calculate_histogram,336.8763451576233,336.88461995124817,bigbrain_0_0_1388.nii,bin-worker-6.novalocal,140087759537984,7969
flatten,336.59056973457336,336.6742534637451,bigbrain_1538_603_2776.nii,bin-worker-8.novalocal,140526018455360,6821
read_img,202.01461124420166,337.07665371894836,bigbrain_1538_1809_2776.nii,bin-worker-7.novalocal,140337004058432,6363
read_img,123.3478217124939,337.19091629981995,bigbrain_2307_0_2082.nii,bin-worker-8.novalocal,140526018455360,6803
flatten,337.37695717811584,337.4552183151245,bigbrain_2307_1206_0.nii,bin-worker-8.novalocal,140526018455360,6809
calculate_histogram,335.94046688079834,335.94741344451904,bigbrain_0_1809_2776.nii,bin-worker-5.novalocal,139980347426624,26947
calculate_histogram,335.9169661998749,335.92614364624023,bigbrain_1538_2412_1388.nii,bin-worker-2.novalocal,139949274683200,19935
calculate_histogram,337.680237531662,337.6876013278961,bigbrain_1538_1206_2776.nii,bin-worker-7.novalocal,140337004058432,6367
calculate_histogram,337.6802942752838,337.68754601478577,bigbrain_0_603_694.nii,bin-worker-3.novalocal,140064940099392,20024
combine_histogram,337.6846718788147,337.70649099349976,all_file,bin-worker-5.novalocal,139980347426624,26964
calculate_histogram,337.79606437683105,337.80427861213684,bigbrain_0_0_2082.nii,bin-worker-6.novalocal,140087759537984,7981
flatten,334.60597467422485,334.6739823818207,bigbrain_2307_1809_2082.nii,bin-worker-1.novalocal,140244417419072,16863
flatten,337.37275099754333,337.4237072467804,bigbrain_2307_1206_1388.nii,bin-worker-1.novalocal,140244417419072,16861
calculate_histogram,337.9055275917053,337.91324043273926,bigbrain_1538_1206_2082.nii,bin-worker-7.novalocal,140337004058432,6356
calculate_histogram,337.90401005744934,337.91375756263733,bigbrain_1538_1206_0.nii,bin-worker-3.novalocal,140064940099392,20017
flatten,337.8325083255768,337.9082179069519,bigbrain_2307_0_2776.nii,bin-worker-8.novalocal,140526018455360,6824
read_img,250.08951950073242,338.090784072876,bigbrain_0_2412_0.nii,bin-worker-5.novalocal,139980347426624,26946
read_img,121.32315564155579,338.2524058818817,bigbrain_2307_1809_1388.nii,bin-worker-1.novalocal,140244417419072,16855
calculate_histogram,338.3028280735016,338.3098027706146,bigbrain_0_1206_2776.nii,bin-worker-5.novalocal,139980347426624,26967
calculate_histogram,337.6796522140503,337.69091987609863,bigbrain_1538_2412_694.nii,bin-worker-2.novalocal,139949274683200,19929
flatten,338.22910356521606,338.3347980976105,bigbrain_2307_1206_694.nii,bin-worker-1.novalocal,140244417419072,16856
combine_histogram,338.3597557544708,338.382155418396,all_file,bin-worker-6.novalocal,140087759537984,7965
calculate_histogram,338.4962685108185,338.5036971569061,bigbrain_2307_0_0.nii,bin-worker-8.novalocal,140526018455360,6814
calculate_histogram,338.5350339412689,338.54399847984314,bigbrain_1538_0_1388.nii,bin-worker-3.novalocal,140064940099392,20012
read_img,121.43202376365662,338.56163716316223,bigbrain_2307_1809_0.nii,bin-worker-1.novalocal,140244417419072,16867
combine_histogram,337.6785800457001,337.700119972229,all_file,bin-worker-4.novalocal,140417319429952,13629
flatten,338.7345495223999,338.79132986068726,bigbrain_2307_1206_2082.nii,bin-worker-1.novalocal,140244417419072,16873
calculate_histogram,338.78936982154846,338.79601287841797,bigbrain_0_1206_694.nii,bin-worker-5.novalocal,139980347426624,26958
combine_histogram,338.79707956314087,338.8207218647003,all_file,bin-worker-6.novalocal,140087759537984,7975
calculate_histogram,338.7924065589905,338.79939579963684,bigbrain_1538_1206_694.nii,bin-worker-7.novalocal,140337004058432,6373
calculate_histogram,338.8491666316986,338.85587906837463,bigbrain_0_2412_2082.nii,bin-worker-4.novalocal,140417319429952,13626
calculate_histogram,338.88062047958374,338.8880150318146,bigbrain_1538_603_694.nii,bin-worker-8.novalocal,140526018455360,6805
calculate_histogram,338.7940399646759,338.8056745529175,bigbrain_1538_603_1388.nii,bin-worker-2.novalocal,139949274683200,19924
combine_histogram,338.91116976737976,338.93405532836914,all_file,bin-worker-3.novalocal,140064940099392,20027
calculate_histogram,338.9589684009552,338.96605157852173,bigbrain_1538_1809_1388.nii,bin-worker-7.novalocal,140337004058432,6370
calculate_histogram,339.04299092292786,339.050573348999,bigbrain_2307_1206_2776.nii,bin-worker-1.novalocal,140244417419072,16870
calculate_histogram,339.08997678756714,339.0967769622803,bigbrain_0_1809_694.nii,bin-worker-5.novalocal,139980347426624,26952
read_img,189.87581610679626,339.1668336391449,bigbrain_0_2412_2776.nii,bin-worker-4.novalocal,140417319429952,13632
read_img,299.1201581954956,339.2102167606354,bigbrain_1538_603_2082.nii,bin-worker-2.novalocal,139949274683200,19941
calculate_histogram,339.4441981315613,339.4512701034546,bigbrain_1538_603_0.nii,bin-worker-2.novalocal,139949274683200,19932
read_img,183.50971126556396,339.16746258735657,bigbrain_0_2412_1388.nii,bin-worker-4.novalocal,140417319429952,13615
combine_histogram,339.47535514831543,339.4982240200043,all_file,bin-worker-6.novalocal,140087759537984,7971
flatten,339.4796814918518,339.56010246276855,bigbrain_2307_0_1388.nii,bin-worker-8.novalocal,140526018455360,6812
flatten,339.5639350414276,339.6114721298218,bigbrain_0_603_2776.nii,bin-worker-4.novalocal,140417319429952,13635
combine_histogram,339.5903012752533,339.61512064933777,all_file,bin-worker-3.novalocal,140064940099392,20015
calculate_histogram,339.6408886909485,339.6480379104614,bigbrain_1538_1809_2082.nii,bin-worker-7.novalocal,140337004058432,6355
calculate_histogram,339.72194838523865,339.7288751602173,bigbrain_2307_1809_2776.nii,bin-worker-1.novalocal,140244417419072,16876
calculate_histogram,339.8130073547363,339.819961309433,bigbrain_0_1809_0.nii,bin-worker-5.novalocal,139980347426624,26961
combine_histogram,339.86735439300537,339.9125521183014,all_file,bin-worker-2.novalocal,139949274683200,19944
combine_histogram,339.9270589351654,339.94947576522827,all_file,bin-worker-6.novalocal,140087759537984,7963
calculate_histogram,340.01279735565186,340.0206079483032,bigbrain_2307_0_694.nii,bin-worker-8.novalocal,140526018455360,6818
combine_histogram,340.03190088272095,340.05186796188354,all_file,bin-worker-4.novalocal,140417319429952,13622
combine_histogram,340.1007580757141,340.1235444545746,all_file,bin-worker-3.novalocal,140064940099392,20006
calculate_histogram,340.1339774131775,340.14305090904236,bigbrain_1538_1809_0.nii,bin-worker-7.novalocal,140337004058432,6361
calculate_histogram,340.1931586265564,340.2007529735565,bigbrain_2307_1809_2082.nii,bin-worker-1.novalocal,140244417419072,16863
combine_histogram,340.23703932762146,340.25826025009155,all_file,bin-worker-5.novalocal,139980347426624,26955
combine_histogram,340.2754898071289,340.2968442440033,all_file,bin-worker-2.novalocal,139949274683200,19923
combine_histogram,340.3174567222595,340.3390555381775,all_file,bin-worker-6.novalocal,140087759537984,7984
calculate_histogram,340.39848160743713,340.4057774543762,bigbrain_1538_603_2776.nii,bin-worker-8.novalocal,140526018455360,6821
combine_histogram,340.73541378974915,340.75659441947937,all_file,bin-worker-4.novalocal,140417319429952,13620
combine_histogram,340.7703764438629,340.79299545288086,all_file,bin-worker-3.novalocal,140064940099392,20007
calculate_histogram,340.8409197330475,340.84771156311035,bigbrain_2307_1206_1388.nii,bin-worker-1.novalocal,140244417419072,16861
combine_histogram,340.842325925827,340.8643546104431,all_file,bin-worker-7.novalocal,140337004058432,6375
combine_histogram,340.9142642021179,340.936176776886,all_file,bin-worker-5.novalocal,139980347426624,26947
combine_histogram,340.92629051208496,340.9511716365814,all_file,bin-worker-2.novalocal,139949274683200,19938
combine_histogram,340.9786298274994,341.0016074180603,all_file,bin-worker-6.novalocal,140087759537984,7978
combine_histogram,341.0471212863922,341.0679888725281,all_file,bin-worker-4.novalocal,140417319429952,13614
flatten,341.04897379875183,341.1274690628052,bigbrain_2307_0_2082.nii,bin-worker-8.novalocal,140526018455360,6803
combine_histogram,341.1484320163727,341.1719808578491,all_file,bin-worker-3.novalocal,140064940099392,20021
combine_histogram,341.20680594444275,341.2476239204407,all_file,bin-worker-2.novalocal,139949274683200,19935
flatten,341.1481580734253,341.20580887794495,bigbrain_1538_1809_2776.nii,bin-worker-7.novalocal,140337004058432,6363
flatten,341.19160866737366,341.25460052490234,bigbrain_2307_1809_1388.nii,bin-worker-1.novalocal,140244417419072,16855
combine_histogram,341.25936102867126,341.2834053039551,all_file,bin-worker-6.novalocal,140087759537984,7969
calculate_histogram,341.267947435379,341.2748644351959,bigbrain_2307_1206_0.nii,bin-worker-8.novalocal,140526018455360,6809
combine_histogram,341.30564188957214,341.32695865631104,all_file,bin-worker-7.novalocal,140337004058432,6367
calculate_histogram,341.3613500595093,341.3681569099426,bigbrain_2307_1206_694.nii,bin-worker-1.novalocal,140244417419072,16856
combine_histogram,341.3652284145355,341.3882441520691,all_file,bin-worker-3.novalocal,140064940099392,20024
combine_histogram,341.39365100860596,341.42726373672485,all_file,bin-worker-2.novalocal,139949274683200,19929
combine_histogram,341.4012997150421,341.4237859249115,all_file,bin-worker-6.novalocal,140087759537984,7981
combine_histogram,341.58217096328735,341.60766553878784,all_file,bin-worker-2.novalocal,139949274683200,19924
calculate_histogram,341.6462035179138,341.6535904407501,bigbrain_2307_0_2776.nii,bin-worker-8.novalocal,140526018455360,6824
combine_histogram,341.64679431915283,341.66763496398926,all_file,bin-worker-7.novalocal,140337004058432,6356
combine_histogram,341.7875814437866,341.81122040748596,all_file,bin-worker-3.novalocal,140064940099392,20017
flatten,341.7839584350586,341.82677960395813,bigbrain_2307_1809_0.nii,bin-worker-1.novalocal,140244417419072,16867
combine_histogram,341.97892475128174,342.00157618522644,all_file,bin-worker-3.novalocal,140064940099392,20012
combine_histogram,341.9617247581482,341.983181476593,all_file,bin-worker-7.novalocal,140337004058432,6373
combine_histogram,341.9618968963623,341.9832284450531,all_file,bin-worker-8.novalocal,140526018455360,6814
flatten,341.9132285118103,341.9715962409973,bigbrain_1538_603_2082.nii,bin-worker-2.novalocal,139949274683200,19941
calculate_histogram,342.00068163871765,342.00899839401245,bigbrain_2307_1206_2082.nii,bin-worker-1.novalocal,140244417419072,16873
flatten,341.3823299407959,341.42106103897095,bigbrain_0_2412_0.nii,bin-worker-5.novalocal,139980347426624,26946
combine_histogram,342.25993037223816,342.285204410553,all_file,bin-worker-2.novalocal,139949274683200,19932
combine_histogram,342.25534772872925,342.27781438827515,all_file,bin-worker-8.novalocal,140526018455360,6805
combine_histogram,342.3157229423523,342.33679366111755,all_file,bin-worker-7.novalocal,140337004058432,6370
calculate_histogram,342.4038484096527,342.41083908081055,bigbrain_2307_0_1388.nii,bin-worker-8.novalocal,140526018455360,6812
combine_histogram,342.54366636276245,342.5791733264923,all_file,bin-worker-1.novalocal,140244417419072,16870
combine_histogram,342.736004114151,342.75639820098877,all_file,bin-worker-7.novalocal,140337004058432,6355
combine_histogram,342.7366111278534,342.7580394744873,all_file,bin-worker-8.novalocal,140526018455360,6818
combine_histogram,342.94427251815796,342.96616768836975,all_file,bin-worker-7.novalocal,140337004058432,6361
combine_histogram,342.90765261650085,342.9297013282776,all_file,bin-worker-1.novalocal,140244417419072,16876
combine_histogram,343.11979937553406,343.14178824424744,all_file,bin-worker-1.novalocal,140244417419072,16863
combine_histogram,343.12371301651,343.1452748775482,all_file,bin-worker-8.novalocal,140526018455360,6821
calculate_histogram,343.2978460788727,343.3051109313965,bigbrain_2307_0_2082.nii,bin-worker-8.novalocal,140526018455360,6803
calculate_histogram,343.52765417099,343.53489661216736,bigbrain_1538_1809_2776.nii,bin-worker-7.novalocal,140337004058432,6363
combine_histogram,343.49081921577454,343.5137665271759,all_file,bin-worker-1.novalocal,140244417419072,16861
combine_histogram,343.6732304096222,343.6949236392975,all_file,bin-worker-8.novalocal,140526018455360,6809
combine_histogram,342.5451657772064,342.5667495727539,all_file,bin-worker-5.novalocal,139980347426624,26967
calculate_histogram,343.86554288864136,343.8724763393402,bigbrain_2307_1809_1388.nii,bin-worker-1.novalocal,140244417419072,16855
combine_histogram,344.1001651287079,344.1231243610382,all_file,bin-worker-1.novalocal,140244417419072,16856
combine_histogram,343.93543314933777,343.9563207626343,all_file,bin-worker-8.novalocal,140526018455360,6824
calculate_histogram,344.46659088134766,344.47338938713074,bigbrain_2307_1809_0.nii,bin-worker-1.novalocal,140244417419072,16867
combine_histogram,344.82695269584656,344.84935760498047,all_file,bin-worker-1.novalocal,140244417419072,16873
combine_histogram,342.8055920600891,342.82612800598145,all_file,bin-worker-4.novalocal,140417319429952,13626
combine_histogram,344.0907735824585,344.112163066864,all_file,bin-worker-5.novalocal,139980347426624,26958
flatten,344.47065901756287,344.5115821361542,bigbrain_0_2412_2776.nii,bin-worker-4.novalocal,140417319429952,13632
combine_histogram,346.1213204860687,346.14253854751587,all_file,bin-worker-5.novalocal,139980347426624,26952
combine_histogram,345.1507215499878,345.17463660240173,all_file,bin-worker-8.novalocal,140526018455360,6812
combine_histogram,348.5320739746094,348.5537757873535,all_file,bin-worker-5.novalocal,139980347426624,26961
flatten,346.66035985946655,346.71249294281006,bigbrain_0_2412_1388.nii,bin-worker-4.novalocal,140417319429952,13615
calculate_histogram,349.1953694820404,349.202214717865,bigbrain_0_603_2776.nii,bin-worker-4.novalocal,140417319429952,13635
combine_histogram,355.8304326534271,355.8547866344452,all_file,bin-worker-1.novalocal,140244417419072,16855
combine_histogram,357.35281705856323,357.37457609176636,all_file,bin-worker-8.novalocal,140526018455360,6803
calculate_histogram,357.71078395843506,357.71766114234924,bigbrain_0_2412_0.nii,bin-worker-5.novalocal,139980347426624,26946
combine_histogram,382.1583139896393,382.17956280708313,all_file,bin-worker-1.novalocal,140244417419072,16867
calculate_histogram,380.31995725631714,380.3309986591339,bigbrain_1538_603_2082.nii,bin-worker-2.novalocal,139949274683200,19941
calculate_histogram,380.3694968223572,380.376060962677,bigbrain_0_2412_2776.nii,bin-worker-4.novalocal,140417319429952,13632
calculate_histogram,391.8481388092041,391.8551552295685,bigbrain_0_2412_1388.nii,bin-worker-4.novalocal,140417319429952,13615
combine_histogram,403.63117694854736,403.65134859085083,all_file,bin-worker-4.novalocal,140417319429952,13635
combine_histogram,398.2503411769867,398.2719736099243,all_file,bin-worker-7.novalocal,140337004058432,6363
combine_histogram,413.0962607860565,413.11747336387634,all_file,bin-worker-5.novalocal,139980347426624,26946
combine_histogram,445.8893439769745,445.912620306015,all_file,bin-worker-4.novalocal,140417319429952,13632
combine_histogram,463.1811583042145,463.2015483379364,all_file,bin-worker-4.novalocal,140417319429952,13615
read_img,341.38946318626404,477.15150475502014,bigbrain_2307_2412_0.nii,bin-worker-4.novalocal,140417319429952,13629
combine_histogram,456.51947808265686,456.54352831840515,all_file,bin-worker-2.novalocal,139949274683200,19941
read_img,341.3120460510254,495.17369961738586,bigbrain_2307_1809_694.nii,bin-worker-5.novalocal,139980347426624,26964
flatten,541.7635943889618,541.8089265823364,bigbrain_2307_2412_0.nii,bin-worker-4.novalocal,140417319429952,13629
read_img,352.10258650779724,570.7679550647736,bigbrain_3076_2412_0.nii,bin-worker-4.novalocal,140417319429952,13622
read_img,354.68759870529175,580.5229308605194,bigbrain_3076_2412_2776.nii,bin-worker-4.novalocal,140417319429952,13620
read_img,358.55484437942505,584.207891702652,bigbrain_3076_603_2776.nii,bin-worker-4.novalocal,140417319429952,13614
read_img,365.32349729537964,590.5691118240356,bigbrain_769_0_0.nii,bin-worker-4.novalocal,140417319429952,13626
calculate_histogram,598.8909561634064,598.8958933353424,bigbrain_2307_2412_0.nii,bin-worker-4.novalocal,140417319429952,13629
flatten,601.2247574329376,601.2643785476685,bigbrain_3076_2412_2776.nii,bin-worker-4.novalocal,140417319429952,13620
flatten,606.1853177547455,606.2269840240479,bigbrain_3076_2412_0.nii,bin-worker-4.novalocal,140417319429952,13622
read_img,343.24186873435974,571.8818252086639,bigbrain_2307_603_1388.nii,bin-worker-7.novalocal,140337004058432,6375
read_img,342.82204699516296,589.6809060573578,bigbrain_2307_2412_694.nii,bin-worker-2.novalocal,139949274683200,19944
read_img,343.014808177948,601.9398555755615,bigbrain_2307_603_0.nii,bin-worker-2.novalocal,139949274683200,19923
flatten,611.0713179111481,611.1164588928223,bigbrain_3076_603_2776.nii,bin-worker-4.novalocal,140417319429952,13614
flatten,588.9490282535553,588.9842691421509,bigbrain_2307_1809_694.nii,bin-worker-5.novalocal,139980347426624,26964
flatten,615.8273584842682,615.8701348304749,bigbrain_769_0_0.nii,bin-worker-4.novalocal,140417319429952,13626
combine_histogram,620.5346546173096,620.5569653511047,all_file,bin-worker-4.novalocal,140417319429952,13629
read_img,345.92554330825806,609.8007559776306,bigbrain_3076_0_694.nii,bin-worker-7.novalocal,140337004058432,6367
read_img,351.38992953300476,610.3368968963623,bigbrain_3076_1809_2776.nii,bin-worker-5.novalocal,139980347426624,26955
calculate_histogram,625.4575004577637,625.4635996818542,bigbrain_3076_2412_2776.nii,bin-worker-4.novalocal,140417319429952,13620
read_img,344.39504742622375,611.0839276313782,bigbrain_2307_603_2776.nii,bin-worker-2.novalocal,139949274683200,19938
read_img,348.2447073459625,619.9248971939087,bigbrain_3076_1206_694.nii,bin-worker-7.novalocal,140337004058432,6356
read_img,352.1214120388031,624.8274214267731,bigbrain_3076_2412_1388.nii,bin-worker-7.novalocal,140337004058432,6373
read_img,357.87280106544495,629.5040283203125,bigbrain_3076_603_2082.nii,bin-worker-7.novalocal,140337004058432,6370
calculate_histogram,630.4326553344727,630.4381637573242,bigbrain_3076_2412_0.nii,bin-worker-4.novalocal,140417319429952,13622
read_img,348.2502589225769,622.5181658267975,bigbrain_3076_1809_0.nii,bin-worker-2.novalocal,139949274683200,19935
read_img,355.15580654144287,628.5105059146881,bigbrain_3076_603_0.nii,bin-worker-2.novalocal,139949274683200,19929
flatten,630.6307916641235,630.6863105297089,bigbrain_2307_2412_694.nii,bin-worker-2.novalocal,139949274683200,19944
flatten,634.3600237369537,634.4147493839264,bigbrain_2307_603_1388.nii,bin-worker-7.novalocal,140337004058432,6375
calculate_histogram,635.5656278133392,635.5710535049438,bigbrain_3076_603_2776.nii,bin-worker-4.novalocal,140417319429952,13614
read_img,345.68497252464294,611.1162612438202,bigbrain_3076_0_2082.nii,bin-worker-1.novalocal,140244417419072,16870
read_img,368.2418625354767,635.3127334117889,bigbrain_769_0_1388.nii,bin-worker-2.novalocal,139949274683200,19924
flatten,633.3732533454895,633.4189250469208,bigbrain_2307_603_0.nii,bin-worker-2.novalocal,139949274683200,19923
flatten,637.9095239639282,637.9672281742096,bigbrain_2307_603_2776.nii,bin-worker-2.novalocal,139949274683200,19938
read_img,342.5411424636841,590.017627954483,bigbrain_2307_2412_2776.nii,bin-worker-3.novalocal,140064940099392,20027
flatten,637.9372384548187,638.0310368537903,bigbrain_3076_1206_694.nii,bin-worker-7.novalocal,140337004058432,6356
read_img,373.5418162345886,638.2931950092316,bigbrain_769_1206_1388.nii,bin-worker-7.novalocal,140337004058432,6355
read_img,392.9592914581299,638.277410030365,bigbrain_769_1809_2082.nii,bin-worker-2.novalocal,139949274683200,19932
read_img,385.35458183288574,638.6350529193878,bigbrain_769_1809_0.nii,bin-worker-7.novalocal,140337004058432,6361
flatten,638.7908556461334,638.8387043476105,bigbrain_3076_1809_0.nii,bin-worker-2.novalocal,139949274683200,19935
flatten,638.9309375286102,638.9905626773834,bigbrain_3076_0_694.nii,bin-worker-7.novalocal,140337004058432,6367
flatten,639.119784116745,639.1788537502289,bigbrain_3076_603_0.nii,bin-worker-2.novalocal,139949274683200,19929
flatten,639.1893379688263,639.2436983585358,bigbrain_3076_603_2082.nii,bin-worker-7.novalocal,140337004058432,6370
calculate_histogram,639.4258768558502,639.430985212326,bigbrain_2307_2412_694.nii,bin-worker-2.novalocal,139949274683200,19944
flatten,639.6955888271332,639.7692470550537,bigbrain_769_0_1388.nii,bin-worker-2.novalocal,139949274683200,19924
calculate_histogram,637.9452660083771,637.9509122371674,bigbrain_769_0_0.nii,bin-worker-4.novalocal,140417319429952,13626
flatten,639.6401510238647,639.6931126117706,bigbrain_3076_2412_1388.nii,bin-worker-7.novalocal,140337004058432,6373
read_img,345.68637561798096,616.839902639389,bigbrain_3076_0_2776.nii,bin-worker-1.novalocal,140244417419072,16876
calculate_histogram,639.8965864181519,639.9023523330688,bigbrain_2307_603_1388.nii,bin-worker-7.novalocal,140337004058432,6375
calculate_histogram,640.0064010620117,640.0115356445312,bigbrain_2307_603_0.nii,bin-worker-2.novalocal,139949274683200,19923
calculate_histogram,640.3151164054871,640.3202013969421,bigbrain_3076_1206_694.nii,bin-worker-7.novalocal,140337004058432,6356
read_img,354.0261833667755,620.3361704349518,bigbrain_3076_2412_2082.nii,bin-worker-5.novalocal,139980347426624,26947
read_img,363.87631392478943,637.4440734386444,bigbrain_3076_603_694.nii,bin-worker-5.novalocal,139980347426624,26967
calculate_histogram,640.4136509895325,640.4188261032104,bigbrain_2307_603_2776.nii,bin-worker-2.novalocal,139949274683200,19938
flatten,640.6685972213745,640.719758272171,bigbrain_769_1206_1388.nii,bin-worker-7.novalocal,140337004058432,6355
read_img,474.0959703922272,638.2313551902771,bigbrain_769_603_2082.nii,bin-worker-4.novalocal,140417319429952,13635
flatten,641.1039183139801,641.1535866260529,bigbrain_769_1809_2082.nii,bin-worker-2.novalocal,139949274683200,19932
combine_histogram,641.1927864551544,641.2132630348206,all_file,bin-worker-4.novalocal,140417319429952,13620
flatten,641.1937131881714,641.244669675827,bigbrain_769_1809_0.nii,bin-worker-7.novalocal,140337004058432,6361
read_img,506.57514667510986,641.4364705085754,bigbrain_769_603_2776.nii,bin-worker-4.novalocal,140417319429952,13632
calculate_histogram,641.9469516277313,641.9522657394409,bigbrain_3076_1809_0.nii,bin-worker-2.novalocal,139949274683200,19935
combine_histogram,642.0638153553009,642.0851352214813,all_file,bin-worker-4.novalocal,140417319429952,13622
calculate_histogram,642.3022689819336,642.3077595233917,bigbrain_3076_603_0.nii,bin-worker-2.novalocal,139949274683200,19929
calculate_histogram,642.0635361671448,642.0686793327332,bigbrain_3076_0_694.nii,bin-worker-7.novalocal,140337004058432,6367
combine_histogram,642.371416091919,642.3935120105743,all_file,bin-worker-4.novalocal,140417319429952,13614
read_img,344.80554485321045,609.7060253620148,bigbrain_3076_0_1388.nii,bin-worker-8.novalocal,140526018455360,6805
calculate_histogram,642.398989200592,642.4040944576263,bigbrain_3076_603_2082.nii,bin-worker-7.novalocal,140337004058432,6370
combine_histogram,642.450667142868,642.4718947410583,all_file,bin-worker-2.novalocal,139949274683200,19944
flatten,642.5504615306854,642.595201253891,bigbrain_769_603_2082.nii,bin-worker-4.novalocal,140417319429952,13635
calculate_histogram,642.7955956459045,642.8003661632538,bigbrain_3076_2412_1388.nii,bin-worker-7.novalocal,140337004058432,6373
combine_histogram,642.9159119129181,642.9340424537659,all_file,bin-worker-4.novalocal,140417319429952,13626
read_img,348.88272976875305,632.8418002128601,bigbrain_3076_1809_1388.nii,bin-worker-1.novalocal,140244417419072,16861
calculate_histogram,642.9168255329132,642.9219331741333,bigbrain_769_0_1388.nii,bin-worker-2.novalocal,139949274683200,19924
combine_histogram,643.119669675827,643.1402876377106,all_file,bin-worker-7.novalocal,140337004058432,6375
combine_histogram,643.1944930553436,643.2152171134949,all_file,bin-worker-2.novalocal,139949274683200,19923
combine_histogram,643.296680688858,643.316987991333,all_file,bin-worker-7.novalocal,140337004058432,6356
flatten,643.4254348278046,643.467955827713,bigbrain_769_603_2776.nii,bin-worker-4.novalocal,140417319429952,13632
combine_histogram,643.4257388114929,643.4470403194427,all_file,bin-worker-2.novalocal,139949274683200,19938
calculate_histogram,643.6874396800995,643.6925573348999,bigbrain_769_1206_1388.nii,bin-worker-7.novalocal,140337004058432,6355
calculate_histogram,643.7351477146149,643.7403960227966,bigbrain_769_1809_2082.nii,bin-worker-2.novalocal,139949274683200,19932
calculate_histogram,644.1471633911133,644.1530034542084,bigbrain_769_1809_0.nii,bin-worker-7.novalocal,140337004058432,6361
combine_histogram,644.2672908306122,644.2882978916168,all_file,bin-worker-2.novalocal,139949274683200,19935
calculate_histogram,644.8978250026703,644.9033763408661,bigbrain_769_603_2082.nii,bin-worker-4.novalocal,140417319429952,13635
combine_histogram,645.1504964828491,645.1715288162231,all_file,bin-worker-7.novalocal,140337004058432,6367
read_img,341.9986321926117,604.6938049793243,bigbrain_2307_2412_1388.nii,bin-worker-6.novalocal,140087759537984,7965
read_img,344.4208595752716,622.6067976951599,bigbrain_2307_603_694.nii,bin-worker-8.novalocal,140526018455360,6814
read_img,346.67587065696716,636.3564319610596,bigbrain_3076_1206_2082.nii,bin-worker-8.novalocal,140526018455360,6818
combine_histogram,645.3259296417236,645.3460183143616,all_file,bin-worker-2.novalocal,139949274683200,19929
calculate_histogram,645.5651340484619,645.5707976818085,bigbrain_769_603_2776.nii,bin-worker-4.novalocal,140417319429952,13632
combine_histogram,645.5274724960327,645.5481731891632,all_file,bin-worker-7.novalocal,140337004058432,6370
combine_histogram,645.6810209751129,645.7016878128052,all_file,bin-worker-4.novalocal,140417319429952,13635
combine_histogram,645.7202696800232,645.7417714595795,all_file,bin-worker-2.novalocal,139949274683200,19924
combine_histogram,645.6426701545715,645.6635057926178,all_file,bin-worker-7.novalocal,140337004058432,6373
combine_histogram,646.0481340885162,646.0707416534424,all_file,bin-worker-4.novalocal,140417319429952,13632
read_img,344.50372982025146,630.6698267459869,bigbrain_3076_0_0.nii,bin-worker-3.novalocal,140064940099392,20015
combine_histogram,646.7421479225159,646.7623250484467,all_file,bin-worker-7.novalocal,140337004058432,6355
combine_histogram,646.901976108551,646.9238791465759,all_file,bin-worker-2.novalocal,139949274683200,19932
combine_histogram,646.8309407234192,646.8515033721924,all_file,bin-worker-7.novalocal,140337004058432,6361
read_img,346.0628287792206,620.0222029685974,bigbrain_3076_1206_0.nii,bin-worker-1.novalocal,140244417419072,16863
read_img,342.3124690055847,626.7214465141296,bigbrain_2307_2412_2082.nii,bin-worker-6.novalocal,140087759537984,7975
calculate_histogram,643.5717618465424,643.5766401290894,bigbrain_2307_1809_694.nii,bin-worker-5.novalocal,139980347426624,26964
read_img,351.48006296157837,642.3046724796295,bigbrain_3076_1809_694.nii,bin-worker-8.novalocal,140526018455360,6821
read_img,346.62455916404724,637.6414468288422,bigbrain_3076_1206_1388.nii,bin-worker-3.novalocal,140064940099392,20006
read_img,375.88986468315125,645.9539318084717,bigbrain_769_1206_2082.nii,bin-worker-5.novalocal,139980347426624,26958
read_img,343.84386682510376,639.1065964698792,bigbrain_2307_603_2082.nii,bin-worker-6.novalocal,140087759537984,7971
read_img,347.72369599342346,645.6334173679352,bigbrain_3076_1206_2776.nii,bin-worker-6.novalocal,140087759537984,7963
read_img,350.0540819168091,645.4489080905914,bigbrain_3076_1809_2082.nii,bin-worker-3.novalocal,140064940099392,20007
read_img,369.93115162849426,646.3963344097137,bigbrain_769_0_2082.nii,bin-worker-1.novalocal,140244417419072,16856
flatten,647.5782401561737,647.6106729507446,bigbrain_3076_1809_2776.nii,bin-worker-5.novalocal,139980347426624,26955
flatten,650.4244134426117,650.4753949642181,bigbrain_3076_2412_2082.nii,bin-worker-5.novalocal,139980347426624,26947
flatten,647.3783142566681,647.4154958724976,bigbrain_3076_0_2082.nii,bin-worker-1.novalocal,140244417419072,16870
read_img,397.7316355705261,651.5461456775665,bigbrain_769_2412_1388.nii,bin-worker-5.novalocal,139980347426624,26961
read_img,385.45921301841736,649.4426417350769,bigbrain_769_1809_1388.nii,bin-worker-5.novalocal,139980347426624,26952
read_img,357.1564998626709,649.8968253135681,bigbrain_3076_603_1388.nii,bin-worker-3.novalocal,140064940099392,20021
read_img,354.71449279785156,650.0908598899841,bigbrain_3076_2412_694.nii,bin-worker-6.novalocal,140087759537984,7984
flatten,651.4173574447632,651.4713582992554,bigbrain_2307_2412_2776.nii,bin-worker-3.novalocal,140064940099392,20027
flatten,652.1476595401764,652.1970164775848,bigbrain_3076_603_694.nii,bin-worker-5.novalocal,139980347426624,26967
read_img,372.6096739768982,653.1829845905304,bigbrain_769_0_694.nii,bin-worker-3.novalocal,140064940099392,20024
flatten,652.9989514350891,653.0447824001312,bigbrain_3076_0_2776.nii,bin-worker-1.novalocal,140244417419072,16876
combine_histogram,653.5724077224731,653.5923628807068,all_file,bin-worker-5.novalocal,139980347426624,26964
flatten,654.172759771347,654.2220661640167,bigbrain_3076_1206_1388.nii,bin-worker-3.novalocal,140064940099392,20006
read_img,373.01390838623047,652.6265707015991,bigbrain_769_1206_0.nii,bin-worker-8.novalocal,140526018455360,6809
calculate_histogram,655.0294485092163,655.0346050262451,bigbrain_3076_2412_2082.nii,bin-worker-5.novalocal,139980347426624,26947
flatten,655.2505061626434,655.3033709526062,bigbrain_2307_2412_1388.nii,bin-worker-6.novalocal,140087759537984,7965
flatten,654.1223485469818,654.2075543403625,bigbrain_2307_603_694.nii,bin-worker-8.novalocal,140526018455360,6814
flatten,656.1424286365509,656.1846082210541,bigbrain_3076_1809_1388.nii,bin-worker-1.novalocal,140244417419072,16861
flatten,656.3629133701324,656.3950650691986,bigbrain_769_1206_2082.nii,bin-worker-5.novalocal,139980347426624,26958
flatten,657.314355134964,657.3646831512451,bigbrain_2307_2412_2082.nii,bin-worker-6.novalocal,140087759537984,7975
read_img,369.99938321113586,656.9502222537994,bigbrain_769_0_2776.nii,bin-worker-6.novalocal,140087759537984,7978
flatten,656.9208614826202,656.9634289741516,bigbrain_3076_0_0.nii,bin-worker-3.novalocal,140064940099392,20015
calculate_histogram,657.7694618701935,657.7743158340454,bigbrain_3076_1809_2776.nii,bin-worker-5.novalocal,139980347426624,26955
read_img,381.9539248943329,657.7508280277252,bigbrain_769_1206_2776.nii,bin-worker-6.novalocal,140087759537984,7969
read_img,399.69570326805115,657.1475210189819,bigbrain_769_2412_2082.nii,bin-worker-1.novalocal,140244417419072,16873
flatten,658.5596780776978,658.6652500629425,bigbrain_3076_1206_2776.nii,bin-worker-6.novalocal,140087759537984,7963
flatten,658.3884959220886,658.4717433452606,bigbrain_2307_603_2082.nii,bin-worker-6.novalocal,140087759537984,7971
read_img,394.52630734443665,658.958310842514,bigbrain_769_1809_694.nii,bin-worker-6.novalocal,140087759537984,7981
flatten,659.221417427063,659.26722407341,bigbrain_3076_2412_694.nii,bin-worker-6.novalocal,140087759537984,7984
flatten,659.1340322494507,659.172623872757,bigbrain_769_2412_1388.nii,bin-worker-5.novalocal,139980347426624,26961
flatten,659.1352653503418,659.2276861667633,bigbrain_3076_1809_2082.nii,bin-worker-3.novalocal,140064940099392,20007
flatten,657.114559173584,657.197390794754,bigbrain_3076_1206_2082.nii,bin-worker-8.novalocal,140526018455360,6818
read_img,393.25562596321106,659.5187931060791,bigbrain_769_1809_2776.nii,bin-worker-3.novalocal,140064940099392,20017
calculate_histogram,659.7465608119965,659.7522525787354,bigbrain_2307_2412_1388.nii,bin-worker-6.novalocal,140087759537984,7965
read_img,383.4927213191986,657.5404534339905,bigbrain_769_1206_694.nii,bin-worker-8.novalocal,140526018455360,6824
flatten,658.639654636383,658.6786315441132,bigbrain_3076_1206_0.nii,bin-worker-1.novalocal,140244417419072,16863
flatten,659.8202540874481,659.9733326435089,bigbrain_3076_603_1388.nii,bin-worker-3.novalocal,140064940099392,20021
flatten,660.1233699321747,660.1709613800049,bigbrain_769_1206_2776.nii,bin-worker-6.novalocal,140087759537984,7969
flatten,659.5741438865662,659.6568531990051,bigbrain_3076_0_1388.nii,bin-worker-8.novalocal,140526018455360,6805
flatten,660.2595248222351,660.3323619365692,bigbrain_769_1809_1388.nii,bin-worker-5.novalocal,139980347426624,26952
read_img,409.04691314697266,660.2989995479584,bigbrain_769_2412_2776.nii,bin-worker-3.novalocal,140064940099392,20012
flatten,660.0272862911224,660.1032972335815,bigbrain_769_0_2082.nii,bin-worker-1.novalocal,140244417419072,16856
read_img,395.07540678977966,660.4563457965851,bigbrain_769_2412_0.nii,bin-worker-8.novalocal,140526018455360,6812
read_img,508.1754777431488,660.5503594875336,bigbrain_769_603_694.nii,bin-worker-5.novalocal,139980347426624,26946
read_img,415.50835943222046,660.3958809375763,bigbrain_769_603_0.nii,bin-worker-1.novalocal,140244417419072,16855
flatten,660.5232946872711,660.658004283905,bigbrain_3076_1809_694.nii,bin-worker-8.novalocal,140526018455360,6821
calculate_histogram,660.6827096939087,660.6888358592987,bigbrain_3076_0_0.nii,bin-worker-3.novalocal,140064940099392,20015
calculate_histogram,660.7980790138245,660.8034517765045,bigbrain_2307_2412_2082.nii,bin-worker-6.novalocal,140087759537984,7975
calculate_histogram,660.8513576984406,660.8569161891937,bigbrain_3076_0_2082.nii,bin-worker-1.novalocal,140244417419072,16870
read_img,456.4566159248352,661.1106543540955,bigbrain_769_603_1388.nii,bin-worker-1.novalocal,140244417419072,16867
read_img,412.96800351142883,661.4434311389923,bigbrain_769_2412_694.nii,bin-worker-8.novalocal,140526018455360,6803
calculate_histogram,661.4468576908112,661.4519600868225,bigbrain_3076_603_694.nii,bin-worker-5.novalocal,139980347426624,26967
calculate_histogram,661.5054960250854,661.5111207962036,bigbrain_2307_2412_2776.nii,bin-worker-3.novalocal,140064940099392,20027
flatten,661.4598565101624,661.5442872047424,bigbrain_769_1206_0.nii,bin-worker-8.novalocal,140526018455360,6809
flatten,661.5903313159943,661.6457262039185,bigbrain_769_0_2776.nii,bin-worker-6.novalocal,140087759537984,7978
calculate_histogram,661.8657829761505,661.8717513084412,bigbrain_3076_0_2776.nii,bin-worker-1.novalocal,140244417419072,16876
calculate_histogram,662.1905212402344,662.1963739395142,bigbrain_2307_603_694.nii,bin-worker-8.novalocal,140526018455360,6814
flatten,662.2959580421448,662.3446788787842,bigbrain_769_0_694.nii,bin-worker-3.novalocal,140064940099392,20024
calculate_histogram,662.4238550662994,662.4289169311523,bigbrain_2307_603_2082.nii,bin-worker-6.novalocal,140087759537984,7971
calculate_histogram,662.4375393390656,662.4435982704163,bigbrain_3076_1809_1388.nii,bin-worker-1.novalocal,140244417419072,16861
combine_histogram,662.5233221054077,662.5558304786682,all_file,bin-worker-5.novalocal,139980347426624,26947
calculate_histogram,662.5714595317841,662.5767126083374,bigbrain_3076_1206_2082.nii,bin-worker-8.novalocal,140526018455360,6818
calculate_histogram,662.6040661334991,662.6093111038208,bigbrain_3076_1206_1388.nii,bin-worker-3.novalocal,140064940099392,20006
calculate_histogram,662.708812713623,662.7140579223633,bigbrain_3076_1206_2776.nii,bin-worker-6.novalocal,140087759537984,7963
calculate_histogram,663.0609588623047,663.0658962726593,bigbrain_769_1206_2082.nii,bin-worker-5.novalocal,139980347426624,26958
flatten,663.0232329368591,663.0675916671753,bigbrain_769_2412_2082.nii,bin-worker-1.novalocal,140244417419072,16873
calculate_histogram,663.2080056667328,663.2142791748047,bigbrain_3076_1809_2082.nii,bin-worker-3.novalocal,140064940099392,20007
flatten,663.1543934345245,663.2323222160339,bigbrain_769_1206_694.nii,bin-worker-8.novalocal,140526018455360,6824
calculate_histogram,663.2846941947937,663.289689540863,bigbrain_3076_1206_0.nii,bin-worker-1.novalocal,140244417419072,16863
flatten,663.2853074073792,663.3361327648163,bigbrain_769_1809_694.nii,bin-worker-6.novalocal,140087759537984,7981
combine_histogram,663.365727186203,663.38565325737,all_file,bin-worker-5.novalocal,139980347426624,26955
calculate_histogram,663.4977264404297,663.5031032562256,bigbrain_3076_0_1388.nii,bin-worker-8.novalocal,140526018455360,6805
flatten,663.5723509788513,663.625529050827,bigbrain_769_1809_2776.nii,bin-worker-3.novalocal,140064940099392,20017
calculate_histogram,663.6756610870361,663.6810264587402,bigbrain_3076_2412_694.nii,bin-worker-6.novalocal,140087759537984,7984
calculate_histogram,663.7487313747406,663.7539772987366,bigbrain_769_0_2082.nii,bin-worker-1.novalocal,140244417419072,16856
calculate_histogram,663.7756247520447,663.7805442810059,bigbrain_769_2412_1388.nii,bin-worker-5.novalocal,139980347426624,26961
calculate_histogram,663.9770350456238,663.9822897911072,bigbrain_3076_603_1388.nii,bin-worker-3.novalocal,140064940099392,20021
flatten,663.9214911460876,663.9930689334869,bigbrain_769_2412_0.nii,bin-worker-8.novalocal,140526018455360,6812
combine_histogram,664.0997049808502,664.1200091838837,all_file,bin-worker-6.novalocal,140087759537984,7965
flatten,664.1513440608978,664.2081599235535,bigbrain_769_603_0.nii,bin-worker-1.novalocal,140244417419072,16855
calculate_histogram,664.2309322357178,664.2357015609741,bigbrain_769_1809_1388.nii,bin-worker-5.novalocal,139980347426624,26952
calculate_histogram,664.2741894721985,664.2792463302612,bigbrain_3076_1809_694.nii,bin-worker-8.novalocal,140526018455360,6821
flatten,664.4472942352295,664.5030374526978,bigbrain_769_2412_2776.nii,bin-worker-3.novalocal,140064940099392,20012
calculate_histogram,664.5966582298279,664.6019055843353,bigbrain_769_1206_2776.nii,bin-worker-6.novalocal,140087759537984,7969
combine_histogram,664.6833469867706,664.7054643630981,all_file,bin-worker-1.novalocal,140244417419072,16870
flatten,664.7366855144501,664.7860269546509,bigbrain_769_603_694.nii,bin-worker-5.novalocal,139980347426624,26946
combine_histogram,664.8124754428864,664.8307189941406,all_file,bin-worker-3.novalocal,140064940099392,20015
flatten,664.7694172859192,664.838992357254,bigbrain_769_2412_694.nii,bin-worker-8.novalocal,140526018455360,6803
combine_histogram,664.9166147708893,664.9396767616272,all_file,bin-worker-6.novalocal,140087759537984,7975
flatten,664.9824693202972,665.0362317562103,bigbrain_769_603_1388.nii,bin-worker-1.novalocal,140244417419072,16867
combine_histogram,665.1417927742004,665.1609826087952,all_file,bin-worker-5.novalocal,139980347426624,26967
calculate_histogram,665.1854548454285,665.1906006336212,bigbrain_769_1206_0.nii,bin-worker-8.novalocal,140526018455360,6809
combine_histogram,665.315514087677,665.3366911411285,all_file,bin-worker-3.novalocal,140064940099392,20027
calculate_histogram,665.3800208568573,665.386393070221,bigbrain_769_0_2776.nii,bin-worker-6.novalocal,140087759537984,7978
combine_histogram,665.4688186645508,665.4896702766418,all_file,bin-worker-1.novalocal,140244417419072,16876
calculate_histogram,665.7923285961151,665.7982304096222,bigbrain_769_0_694.nii,bin-worker-3.novalocal,140064940099392,20024
combine_histogram,665.7792246341705,665.799747467041,all_file,bin-worker-8.novalocal,140526018455360,6814
combine_histogram,665.8327088356018,665.8515436649323,all_file,bin-worker-6.novalocal,140087759537984,7971
combine_histogram,665.8413734436035,665.8612501621246,all_file,bin-worker-1.novalocal,140244417419072,16861
combine_histogram,665.8996186256409,665.9203140735626,all_file,bin-worker-5.novalocal,139980347426624,26958
combine_histogram,665.906524181366,665.9259176254272,all_file,bin-worker-8.novalocal,140526018455360,6818
combine_histogram,665.9224128723145,665.9435119628906,all_file,bin-worker-3.novalocal,140064940099392,20006
calculate_histogram,665.9688432216644,665.9737200737,bigbrain_769_2412_2082.nii,bin-worker-1.novalocal,140244417419072,16873
combine_histogram,665.9530727863312,665.9740204811096,all_file,bin-worker-6.novalocal,140087759537984,7963
calculate_histogram,666.1223564147949,666.1271924972534,bigbrain_769_1206_694.nii,bin-worker-8.novalocal,140526018455360,6824
combine_histogram,666.283087015152,666.304044008255,all_file,bin-worker-3.novalocal,140064940099392,20007
calculate_histogram,666.3733246326447,666.3810997009277,bigbrain_769_1809_694.nii,bin-worker-6.novalocal,140087759537984,7981
combine_histogram,666.3952021598816,666.4158663749695,all_file,bin-worker-1.novalocal,140244417419072,16863
combine_histogram,666.531574010849,666.5518245697021,all_file,bin-worker-5.novalocal,139980347426624,26961
combine_histogram,666.5897400379181,666.6109874248505,all_file,bin-worker-8.novalocal,140526018455360,6805
calculate_histogram,666.628059387207,666.6335508823395,bigbrain_769_1809_2776.nii,bin-worker-3.novalocal,140064940099392,20017
combine_histogram,666.6515650749207,666.6720650196075,all_file,bin-worker-6.novalocal,140087759537984,7984
combine_histogram,666.6676108837128,666.68687748909,all_file,bin-worker-1.novalocal,140244417419072,16856
combine_histogram,666.6990964412689,666.7196841239929,all_file,bin-worker-5.novalocal,139980347426624,26952
calculate_histogram,666.7502062320709,666.7559669017792,bigbrain_769_2412_0.nii,bin-worker-8.novalocal,140526018455360,6812
combine_histogram,666.7530257701874,666.7739446163177,all_file,bin-worker-3.novalocal,140064940099392,20021
calculate_histogram,666.8272371292114,666.8322730064392,bigbrain_769_603_0.nii,bin-worker-1.novalocal,140244417419072,16855
calculate_histogram,666.8373749256134,666.8423373699188,bigbrain_769_603_694.nii,bin-worker-5.novalocal,139980347426624,26946
combine_histogram,666.8456516265869,666.8665041923523,all_file,bin-worker-8.novalocal,140526018455360,6821
calculate_histogram,666.8948726654053,666.9006791114807,bigbrain_769_2412_2776.nii,bin-worker-3.novalocal,140064940099392,20012
combine_histogram,666.8980948925018,666.918669462204,all_file,bin-worker-6.novalocal,140087759537984,7969
calculate_histogram,666.9927177429199,666.9979264736176,bigbrain_769_2412_694.nii,bin-worker-8.novalocal,140526018455360,6803
calculate_histogram,667.0842278003693,667.0893266201019,bigbrain_769_603_1388.nii,bin-worker-1.novalocal,140244417419072,16867
combine_histogram,667.2166357040405,667.2369477748871,all_file,bin-worker-8.novalocal,140526018455360,6809
combine_histogram,667.3867149353027,667.4070429801941,all_file,bin-worker-6.novalocal,140087759537984,7978
combine_histogram,667.895482301712,667.9164650440216,all_file,bin-worker-3.novalocal,140064940099392,20024
combine_histogram,668.3142561912537,668.3524751663208,all_file,bin-worker-1.novalocal,140244417419072,16873
combine_histogram,668.3351640701294,668.3554100990295,all_file,bin-worker-5.novalocal,139980347426624,26946
combine_histogram,668.3974027633667,668.4167420864105,all_file,bin-worker-8.novalocal,140526018455360,6824
combine_histogram,668.4613070487976,668.4846124649048,all_file,bin-worker-6.novalocal,140087759537984,7981
combine_histogram,668.5000152587891,668.5211033821106,all_file,bin-worker-3.novalocal,140064940099392,20017
combine_histogram,668.6369876861572,668.6559672355652,all_file,bin-worker-8.novalocal,140526018455360,6812
combine_histogram,668.8486857414246,668.868091583252,all_file,bin-worker-1.novalocal,140244417419072,16855
combine_histogram,669.0448787212372,669.0663721561432,all_file,bin-worker-3.novalocal,140064940099392,20012
combine_histogram,669.1769986152649,669.2141938209534,all_file,bin-worker-1.novalocal,140244417419072,16867
combine_histogram,669.3648629188538,669.3851602077484,all_file,bin-worker-8.novalocal,140526018455360,6803
combine_histogram,670.9569964408875,670.9774677753448,all_file,driver.novalocal,139808551737152,23544
combine_histogram,671.0531988143921,671.0831353664398,all_file,driver.novalocal,139808551737152,23544
combine_histogram,671.1690604686737,671.1951208114624,all_file,driver.novalocal,139808551737152,23544
combine_histogram,671.27943110466,671.3038666248322,all_file,driver.novalocal,139808551737152,23544
combine_histogram,671.4074625968933,671.4302554130554,all_file,driver.novalocal,139808551737152,23544
combine_histogram,671.5248775482178,671.5497901439667,all_file,driver.novalocal,139808551737152,23544
combine_histogram,671.7250440120697,671.7477009296417,all_file,driver.novalocal,139808551737152,23544
combine_histogram,671.8431420326233,671.8669121265411,all_file,driver.novalocal,139808551737152,23544
combine_histogram,672.0274968147278,672.0510311126709,all_file,driver.novalocal,139808551737152,23544
combine_histogram,672.175806760788,672.2021610736847,all_file,driver.novalocal,139808551737152,23544
combine_histogram,672.2540998458862,672.2767798900604,all_file,driver.novalocal,139808551737152,23544
combine_histogram,672.4003477096558,672.4242022037506,all_file,driver.novalocal,139808551737152,23544
combine_histogram,672.68203997612,672.7050216197968,all_file,driver.novalocal,139808551737152,23544
combine_histogram,672.7825176715851,672.806941986084,all_file,driver.novalocal,139808551737152,23544
combine_histogram,672.8694131374359,672.892493724823,all_file,driver.novalocal,139808551737152,23544
