read_img,867.5031750202179,868.7438328266144,bigbrain_769_201_347.nii,bin-worker-2.novalocal,140326538557248,4135
read_img,436.7489125728607,439.8150351047516,bigbrain_2307_1206_2082.nii,bin-worker-2.novalocal,140326538557248,4126
read_img,868.0218589305878,869.3551907539368,bigbrain_769_201_694.nii,bin-worker-8.novalocal,140004231698240,9820
read_img,431.68133068084717,440.15924191474915,bigbrain_2307_1005_2776.nii,bin-worker-4.novalocal,140099593164608,16236
read_img,431.6828007698059,440.2187132835388,bigbrain_2307_1005_3123.nii,bin-worker-4.novalocal,140099593164608,16233
read_img,439.49625062942505,441.6890151500702,bigbrain_2307_1206_2429.nii,bin-worker-3.novalocal,139897088001856,3709
read_img,869.2102942466736,871.2893221378326,bigbrain_769_2211_0.nii,bin-worker-2.novalocal,140326538557248,4120
read_img,870.3546152114868,872.9689483642578,bigbrain_769_2211_1735.nii,bin-worker-2.novalocal,140326538557248,4129
read_img,869.4576170444489,872.5976223945618,bigbrain_769_2211_1041.nii,bin-worker-5.novalocal,140363926964032,15257
read_img,869.8617398738861,873.0899317264557,bigbrain_769_2211_1388.nii,bin-worker-5.novalocal,140363926964032,15254
read_img,432.06578278541565,442.14934849739075,bigbrain_2307_1005_347.nii,bin-worker-6.novalocal,140178555524928,23761
read_img,432.06673526763916,443.0937569141388,bigbrain_2307_1005_694.nii,bin-worker-6.novalocal,140178555524928,23757
read_img,873.9067716598511,875.6417615413666,bigbrain_769_2211_2082.nii,bin-worker-7.novalocal,140331200227136,15321
read_img,432.3396706581116,444.10069847106934,bigbrain_2307_1206_0.nii,bin-worker-6.novalocal,140178555524928,23755
read_img,874.6356799602509,875.9762353897095,bigbrain_769_2211_2429.nii,bin-worker-3.novalocal,139897088001856,3712
read_img,441.725537776947,446.33482003211975,bigbrain_2307_1206_3123.nii,bin-worker-3.novalocal,139897088001856,3721
read_img,434.10354137420654,445.36169934272766,bigbrain_2307_1206_1735.nii,bin-worker-6.novalocal,140178555524928,23746
read_img,433.45312094688416,445.047643661499,bigbrain_2307_1206_1041.nii,bin-worker-6.novalocal,140178555524928,23767
read_img,441.85435247421265,447.2567603588104,bigbrain_2307_1206_347.nii,bin-worker-3.novalocal,139897088001856,3700
read_img,876.3409059047699,877.2842247486115,bigbrain_769_2211_2776.nii,bin-worker-3.novalocal,139897088001856,3718
read_img,443.5253984928131,448.29881834983826,bigbrain_2307_1206_694.nii,bin-worker-3.novalocal,139897088001856,3702
read_img,440.4443893432617,448.18866872787476,bigbrain_2307_1206_2776.nii,bin-worker-6.novalocal,140178555524928,23748
read_img,444.06485891342163,448.9362099170685,bigbrain_2307_1407_0.nii,bin-worker-6.novalocal,140178555524928,23752
read_img,878.6374845504761,879.7345552444458,bigbrain_769_2211_3123.nii,bin-worker-1.novalocal,140703567460160,3830
read_img,879.2502110004425,881.2717781066895,bigbrain_769_2211_347.nii,bin-worker-7.novalocal,140331200227136,15322
read_img,449.05700039863586,451.9693579673767,bigbrain_2307_1407_3123.nii,bin-worker-6.novalocal,140178555524928,23764
read_img,879.4706380367279,881.537207365036,bigbrain_769_2211_694.nii,bin-worker-7.novalocal,140331200227136,15341
read_img,449.9919173717499,453.14357829093933,bigbrain_2307_1407_694.nii,bin-worker-3.novalocal,139897088001856,3715
read_img,881.4262409210205,882.9197614192963,bigbrain_769_2412_0.nii,bin-worker-5.novalocal,140363926964032,15248
read_img,451.280677318573,454.2134053707123,bigbrain_2307_1608_1041.nii,bin-worker-8.novalocal,140004231698240,9808
read_img,881.6704137325287,884.2142872810364,bigbrain_769_2412_1041.nii,bin-worker-7.novalocal,140331200227136,15335
read_img,882.662878036499,884.7341406345367,bigbrain_769_2412_1388.nii,bin-worker-4.novalocal,140099593164608,16227
read_img,453.4942002296448,455.6469407081604,bigbrain_2307_1608_1388.nii,bin-worker-3.novalocal,139897088001856,3706
read_img,883.3808183670044,885.2665050029755,bigbrain_769_2412_1735.nii,bin-worker-7.novalocal,140331200227136,15336
read_img,445.30474162101746,448.91271209716797,bigbrain_2307_1407_1041.nii,bin-worker-5.novalocal,140363926964032,15254
read_img,886.3670525550842,887.3947274684906,bigbrain_769_2412_2082.nii,bin-worker-1.novalocal,140703567460160,3844
read_img,447.1048138141632,457.8698468208313,bigbrain_2307_1407_1388.nii,bin-worker-5.novalocal,140363926964032,15257
read_img,447.28212237358093,458.2875888347626,bigbrain_2307_1407_1735.nii,bin-worker-5.novalocal,140363926964032,15236
read_img,447.9972777366638,459.08685278892517,bigbrain_2307_1407_2429.nii,bin-worker-5.novalocal,140363926964032,15242
read_img,447.6764476299286,459.7771866321564,bigbrain_2307_1407_2082.nii,bin-worker-5.novalocal,140363926964032,15248
read_img,448.8237633705139,459.8034782409668,bigbrain_2307_1407_2776.nii,bin-worker-5.novalocal,140363926964032,15251
read_img,449.4017696380615,460.05126571655273,bigbrain_2307_1407_347.nii,bin-worker-5.novalocal,140363926964032,15245
read_img,450.97786116600037,460.0884826183319,bigbrain_2307_1608_0.nii,bin-worker-5.novalocal,140363926964032,15237
read_img,457.4080367088318,461.43909311294556,bigbrain_2307_1608_1735.nii,bin-worker-8.novalocal,140004231698240,9802
read_img,457.7721862792969,463.26844668388367,bigbrain_2307_1608_2082.nii,bin-worker-8.novalocal,140004231698240,9811
read_img,458.37357878685,464.0042145252228,bigbrain_2307_1608_2429.nii,bin-worker-8.novalocal,140004231698240,9803
read_img,458.61445355415344,464.0724380016327,bigbrain_2307_1608_2776.nii,bin-worker-8.novalocal,140004231698240,9817
read_img,459.5315737724304,464.28514432907104,bigbrain_2307_1608_3123.nii,bin-worker-8.novalocal,140004231698240,9820
read_img,460.1518557071686,464.4284119606018,bigbrain_2307_1608_347.nii,bin-worker-8.novalocal,140004231698240,9823
read_img,892.6314764022827,894.1862559318542,bigbrain_769_2412_2429.nii,bin-worker-4.novalocal,140099593164608,16228
read_img,893.0833003520966,896.0700888633728,bigbrain_769_2412_2776.nii,bin-worker-6.novalocal,140178555524928,23752
read_img,893.5087110996246,896.603994846344,bigbrain_769_2412_347.nii,bin-worker-3.novalocal,139897088001856,3721
read_img,893.353777885437,897.811559677124,bigbrain_769_2412_3123.nii,bin-worker-5.novalocal,140363926964032,15236
read_img,894.3588354587555,899.1014478206635,bigbrain_769_2412_694.nii,bin-worker-5.novalocal,140363926964032,15251
read_img,894.4376459121704,899.3938224315643,bigbrain_769_2613_0.nii,bin-worker-5.novalocal,140363926964032,15242
read_img,895.6203527450562,899.5149579048157,bigbrain_769_2613_1041.nii,bin-worker-5.novalocal,140363926964032,15245
read_img,469.45997619628906,470.40357732772827,bigbrain_2307_1608_694.nii,bin-worker-8.novalocal,140004231698240,9814
read_img,898.7464582920074,900.1367526054382,bigbrain_769_2613_1388.nii,bin-worker-6.novalocal,140178555524928,23761
read_img,471.72762513160706,472.64568638801575,bigbrain_2307_1809_0.nii,bin-worker-1.novalocal,140703567460160,3844
read_img,901.4771573543549,903.3828690052032,bigbrain_769_2613_1735.nii,bin-worker-3.novalocal,139897088001856,3702
read_img,901.6011159420013,903.7799983024597,bigbrain_769_2613_2082.nii,bin-worker-8.novalocal,140004231698240,9811
read_img,473.65262842178345,475.34372329711914,bigbrain_2307_1809_1041.nii,bin-worker-1.novalocal,140703567460160,3841
read_img,473.8495030403137,475.62946486473083,bigbrain_2307_1809_1388.nii,bin-worker-1.novalocal,140703567460160,3829
read_img,902.7110543251038,904.6136591434479,bigbrain_769_2613_2429.nii,bin-worker-8.novalocal,140004231698240,9823
read_img,904.0505759716034,905.9163024425507,bigbrain_769_2613_2776.nii,bin-worker-4.novalocal,140099593164608,16241
read_img,904.4964897632599,906.1851828098297,bigbrain_769_2613_3123.nii,bin-worker-8.novalocal,140004231698240,9817
read_img,475.63555932044983,476.782413482666,bigbrain_2307_1809_1735.nii,bin-worker-2.novalocal,140326538557248,4116
read_img,476.32827734947205,477.61962246894836,bigbrain_2307_1809_2082.nii,bin-worker-1.novalocal,140703567460160,3838
read_img,477.2759335041046,478.4427492618561,bigbrain_2307_1809_2429.nii,bin-worker-4.novalocal,140099593164608,16227
read_img,908.3633227348328,909.3002166748047,bigbrain_769_2613_347.nii,bin-worker-6.novalocal,140178555524928,23764
read_img,910.7678773403168,911.7409009933472,bigbrain_769_2613_694.nii,bin-worker-5.novalocal,140363926964032,15237
read_img,482.7493600845337,484.49089431762695,bigbrain_2307_1809_2776.nii,bin-worker-1.novalocal,140703567460160,3835
read_img,482.9068834781647,484.73846435546875,bigbrain_2307_1809_3123.nii,bin-worker-2.novalocal,140326538557248,4132
read_img,913.795273065567,915.2311115264893,bigbrain_769_2814_0.nii,bin-worker-6.novalocal,140178555524928,23755
read_img,484.48088479042053,486.48091888427734,bigbrain_2307_1809_347.nii,bin-worker-2.novalocal,140326538557248,4135
read_img,914.0883996486664,916.2425811290741,bigbrain_769_2814_1041.nii,bin-worker-1.novalocal,140703567460160,3829
read_img,484.68287110328674,486.9119510650635,bigbrain_2307_1809_694.nii,bin-worker-2.novalocal,140326538557248,4120
read_img,485.9983491897583,487.4657027721405,bigbrain_2307_2010_0.nii,bin-worker-2.novalocal,140326538557248,4123
read_img,914.7892072200775,917.0083811283112,bigbrain_769_2814_1388.nii,bin-worker-2.novalocal,140326538557248,4114
read_img,487.3036901950836,488.33777260780334,bigbrain_2307_2010_1041.nii,bin-worker-4.novalocal,140099593164608,16241
read_img,488.6628313064575,489.59687185287476,bigbrain_2307_2010_1388.nii,bin-worker-2.novalocal,140326538557248,4129
read_img,917.2697451114655,920.2708213329315,bigbrain_769_2814_2776.nii,bin-worker-4.novalocal,140099593164608,16233
read_img,491.2294714450836,492.17952394485474,bigbrain_2307_2010_1735.nii,bin-worker-4.novalocal,140099593164608,16228
read_img,917.6164271831512,921.6065971851349,bigbrain_769_2814_3123.nii,bin-worker-6.novalocal,140178555524928,23746
read_img,916.0894675254822,919.8235559463501,bigbrain_769_2814_1735.nii,bin-worker-8.novalocal,140004231698240,9802
read_img,921.6908214092255,924.7688543796539,bigbrain_769_402_1735.nii,bin-worker-3.novalocal,139897088001856,3700
read_img,916.7431371212006,924.4407436847687,bigbrain_769_2814_2082.nii,bin-worker-8.novalocal,140004231698240,9803
read_img,917.0369141101837,925.4029104709625,bigbrain_769_2814_2429.nii,bin-worker-8.novalocal,140004231698240,9808
read_img,496.9037003517151,497.8510854244232,bigbrain_2307_2010_2082.nii,bin-worker-4.novalocal,140099593164608,16248
read_img,918.8906354904175,925.5433659553528,bigbrain_769_2814_347.nii,bin-worker-6.novalocal,140178555524928,23757
read_img,10.378709554672241,66.52564120292664,bigbrain_0_0_0.nii,bin-worker-6.novalocal,140178555524928,23764
read_img,10.381377220153809,66.64810538291931,bigbrain_0_0_1041.nii,bin-worker-6.novalocal,140178555524928,23748
read_img,10.38003396987915,66.97594618797302,bigbrain_0_0_2082.nii,bin-worker-6.novalocal,140178555524928,23757
read_img,10.378523349761963,66.55022048950195,bigbrain_0_0_1735.nii,bin-worker-6.novalocal,140178555524928,23752
read_img,10.38003396987915,66.69934177398682,bigbrain_0_0_3123.nii,bin-worker-6.novalocal,140178555524928,23761
read_img,10.378401517868042,66.78876066207886,bigbrain_0_0_2776.nii,bin-worker-6.novalocal,140178555524928,23746
read_img,10.381460666656494,66.85995960235596,bigbrain_0_0_1388.nii,bin-worker-6.novalocal,140178555524928,23755
read_img,10.381014585494995,66.828608751297,bigbrain_0_0_2429.nii,bin-worker-6.novalocal,140178555524928,23767
read_img,10.545872688293457,66.37073945999146,bigbrain_0_1407_347.nii,bin-worker-2.novalocal,140326538557248,4132
read_img,10.5458402633667,63.2228581905365,bigbrain_0_1407_2429.nii,bin-worker-2.novalocal,140326538557248,4129
read_img,10.545373916625977,68.91558289527893,bigbrain_0_1407_2776.nii,bin-worker-2.novalocal,140326538557248,4126
read_img,10.543560266494751,58.80757522583008,bigbrain_0_1407_1735.nii,bin-worker-2.novalocal,140326538557248,4135
read_img,10.54521632194519,68.85668087005615,bigbrain_0_1407_3123.nii,bin-worker-2.novalocal,140326538557248,4114
read_img,10.544836044311523,68.06983137130737,bigbrain_0_1407_694.nii,bin-worker-2.novalocal,140326538557248,4120
read_img,10.543821573257446,66.32911038398743,bigbrain_0_1407_1388.nii,bin-worker-2.novalocal,140326538557248,4116
read_img,10.546539306640625,68.92551565170288,bigbrain_0_1407_2082.nii,bin-worker-2.novalocal,140326538557248,4123
read_img,10.447442531585693,67.79550194740295,bigbrain_0_1206_0.nii,bin-worker-4.novalocal,140099593164608,16227
read_img,10.44529938697815,67.57135057449341,bigbrain_0_1206_1735.nii,bin-worker-4.novalocal,140099593164608,16233
read_img,10.44534182548523,67.63219690322876,bigbrain_0_1005_694.nii,bin-worker-4.novalocal,140099593164608,16239
read_img,10.44740915298462,67.71282982826233,bigbrain_0_1005_347.nii,bin-worker-4.novalocal,140099593164608,16241
read_img,10.44737458229065,67.15863609313965,bigbrain_0_1206_1388.nii,bin-worker-4.novalocal,140099593164608,16243
read_img,10.444823741912842,67.87683320045471,bigbrain_0_1005_2776.nii,bin-worker-4.novalocal,140099593164608,16228
read_img,10.44655466079712,67.6903944015503,bigbrain_0_1005_3123.nii,bin-worker-4.novalocal,140099593164608,16236
read_img,10.449887990951538,67.62798857688904,bigbrain_0_1206_1041.nii,bin-worker-4.novalocal,140099593164608,16248
read_img,10.546112298965454,52.962363719940186,bigbrain_0_1809_0.nii,bin-worker-3.novalocal,139897088001856,3721
read_img,10.547106266021729,66.45858073234558,bigbrain_0_1809_2082.nii,bin-worker-3.novalocal,139897088001856,3709
read_img,10.547457218170166,68.08917427062988,bigbrain_0_1809_1735.nii,bin-worker-3.novalocal,139897088001856,3715
read_img,10.548985004425049,68.92083954811096,bigbrain_0_1809_2429.nii,bin-worker-3.novalocal,139897088001856,3712
read_img,10.549034357070923,63.29223275184631,bigbrain_0_1809_1388.nii,bin-worker-3.novalocal,139897088001856,3700
read_img,10.547126770019531,63.35194635391235,bigbrain_0_1608_347.nii,bin-worker-3.novalocal,139897088001856,3718
read_img,10.549179077148438,68.93612146377563,bigbrain_0_1608_694.nii,bin-worker-3.novalocal,139897088001856,3702
read_img,10.548211574554443,68.89400124549866,bigbrain_0_1809_1041.nii,bin-worker-3.novalocal,139897088001856,3706
read_img,10.600797891616821,68.9181501865387,bigbrain_0_1608_1735.nii,bin-worker-1.novalocal,140703567460160,3838
read_img,10.597308874130249,68.87302160263062,bigbrain_0_1608_0.nii,bin-worker-1.novalocal,140703567460160,3847
read_img,10.600396871566772,68.9203851222992,bigbrain_0_1608_2082.nii,bin-worker-1.novalocal,140703567460160,3829
read_img,10.596949815750122,68.09072709083557,bigbrain_0_1608_1388.nii,bin-worker-1.novalocal,140703567460160,3841
read_img,10.601054906845093,63.36469626426697,bigbrain_0_1608_1041.nii,bin-worker-1.novalocal,140703567460160,3844
read_img,10.596775770187378,52.02654552459717,bigbrain_0_1608_2776.nii,bin-worker-1.novalocal,140703567460160,3850
read_img,10.596787691116333,63.31646776199341,bigbrain_0_1608_3123.nii,bin-worker-1.novalocal,140703567460160,3830
read_img,10.596842288970947,66.50863528251648,bigbrain_0_1608_2429.nii,bin-worker-1.novalocal,140703567460160,3835
read_img,10.56227421760559,52.925498247146606,bigbrain_0_1407_0.nii,bin-worker-5.novalocal,140363926964032,15242
read_img,10.563884496688843,68.0791494846344,bigbrain_0_1206_694.nii,bin-worker-5.novalocal,140363926964032,15251
read_img,10.56227421760559,63.28146719932556,bigbrain_0_1206_2429.nii,bin-worker-5.novalocal,140363926964032,15248
read_img,10.562305450439453,66.45048570632935,bigbrain_0_1206_3123.nii,bin-worker-5.novalocal,140363926964032,15254
read_img,10.564346075057983,63.33018493652344,bigbrain_0_1407_1041.nii,bin-worker-5.novalocal,140363926964032,15237
read_img,10.564184665679932,68.89314079284668,bigbrain_0_1206_347.nii,bin-worker-5.novalocal,140363926964032,15257
read_img,10.563884496688843,68.85571646690369,bigbrain_0_1206_2082.nii,bin-worker-5.novalocal,140363926964032,15245
read_img,10.56425428390503,68.91128754615784,bigbrain_0_1206_2776.nii,bin-worker-5.novalocal,140363926964032,15236
read_img,10.570900440216064,68.88189196586609,bigbrain_0_0_347.nii,bin-worker-8.novalocal,140004231698240,9814
read_img,10.569989204406738,68.08234786987305,bigbrain_0_1005_0.nii,bin-worker-8.novalocal,140004231698240,9811
read_img,10.567849397659302,58.82840919494629,bigbrain_0_1005_1735.nii,bin-worker-8.novalocal,140004231698240,9817
read_img,10.567866563796997,52.813172340393066,bigbrain_0_0_694.nii,bin-worker-8.novalocal,140004231698240,9823
read_img,10.570103168487549,68.80674886703491,bigbrain_0_1005_2429.nii,bin-worker-8.novalocal,140004231698240,9803
read_img,10.56795072555542,63.230645179748535,bigbrain_0_1005_1388.nii,bin-worker-8.novalocal,140004231698240,9808
read_img,10.570869445800781,68.86682724952698,bigbrain_0_1005_1041.nii,bin-worker-8.novalocal,140004231698240,9820
read_img,10.568133115768433,66.3868978023529,bigbrain_0_1005_2082.nii,bin-worker-8.novalocal,140004231698240,9802
read_img,18.82323122024536,68.90529465675354,bigbrain_0_1809_2776.nii,bin-worker-7.novalocal,140331200227136,15336
read_img,19.079542636871338,67.27809071540833,bigbrain_0_2010_1388.nii,bin-worker-7.novalocal,140331200227136,15321
read_img,19.142095804214478,67.30126714706421,bigbrain_0_1809_347.nii,bin-worker-7.novalocal,140331200227136,15322
read_img,18.823115587234497,58.912763595581055,bigbrain_0_1809_694.nii,bin-worker-7.novalocal,140331200227136,15327
read_img,18.823249340057373,69.02446818351746,bigbrain_0_2010_1041.nii,bin-worker-7.novalocal,140331200227136,15341
read_img,18.932297706604004,69.07110261917114,bigbrain_0_1809_3123.nii,bin-worker-7.novalocal,140331200227136,15335
read_img,19.34798836708069,69.12057876586914,bigbrain_0_2010_1735.nii,bin-worker-7.novalocal,140331200227136,15332
read_img,920.6121339797974,927.6910457611084,bigbrain_769_402_0.nii,bin-worker-6.novalocal,140178555524928,23767
read_img,921.5345199108124,928.66836810112,bigbrain_769_402_1388.nii,bin-worker-6.novalocal,140178555524928,23748
read_img,919.389041185379,928.2670452594757,bigbrain_769_2814_694.nii,bin-worker-8.novalocal,140004231698240,9814
read_img,921.3412971496582,929.1751935482025,bigbrain_769_402_1041.nii,bin-worker-8.novalocal,140004231698240,9820
read_img,925.7616951465607,929.8548274040222,bigbrain_769_402_3123.nii,bin-worker-2.novalocal,140326538557248,4126
read_img,69.17736315727234,71.31860876083374,bigbrain_0_2010_0.nii,bin-worker-7.novalocal,140331200227136,15330
read_img,499.5969159603119,501.2392282485962,bigbrain_2307_2010_2429.nii,bin-worker-6.novalocal,140178555524928,23755
read_img,499.85313868522644,501.4690225124359,bigbrain_2307_2010_2776.nii,bin-worker-6.novalocal,140178555524928,23761
read_img,501.5759093761444,502.5104908943176,bigbrain_2307_2010_3123.nii,bin-worker-6.novalocal,140178555524928,23752
read_img,503.1109480857849,504.0674514770508,bigbrain_2307_2010_347.nii,bin-worker-6.novalocal,140178555524928,23764
read_img,929.9897117614746,934.0286433696747,bigbrain_769_603_1388.nii,bin-worker-3.novalocal,139897088001856,3706
read_img,504.4719457626343,505.4156095981598,bigbrain_2307_2010_694.nii,bin-worker-6.novalocal,140178555524928,23757
read_img,925.7441146373749,933.8125212192535,bigbrain_769_402_2776.nii,bin-worker-1.novalocal,140703567460160,3841
read_img,925.3374302387238,933.8841936588287,bigbrain_769_402_2082.nii,bin-worker-4.novalocal,140099593164608,16239
read_img,926.1649127006531,935.2459690570831,bigbrain_769_402_347.nii,bin-worker-1.novalocal,140703567460160,3835
read_img,927.0801784992218,935.3417179584503,bigbrain_769_603_0.nii,bin-worker-1.novalocal,140703567460160,3838
read_img,925.391138792038,936.5554230213165,bigbrain_769_402_2429.nii,bin-worker-4.novalocal,140099593164608,16236
read_img,926.9318208694458,937.0641000270844,bigbrain_769_402_694.nii,bin-worker-4.novalocal,140099593164608,16243
read_img,928.3866024017334,937.1806836128235,bigbrain_769_603_1041.nii,bin-worker-4.novalocal,140099593164608,16248
read_img,932.0613226890564,936.0687975883484,bigbrain_769_603_1735.nii,bin-worker-3.novalocal,139897088001856,3715
read_img,506.2417664527893,508.05814480781555,bigbrain_2307_201_0.nii,bin-worker-4.novalocal,140099593164608,16233
read_img,506.30529499053955,508.0786302089691,bigbrain_2307_201_1041.nii,bin-worker-6.novalocal,140178555524928,23748
read_img,934.7734529972076,937.9814569950104,bigbrain_769_603_2082.nii,bin-worker-3.novalocal,139897088001856,3709
read_img,935.5871613025665,938.0249843597412,bigbrain_769_603_2429.nii,bin-worker-2.novalocal,140326538557248,4132
read_img,940.5822830200195,941.5175039768219,bigbrain_769_603_2776.nii,bin-worker-2.novalocal,140326538557248,4116
read_img,509.3003628253937,512.5358147621155,bigbrain_2307_201_1388.nii,bin-worker-6.novalocal,140178555524928,23767
read_img,509.7062711715698,513.293140411377,bigbrain_2307_201_2082.nii,bin-worker-8.novalocal,140004231698240,9808
read_img,943.1902680397034,944.2087864875793,bigbrain_769_603_3123.nii,bin-worker-1.novalocal,140703567460160,3847
read_img,510.9071292877197,514.9779486656189,bigbrain_2307_201_2776.nii,bin-worker-6.novalocal,140178555524928,23746
read_img,509.5030474662781,513.7907238006592,bigbrain_2307_201_1735.nii,bin-worker-1.novalocal,140703567460160,3850
read_img,511.28236985206604,515.6056213378906,bigbrain_2307_201_3123.nii,bin-worker-1.novalocal,140703567460160,3847
read_img,943.7448492050171,945.3289160728455,bigbrain_769_603_347.nii,bin-worker-1.novalocal,140703567460160,3850
read_img,510.4742844104767,515.6222665309906,bigbrain_2307_201_2429.nii,bin-worker-4.novalocal,140099593164608,16236
read_img,512.2894303798676,517.5079004764557,bigbrain_2307_201_347.nii,bin-worker-4.novalocal,140099593164608,16243
read_img,512.6453950405121,517.5656988620758,bigbrain_2307_201_694.nii,bin-worker-4.novalocal,140099593164608,16239
read_img,515.9428980350494,517.6783554553986,bigbrain_2307_2211_0.nii,bin-worker-8.novalocal,140004231698240,9820
read_img,944.6973552703857,947.2175023555756,bigbrain_769_603_694.nii,bin-worker-5.novalocal,140363926964032,15257
read_img,945.2559103965759,947.8377859592438,bigbrain_769_804_0.nii,bin-worker-5.novalocal,140363926964032,15254
read_img,945.3587834835052,947.8901782035828,bigbrain_769_804_1041.nii,bin-worker-5.novalocal,140363926964032,15248
read_img,517.9927651882172,519.1540148258209,bigbrain_2307_2211_1041.nii,bin-worker-8.novalocal,140004231698240,9802
read_img,518.5422275066376,519.8312945365906,bigbrain_2307_2211_1388.nii,bin-worker-8.novalocal,140004231698240,9803
read_img,947.8753728866577,949.4126217365265,bigbrain_769_804_1388.nii,bin-worker-2.novalocal,140326538557248,4123
read_img,948.0288546085358,949.7383756637573,bigbrain_769_804_1735.nii,bin-worker-6.novalocal,140178555524928,23752
read_img,519.8462491035461,521.1081976890564,bigbrain_2307_2211_1735.nii,bin-worker-8.novalocal,140004231698240,9811
read_img,949.4998281002045,950.746105670929,bigbrain_769_804_2082.nii,bin-worker-7.novalocal,140331200227136,15330
read_img,520.1334505081177,521.7425851821899,bigbrain_2307_2211_2082.nii,bin-worker-7.novalocal,140331200227136,15330
read_img,521.8736720085144,523.8482866287231,bigbrain_2307_2211_2429.nii,bin-worker-5.novalocal,140363926964032,15237
read_img,952.6807074546814,953.6303036212921,bigbrain_769_804_2429.nii,bin-worker-4.novalocal,140099593164608,16227
read_img,953.4682438373566,954.5610883235931,bigbrain_769_804_2776.nii,bin-worker-6.novalocal,140178555524928,23761
read_img,521.8709013462067,524.1804811954498,bigbrain_2307_2211_2776.nii,bin-worker-8.novalocal,140004231698240,9817
read_img,954.8329567909241,955.911244392395,bigbrain_769_804_3123.nii,bin-worker-7.novalocal,140331200227136,15327
read_img,955.6219582557678,956.6906533241272,bigbrain_769_804_347.nii,bin-worker-2.novalocal,140326538557248,4135
read_img,523.4643938541412,526.9502947330475,bigbrain_2307_2211_694.nii,bin-worker-8.novalocal,140004231698240,9823
read_img,957.3320982456207,958.2510278224945,bigbrain_769_804_694.nii,bin-worker-8.novalocal,140004231698240,9817
read_img,524.7661075592041,529.1519856452942,bigbrain_2307_2412_1735.nii,bin-worker-8.novalocal,140004231698240,9814
read_img,525.0071136951447,528.8391530513763,bigbrain_2307_2412_2082.nii,bin-worker-3.novalocal,139897088001856,3712
read_img,528.4578170776367,532.0596058368683,bigbrain_2307_2412_2776.nii,bin-worker-1.novalocal,140703567460160,3830
read_img,527.4859623908997,532.5628409385681,bigbrain_2307_2412_2429.nii,bin-worker-3.novalocal,139897088001856,3718
read_img,523.3342311382294,532.8641865253448,bigbrain_2307_2211_3123.nii,bin-worker-7.novalocal,140331200227136,15321
read_img,529.9275949001312,538.1413974761963,bigbrain_2307_2613_1041.nii,bin-worker-3.novalocal,139897088001856,3721
read_img,523.4729199409485,539.4889571666718,bigbrain_2307_2211_347.nii,bin-worker-7.novalocal,140331200227136,15332
read_img,523.8202862739563,540.8408904075623,bigbrain_2307_2412_0.nii,bin-worker-7.novalocal,140331200227136,15322
read_img,532.7386372089386,541.3515005111694,bigbrain_2307_2613_2776.nii,bin-worker-3.novalocal,139897088001856,3700
read_img,524.1563925743103,541.7811810970306,bigbrain_2307_2412_1041.nii,bin-worker-7.novalocal,140331200227136,15341
read_img,529.7802605628967,540.3785376548767,bigbrain_2307_2412_694.nii,bin-worker-5.novalocal,140363926964032,15236
read_img,524.1695792675018,541.838226556778,bigbrain_2307_2412_1388.nii,bin-worker-7.novalocal,140331200227136,15335
read_img,528.7830791473389,543.306312084198,bigbrain_2307_2412_3123.nii,bin-worker-7.novalocal,140331200227136,15336
read_img,529.150964975357,543.4207074642181,bigbrain_2307_2412_347.nii,bin-worker-7.novalocal,140331200227136,15327
read_img,533.2379660606384,542.8358542919159,bigbrain_2307_2613_347.nii,bin-worker-3.novalocal,139897088001856,3709
read_img,537.7501068115234,544.8170318603516,bigbrain_2307_2613_694.nii,bin-worker-3.novalocal,139897088001856,3702
read_img,540.5744190216064,545.7894377708435,bigbrain_2307_2814_0.nii,bin-worker-3.novalocal,139897088001856,3715
read_img,529.9042551517487,545.3024764060974,bigbrain_2307_2613_0.nii,bin-worker-5.novalocal,140363926964032,15251
read_img,530.9416868686676,547.0086357593536,bigbrain_2307_2613_1735.nii,bin-worker-5.novalocal,140363926964032,15245
read_img,530.1758828163147,546.1324067115784,bigbrain_2307_2613_1388.nii,bin-worker-5.novalocal,140363926964032,15242
read_img,531.5878682136536,547.4450061321259,bigbrain_2307_2613_2082.nii,bin-worker-5.novalocal,140363926964032,15257
read_img,532.8684890270233,547.4795184135437,bigbrain_2307_2613_3123.nii,bin-worker-5.novalocal,140363926964032,15248
read_img,532.5237600803375,547.4806652069092,bigbrain_2307_2613_2429.nii,bin-worker-5.novalocal,140363926964032,15254
read_img,543.8489420413971,547.4849579334259,bigbrain_2307_2814_1041.nii,bin-worker-3.novalocal,139897088001856,3706
read_img,546.0146791934967,548.4999015331268,bigbrain_2307_2814_1388.nii,bin-worker-2.novalocal,140326538557248,4114
read_img,546.1994624137878,548.8447802066803,bigbrain_2307_2814_1735.nii,bin-worker-2.novalocal,140326538557248,4126
read_img,551.2296657562256,552.1592183113098,bigbrain_2307_2814_2082.nii,bin-worker-4.novalocal,140099593164608,16227
read_img,119.27608561515808,121.6425404548645,bigbrain_0_2010_347.nii,bin-worker-8.novalocal,140004231698240,9814
read_img,553.2400598526001,554.3023028373718,bigbrain_2307_2814_2429.nii,bin-worker-6.novalocal,140178555524928,23752
read_img,554.440682888031,555.8859117031097,bigbrain_2307_2814_2776.nii,bin-worker-1.novalocal,140703567460160,3844
read_img,554.741397857666,556.3085587024689,bigbrain_2307_2814_3123.nii,bin-worker-6.novalocal,140178555524928,23761
read_img,556.9211926460266,557.8560733795166,bigbrain_2307_2814_347.nii,bin-worker-6.novalocal,140178555524928,23755
read_img,558.3698337078094,559.3139140605927,bigbrain_2307_2814_694.nii,bin-worker-6.novalocal,140178555524928,23748
read_img,125.33925938606262,129.13120222091675,bigbrain_0_2211_0.nii,bin-worker-4.novalocal,140099593164608,16227
read_img,559.8893699645996,560.8837118148804,bigbrain_2307_402_0.nii,bin-worker-6.novalocal,140178555524928,23764
read_img,560.5355560779572,561.7872438430786,bigbrain_2307_402_1041.nii,bin-worker-6.novalocal,140178555524928,23757
read_img,561.8904345035553,562.8197422027588,bigbrain_2307_402_1388.nii,bin-worker-4.novalocal,140099593164608,16241
read_img,118.31567764282227,122.72924947738647,bigbrain_0_2010_2429.nii,bin-worker-6.novalocal,140178555524928,23748
read_img,121.13752770423889,127.14456462860107,bigbrain_0_201_1388.nii,bin-worker-8.novalocal,140004231698240,9817
read_img,121.40506649017334,134.32551670074463,bigbrain_0_201_2429.nii,bin-worker-8.novalocal,140004231698240,9823
read_img,564.2719559669495,566.2951216697693,bigbrain_2307_402_1735.nii,bin-worker-8.novalocal,140004231698240,9808
read_img,118.39469289779663,128.50862002372742,bigbrain_0_2010_2776.nii,bin-worker-6.novalocal,140178555524928,23757
read_img,118.31663012504578,128.4612011909485,bigbrain_0_2010_2082.nii,bin-worker-6.novalocal,140178555524928,23764
read_img,564.5465438365936,567.6834044456482,bigbrain_2307_402_2082.nii,bin-worker-4.novalocal,140099593164608,16228
read_img,119.24780058860779,137.6006429195404,bigbrain_0_2010_3123.nii,bin-worker-6.novalocal,140178555524928,23752
read_img,119.88425612449646,137.5439019203186,bigbrain_0_2010_694.nii,bin-worker-6.novalocal,140178555524928,23761
read_img,120.46944570541382,138.27246618270874,bigbrain_0_201_0.nii,bin-worker-6.novalocal,140178555524928,23767
read_img,120.63108777999878,138.35843229293823,bigbrain_0_201_1041.nii,bin-worker-6.novalocal,140178555524928,23746
read_img,121.18013167381287,138.62707018852234,bigbrain_0_201_1735.nii,bin-worker-6.novalocal,140178555524928,23755
read_img,127.55082964897156,134.3228497505188,bigbrain_0_2211_1041.nii,bin-worker-4.novalocal,140099593164608,16228
read_img,121.24222373962402,136.1988410949707,bigbrain_0_201_2082.nii,bin-worker-8.novalocal,140004231698240,9811
read_img,122.64921283721924,138.74467182159424,bigbrain_0_201_2776.nii,bin-worker-8.novalocal,140004231698240,9808
read_img,564.7297401428223,569.3728911876678,bigbrain_2307_402_2429.nii,bin-worker-1.novalocal,140703567460160,3829
read_img,565.2100641727448,569.9292285442352,bigbrain_2307_402_2776.nii,bin-worker-1.novalocal,140703567460160,3841
read_img,565.5134742259979,570.0223815441132,bigbrain_2307_402_3123.nii,bin-worker-6.novalocal,140178555524928,23767
read_img,124.79033493995667,141.04158520698547,bigbrain_0_201_694.nii,bin-worker-8.novalocal,140004231698240,9803
read_img,566.0451538562775,570.6528580188751,bigbrain_2307_402_347.nii,bin-worker-6.novalocal,140178555524928,23746
read_img,124.00589036941528,141.1956033706665,bigbrain_0_201_3123.nii,bin-worker-8.novalocal,140004231698240,9820
read_img,124.12176489830017,141.17656302452087,bigbrain_0_201_347.nii,bin-worker-8.novalocal,140004231698240,9802
read_img,568.826468706131,571.522958278656,bigbrain_2307_402_694.nii,bin-worker-4.novalocal,140099593164608,16248
read_img,569.942057132721,572.2084469795227,bigbrain_2307_603_0.nii,bin-worker-1.novalocal,140703567460160,3838
read_img,570.2213361263275,573.1301100254059,bigbrain_2307_603_1041.nii,bin-worker-4.novalocal,140099593164608,16233
read_img,572.0840086936951,573.6565680503845,bigbrain_2307_603_1388.nii,bin-worker-1.novalocal,140703567460160,3835
read_img,129.69145822525024,137.73295044898987,bigbrain_0_2211_1388.nii,bin-worker-5.novalocal,140363926964032,15254
read_img,573.3445382118225,574.700953245163,bigbrain_2307_603_1735.nii,bin-worker-2.novalocal,140326538557248,4132
read_img,129.78386569023132,144.43942546844482,bigbrain_0_2211_1735.nii,bin-worker-4.novalocal,140099593164608,16241
read_img,130.63548183441162,145.3846719264984,bigbrain_0_2211_2082.nii,bin-worker-4.novalocal,140099593164608,16239
read_img,130.9558253288269,143.71640396118164,bigbrain_0_2211_2776.nii,bin-worker-5.novalocal,140363926964032,15257
read_img,130.9270474910736,145.40771389007568,bigbrain_0_2211_2429.nii,bin-worker-4.novalocal,140099593164608,16236
read_img,131.6150712966919,145.93915390968323,bigbrain_0_2211_3123.nii,bin-worker-4.novalocal,140099593164608,16233
read_img,136.8170359134674,146.94717717170715,bigbrain_0_2412_1041.nii,bin-worker-4.novalocal,140099593164608,16248
read_img,137.87434887886047,147.01506328582764,bigbrain_0_2412_2082.nii,bin-worker-4.novalocal,140099593164608,16243
read_img,574.3490889072418,576.4047591686249,bigbrain_2307_603_2082.nii,bin-worker-8.novalocal,140004231698240,9803
read_img,131.86286330223083,146.16225266456604,bigbrain_0_2211_347.nii,bin-worker-5.novalocal,140363926964032,15236
read_img,131.86809492111206,147.1153404712677,bigbrain_0_2211_694.nii,bin-worker-5.novalocal,140363926964032,15242
read_img,574.4996881484985,577.0047917366028,bigbrain_2307_603_2429.nii,bin-worker-8.novalocal,140004231698240,9802
read_img,137.2134494781494,147.94721031188965,bigbrain_0_2412_1388.nii,bin-worker-5.novalocal,140363926964032,15245
read_img,135.5256621837616,147.78659844398499,bigbrain_0_2412_0.nii,bin-worker-5.novalocal,140363926964032,15248
read_img,137.68117380142212,148.05051016807556,bigbrain_0_2412_1735.nii,bin-worker-5.novalocal,140363926964032,15251
read_img,140.3058376312256,148.1608657836914,bigbrain_0_2412_2429.nii,bin-worker-5.novalocal,140363926964032,15237
read_img,576.0738587379456,578.3230595588684,bigbrain_2307_603_3123.nii,bin-worker-2.novalocal,140326538557248,4123
read_img,575.7755489349365,578.4726672172546,bigbrain_2307_603_2776.nii,bin-worker-8.novalocal,140004231698240,9811
read_img,577.5127081871033,579.2755160331726,bigbrain_2307_603_347.nii,bin-worker-2.novalocal,140326538557248,4116
read_img,578.8928105831146,580.0963294506073,bigbrain_2307_603_694.nii,bin-worker-8.novalocal,140004231698240,9817
read_img,580.3596079349518,581.285787820816,bigbrain_2307_804_0.nii,bin-worker-8.novalocal,140004231698240,9820
read_img,151.86482071876526,152.7965955734253,bigbrain_0_2412_2776.nii,bin-worker-2.novalocal,140326538557248,4132
read_img,581.478221654892,582.6532716751099,bigbrain_2307_804_1041.nii,bin-worker-4.novalocal,140099593164608,16236
read_img,154.53611278533936,155.604820728302,bigbrain_0_2412_3123.nii,bin-worker-3.novalocal,139897088001856,3718
read_img,581.9523150920868,585.1979308128357,bigbrain_2307_804_1388.nii,bin-worker-4.novalocal,140099593164608,16243
read_img,582.5579385757446,585.6490507125854,bigbrain_2307_804_1735.nii,bin-worker-4.novalocal,140099593164608,16239
read_img,582.9016959667206,585.3252882957458,bigbrain_2307_804_2082.nii,bin-worker-8.novalocal,140004231698240,9814
read_img,583.9659714698792,586.1208028793335,bigbrain_2307_804_2429.nii,bin-worker-8.novalocal,140004231698240,9823
read_img,585.971358537674,587.0617184638977,bigbrain_2307_804_2776.nii,bin-worker-2.novalocal,140326538557248,4135
read_img,155.66325163841248,158.0008614063263,bigbrain_0_2412_694.nii,bin-worker-3.novalocal,139897088001856,3721
read_img,155.22076630592346,157.1555528640747,bigbrain_0_2412_347.nii,bin-worker-1.novalocal,140703567460160,3847
read_img,587.8083922863007,588.7297902107239,bigbrain_2307_804_3123.nii,bin-worker-5.novalocal,140363926964032,15237
read_img,156.57586789131165,160.49768209457397,bigbrain_0_402_0.nii,bin-worker-2.novalocal,140326538557248,4114
read_img,156.84013295173645,160.44485306739807,bigbrain_0_2613_0.nii,bin-worker-1.novalocal,140703567460160,3830
read_img,157.01852798461914,161.06168127059937,bigbrain_0_2613_1041.nii,bin-worker-2.novalocal,140326538557248,4126
read_img,589.7830510139465,590.7075216770172,bigbrain_2307_804_347.nii,bin-worker-2.novalocal,140326538557248,4129
read_img,158.30201888084412,161.62427473068237,bigbrain_0_2613_1388.nii,bin-worker-1.novalocal,140703567460160,3850
read_img,160.0783805847168,162.11595058441162,bigbrain_0_2613_1735.nii,bin-worker-3.novalocal,139897088001856,3712
read_img,591.0054633617401,591.9926333427429,bigbrain_2307_804_694.nii,bin-worker-2.novalocal,140326538557248,4120
read_img,161.55268239974976,163.48506784439087,bigbrain_0_2613_2082.nii,bin-worker-3.novalocal,139897088001856,3706
read_img,162.04388809204102,163.89034056663513,bigbrain_0_2613_2429.nii,bin-worker-3.novalocal,139897088001856,3715
read_img,594.9258267879486,595.907063961029,bigbrain_3076_0_0.nii,bin-worker-1.novalocal,140703567460160,3850
read_img,596.723151922226,597.6580934524536,bigbrain_3076_0_1041.nii,bin-worker-1.novalocal,140703567460160,3847
read_img,163.72684168815613,168.17940092086792,bigbrain_0_2613_2776.nii,bin-worker-2.novalocal,140326538557248,4120
read_img,163.73024439811707,170.35226130485535,bigbrain_0_2613_3123.nii,bin-worker-3.novalocal,139897088001856,3702
read_img,164.25439763069153,173.72463583946228,bigbrain_0_2613_347.nii,bin-worker-3.novalocal,139897088001856,3709
read_img,164.55425667762756,174.46761274337769,bigbrain_0_2814_0.nii,bin-worker-3.novalocal,139897088001856,3700
read_img,164.42232036590576,172.7929027080536,bigbrain_0_2613_694.nii,bin-worker-1.novalocal,140703567460160,3838
read_img,605.6368203163147,606.5795421600342,bigbrain_3076_0_1388.nii,bin-worker-6.novalocal,140178555524928,23752
read_img,164.8878834247589,177.7679488658905,bigbrain_0_2814_1041.nii,bin-worker-2.novalocal,140326538557248,4135
read_img,607.401359796524,608.5555460453033,bigbrain_3076_0_1735.nii,bin-worker-6.novalocal,140178555524928,23761
read_img,166.12388586997986,179.4599049091339,bigbrain_0_2814_2429.nii,bin-worker-2.novalocal,140326538557248,4129
read_img,167.19578313827515,179.5240559577942,bigbrain_0_402_1041.nii,bin-worker-2.novalocal,140326538557248,4123
read_img,166.6090281009674,179.54206800460815,bigbrain_0_2814_3123.nii,bin-worker-2.novalocal,140326538557248,4116
read_img,165.12266087532043,179.76927757263184,bigbrain_0_2814_1388.nii,bin-worker-1.novalocal,140703567460160,3835
read_img,166.30818223953247,180.37639164924622,bigbrain_0_2814_2776.nii,bin-worker-1.novalocal,140703567460160,3841
read_img,167.8925862312317,180.45770525932312,bigbrain_0_402_1735.nii,bin-worker-1.novalocal,140703567460160,3844
read_img,166.9728648662567,180.5074143409729,bigbrain_0_2814_694.nii,bin-worker-1.novalocal,140703567460160,3829
read_img,607.9404261112213,610.141449213028,bigbrain_3076_0_2082.nii,bin-worker-5.novalocal,140363926964032,15254
read_img,165.40815019607544,175.00573539733887,bigbrain_0_2814_1735.nii,bin-worker-7.novalocal,140331200227136,15335
read_img,166.10433721542358,181.01556396484375,bigbrain_0_2814_2082.nii,bin-worker-7.novalocal,140331200227136,15330
read_img,609.1021828651428,611.9398014545441,bigbrain_3076_0_2776.nii,bin-worker-6.novalocal,140178555524928,23755
read_img,166.8414068222046,181.5418062210083,bigbrain_0_2814_347.nii,bin-worker-7.novalocal,140331200227136,15336
find_frequency,2.3031022548675537,1042.1446642875671,all_file,driver.novalocal,140427010160448,25926
read_img,167.77945280075073,182.86922979354858,bigbrain_0_402_1388.nii,bin-worker-7.novalocal,140331200227136,15322
read_img,172.98863077163696,183.44283151626587,bigbrain_0_402_2776.nii,bin-worker-7.novalocal,140331200227136,15332
save_histogram,1042.275500535965,1042.5003695487976,all_file,driver.novalocal,140427010160448,25926
read_img,174.38208055496216,183.46721696853638,bigbrain_0_402_3123.nii,bin-worker-7.novalocal,140331200227136,15327
read_img,172.20730090141296,183.53871321678162,bigbrain_0_402_2429.nii,bin-worker-7.novalocal,140331200227136,15341
read_img,172.1192970275879,183.64352989196777,bigbrain_0_402_2082.nii,bin-worker-7.novalocal,140331200227136,15321
read_img,608.6761977672577,613.0136139392853,bigbrain_3076_0_2429.nii,bin-worker-5.novalocal,140363926964032,15248
read_img,609.7750692367554,614.2259464263916,bigbrain_3076_0_347.nii,bin-worker-6.novalocal,140178555524928,23748
read_img,185.3258011341095,186.29232716560364,bigbrain_0_402_347.nii,bin-worker-8.novalocal,140004231698240,9814
read_img,613.0733797550201,617.1488234996796,bigbrain_3076_1005_2082.nii,bin-worker-4.novalocal,140099593164608,16227
read_img,614.9908747673035,619.2800598144531,bigbrain_3076_1005_3123.nii,bin-worker-1.novalocal,140703567460160,3830
read_img,611.8992927074432,619.1957499980927,bigbrain_3076_1005_0.nii,bin-worker-6.novalocal,140178555524928,23764
read_img,614.0804526805878,619.2833435535431,bigbrain_3076_1005_2776.nii,bin-worker-3.novalocal,139897088001856,3718
read_img,618.0797092914581,622.1828768253326,bigbrain_3076_1005_347.nii,bin-worker-3.novalocal,139897088001856,3712
read_img,613.5198493003845,621.4667251110077,bigbrain_3076_1005_2429.nii,bin-worker-6.novalocal,140178555524928,23757
read_img,618.9793071746826,622.7502710819244,bigbrain_3076_1005_694.nii,bin-worker-8.novalocal,140004231698240,9808
read_img,191.81658005714417,193.1294138431549,bigbrain_0_402_694.nii,bin-worker-6.novalocal,140178555524928,23757
read_img,609.7570672035217,620.3947756290436,bigbrain_3076_0_3123.nii,bin-worker-5.novalocal,140363926964032,15251
read_img,620.4117686748505,626.2425668239594,bigbrain_3076_1206_0.nii,bin-worker-6.novalocal,140178555524928,23767
read_img,192.18291807174683,195.71571516990662,bigbrain_0_603_0.nii,bin-worker-6.novalocal,140178555524928,23755
read_img,610.7180819511414,625.6510827541351,bigbrain_3076_0_694.nii,bin-worker-5.novalocal,140363926964032,15257
read_img,612.052463054657,627.1979234218597,bigbrain_3076_1005_1041.nii,bin-worker-5.novalocal,140363926964032,15245
read_img,612.4449894428253,627.32967710495,bigbrain_3076_1005_1735.nii,bin-worker-5.novalocal,140363926964032,15236
read_img,612.1958615779877,627.3955218791962,bigbrain_3076_1005_1388.nii,bin-worker-5.novalocal,140363926964032,15242
read_img,621.2654566764832,627.7223205566406,bigbrain_3076_1206_1041.nii,bin-worker-6.novalocal,140178555524928,23746
read_img,624.4158074855804,628.2295904159546,bigbrain_3076_1206_2082.nii,bin-worker-4.novalocal,140099593164608,16241
read_img,625.6166582107544,629.3292367458344,bigbrain_3076_1206_2776.nii,bin-worker-7.novalocal,140331200227136,15330
read_img,622.1414563655853,629.4262204170227,bigbrain_3076_1206_1388.nii,bin-worker-3.novalocal,139897088001856,3709
read_img,628.4060978889465,630.8196349143982,bigbrain_3076_1407_0.nii,bin-worker-4.novalocal,140099593164608,16228
read_img,194.40962386131287,199.63566279411316,bigbrain_0_603_2429.nii,bin-worker-8.novalocal,140004231698240,9811
read_img,622.8025381565094,631.6853930950165,bigbrain_3076_1206_1735.nii,bin-worker-3.novalocal,139897088001856,3700
read_img,193.08229112625122,202.52321696281433,bigbrain_0_603_1388.nii,bin-worker-6.novalocal,140178555524928,23748
read_img,192.98359632492065,203.14735770225525,bigbrain_0_603_1041.nii,bin-worker-6.novalocal,140178555524928,23752
read_img,193.1796851158142,203.78794169425964,bigbrain_0_603_2082.nii,bin-worker-6.novalocal,140178555524928,23746
read_img,193.1614007949829,203.1800184249878,bigbrain_0_603_1735.nii,bin-worker-6.novalocal,140178555524928,23767
read_img,194.3912672996521,204.36808848381042,bigbrain_0_603_2776.nii,bin-worker-6.novalocal,140178555524928,23761
read_img,196.8377492427826,204.48488235473633,bigbrain_0_804_1388.nii,bin-worker-6.novalocal,140178555524928,23764
read_img,632.0348284244537,634.7749371528625,bigbrain_3076_1407_1041.nii,bin-worker-4.novalocal,140099593164608,16248
read_img,195.13664627075195,204.7754909992218,bigbrain_0_603_3123.nii,bin-worker-8.novalocal,140004231698240,9808
read_img,195.22868657112122,205.57560467720032,bigbrain_0_603_694.nii,bin-worker-8.novalocal,140004231698240,9802
read_img,195.22327136993408,205.3994278907776,bigbrain_0_603_347.nii,bin-worker-8.novalocal,140004231698240,9817
read_img,625.537192106247,635.7794861793518,bigbrain_3076_1206_2429.nii,bin-worker-3.novalocal,139897088001856,3715
read_img,625.7065451145172,635.8251414299011,bigbrain_3076_1206_3123.nii,bin-worker-3.novalocal,139897088001856,3721
read_img,627.2953293323517,635.9252886772156,bigbrain_3076_1206_694.nii,bin-worker-3.novalocal,139897088001856,3706
read_img,196.30841422080994,206.2798352241516,bigbrain_0_804_0.nii,bin-worker-8.novalocal,140004231698240,9823
read_img,625.8699834346771,635.945294380188,bigbrain_3076_1206_347.nii,bin-worker-3.novalocal,139897088001856,3702
read_img,196.30886149406433,206.54427790641785,bigbrain_0_804_1041.nii,bin-worker-8.novalocal,140004231698240,9820
read_img,204.95499992370605,206.70427894592285,bigbrain_0_804_2082.nii,bin-worker-4.novalocal,140099593164608,16227
read_img,199.69430685043335,206.8674738407135,bigbrain_0_804_1735.nii,bin-worker-8.novalocal,140004231698240,9803
read_img,635.7930519580841,637.9460105895996,bigbrain_3076_1407_3123.nii,bin-worker-1.novalocal,140703567460160,3844
read_img,209.24200201034546,210.19052934646606,bigbrain_0_804_2429.nii,bin-worker-4.novalocal,140099593164608,16243
read_img,637.6028769016266,640.12903881073,bigbrain_3076_1407_347.nii,bin-worker-4.novalocal,140099593164608,16233
read_img,632.3111388683319,639.4182207584381,bigbrain_3076_1407_1388.nii,bin-worker-8.novalocal,140004231698240,9820
read_img,211.13022756576538,212.60419249534607,bigbrain_0_804_2776.nii,bin-worker-4.novalocal,140099593164608,16248
read_img,639.8225698471069,643.1174695491791,bigbrain_3076_1608_1388.nii,bin-worker-7.novalocal,140331200227136,15321
read_img,638.6305432319641,644.3524723052979,bigbrain_3076_1407_694.nii,bin-worker-2.novalocal,140326538557248,4126
read_img,638.7204117774963,644.4675414562225,bigbrain_3076_1608_0.nii,bin-worker-2.novalocal,140326538557248,4114
read_img,632.4833552837372,643.1209654808044,bigbrain_3076_1407_1735.nii,bin-worker-8.novalocal,140004231698240,9811
read_img,632.7708549499512,644.076916217804,bigbrain_3076_1407_2429.nii,bin-worker-8.novalocal,140004231698240,9817
read_img,632.6092307567596,644.1166796684265,bigbrain_3076_1407_2082.nii,bin-worker-8.novalocal,140004231698240,9802
read_img,635.6941697597504,646.3192718029022,bigbrain_3076_1407_2776.nii,bin-worker-8.novalocal,140004231698240,9803
read_img,642.591735124588,648.4992349147797,bigbrain_3076_1608_2429.nii,bin-worker-8.novalocal,140004231698240,9814
read_img,639.2938113212585,648.5347809791565,bigbrain_3076_1608_1041.nii,bin-worker-8.novalocal,140004231698240,9823
read_img,211.7728521823883,218.43892908096313,bigbrain_0_804_347.nii,bin-worker-4.novalocal,140099593164608,16236
read_img,641.8698823451996,648.5941469669342,bigbrain_3076_1608_1735.nii,bin-worker-7.novalocal,140331200227136,15336
read_img,646.8463234901428,649.2587356567383,bigbrain_3076_1608_3123.nii,bin-worker-5.novalocal,140363926964032,15237
read_img,642.4360015392303,649.2487359046936,bigbrain_3076_1608_2082.nii,bin-worker-7.novalocal,140331200227136,15322
read_img,643.9962286949158,649.7045755386353,bigbrain_3076_1608_2776.nii,bin-worker-7.novalocal,140331200227136,15327
read_img,647.9829652309418,650.4532470703125,bigbrain_3076_1608_347.nii,bin-worker-7.novalocal,140331200227136,15332
read_img,211.92095351219177,220.05315351486206,bigbrain_0_804_694.nii,bin-worker-4.novalocal,140099593164608,16233
read_img,650.2338902950287,651.1660504341125,bigbrain_3076_1608_694.nii,bin-worker-4.novalocal,140099593164608,16236
read_img,212.97122240066528,221.4949176311493,bigbrain_1538_0_1388.nii,bin-worker-4.novalocal,140099593164608,16228
read_img,213.9000072479248,221.77506136894226,bigbrain_1538_0_3123.nii,bin-worker-4.novalocal,140099593164608,16239
read_img,215.2768793106079,221.8748755455017,bigbrain_1538_0_694.nii,bin-worker-4.novalocal,140099593164608,16241
read_img,211.61438250541687,216.00551915168762,bigbrain_0_804_3123.nii,bin-worker-5.novalocal,140363926964032,15242
read_img,651.1650359630585,652.1445288658142,bigbrain_3076_1809_0.nii,bin-worker-1.novalocal,140703567460160,3829
read_img,212.2973551750183,221.85240268707275,bigbrain_1538_0_0.nii,bin-worker-5.novalocal,140363926964032,15248
read_img,212.74634170532227,223.75734448432922,bigbrain_1538_0_1041.nii,bin-worker-5.novalocal,140363926964032,15251
read_img,213.45986819267273,223.96185111999512,bigbrain_1538_0_2082.nii,bin-worker-5.novalocal,140363926964032,15236
read_img,213.3885097503662,223.75427985191345,bigbrain_1538_0_1735.nii,bin-worker-5.novalocal,140363926964032,15257
read_img,213.5958342552185,224.10195231437683,bigbrain_1538_0_2776.nii,bin-worker-5.novalocal,140363926964032,15237
read_img,213.4759669303894,224.1042799949646,bigbrain_1538_0_2429.nii,bin-worker-5.novalocal,140363926964032,15245
read_img,213.94076657295227,224.17841291427612,bigbrain_1538_0_347.nii,bin-worker-5.novalocal,140363926964032,15254
read_img,653.1613383293152,654.6025409698486,bigbrain_3076_1809_1041.nii,bin-worker-1.novalocal,140703567460160,3841
read_img,653.5221424102783,655.896008014679,bigbrain_3076_1809_1735.nii,bin-worker-4.novalocal,140099593164608,16243
read_img,653.5108788013458,655.9890308380127,bigbrain_3076_1809_1388.nii,bin-worker-4.novalocal,140099593164608,16239
read_img,655.8165712356567,657.5360550880432,bigbrain_3076_1809_2082.nii,bin-worker-7.novalocal,140331200227136,15335
read_img,656.4037063121796,657.8687484264374,bigbrain_3076_1809_2429.nii,bin-worker-6.novalocal,140178555524928,23752
read_img,657.7488193511963,659.5337979793549,bigbrain_3076_1809_2776.nii,bin-worker-1.novalocal,140703567460160,3835
read_img,657.9134542942047,660.8399829864502,bigbrain_3076_1809_3123.nii,bin-worker-7.novalocal,140331200227136,15341
read_img,658.8491826057434,661.8396852016449,bigbrain_3076_1809_347.nii,bin-worker-1.novalocal,140703567460160,3838
read_img,659.4140298366547,662.0269227027893,bigbrain_3076_1809_694.nii,bin-worker-6.novalocal,140178555524928,23761
read_img,231.6364860534668,232.56911969184875,bigbrain_1538_1005_0.nii,bin-worker-2.novalocal,140326538557248,4132
read_img,660.5409317016602,662.4475231170654,bigbrain_3076_2010_0.nii,bin-worker-2.novalocal,140326538557248,4132
read_img,665.4950568675995,666.4843764305115,bigbrain_3076_2010_1041.nii,bin-worker-6.novalocal,140178555524928,23755
read_img,666.4728302955627,667.7960901260376,bigbrain_3076_2010_1388.nii,bin-worker-2.novalocal,140326538557248,4123
read_img,666.7838761806488,668.3318774700165,bigbrain_3076_2010_1735.nii,bin-worker-2.novalocal,140326538557248,4116
read_img,668.6287388801575,669.5871300697327,bigbrain_3076_2010_2082.nii,bin-worker-6.novalocal,140178555524928,23748
read_img,672.2672302722931,673.4066617488861,bigbrain_3076_2010_2429.nii,bin-worker-6.novalocal,140178555524928,23764
read_img,240.27271914482117,243.9961404800415,bigbrain_1538_1005_2429.nii,bin-worker-2.novalocal,140326538557248,4126
read_img,672.9091651439667,674.1234998703003,bigbrain_3076_2010_2776.nii,bin-worker-5.novalocal,140363926964032,15254
read_img,238.99025702476501,241.95210528373718,bigbrain_1538_1005_1041.nii,bin-worker-1.novalocal,140703567460160,3830
read_img,241.3512830734253,246.1955189704895,bigbrain_1538_1005_2776.nii,bin-worker-2.novalocal,140326538557248,4114
read_img,239.95388627052307,245.96848273277283,bigbrain_1538_1005_2082.nii,bin-worker-1.novalocal,140703567460160,3850
read_img,241.83071732521057,247.05512809753418,bigbrain_1538_1005_3123.nii,bin-worker-1.novalocal,140703567460160,3847
read_img,675.9678022861481,676.8915550708771,bigbrain_3076_2010_3123.nii,bin-worker-8.novalocal,140004231698240,9808
read_img,239.00922060012817,243.99330377578735,bigbrain_1538_1005_1388.nii,bin-worker-3.novalocal,139897088001856,3718
read_img,244.97072982788086,247.7922167778015,bigbrain_1538_1206_0.nii,bin-worker-8.novalocal,140004231698240,9814
read_img,239.1046576499939,246.1066653728485,bigbrain_1538_1005_1735.nii,bin-worker-3.novalocal,139897088001856,3721
read_img,242.3092818260193,248.20453238487244,bigbrain_1538_1005_347.nii,bin-worker-3.novalocal,139897088001856,3712
read_img,243.90568614006042,248.50818133354187,bigbrain_1538_1005_694.nii,bin-worker-3.novalocal,139897088001856,3706
read_img,677.4109938144684,678.3129408359528,bigbrain_3076_2010_347.nii,bin-worker-6.novalocal,140178555524928,23767
read_img,678.3130178451538,679.2645523548126,bigbrain_3076_2010_694.nii,bin-worker-2.novalocal,140326538557248,4135
read_img,248.86097121238708,249.85132384300232,bigbrain_1538_1206_1041.nii,bin-worker-3.novalocal,139897088001856,3702
read_img,250.82264733314514,252.01712822914124,bigbrain_1538_1206_1388.nii,bin-worker-3.novalocal,139897088001856,3709
read_img,251.24761772155762,252.70386910438538,bigbrain_1538_1206_1735.nii,bin-worker-3.novalocal,139897088001856,3715
read_img,679.8057301044464,682.3161239624023,bigbrain_3076_201_1041.nii,bin-worker-6.novalocal,140178555524928,23757
read_img,679.7982227802277,682.4329307079315,bigbrain_3076_201_0.nii,bin-worker-1.novalocal,140703567460160,3850
read_img,680.4419736862183,683.033709526062,bigbrain_3076_201_1388.nii,bin-worker-2.novalocal,140326538557248,4129
read_img,681.3347647190094,683.5712838172913,bigbrain_3076_201_1735.nii,bin-worker-1.novalocal,140703567460160,3847
read_img,253.18633437156677,255.09902358055115,bigbrain_1538_1206_2429.nii,bin-worker-3.novalocal,139897088001856,3700
read_img,683.7438561916351,684.6627569198608,bigbrain_3076_201_2082.nii,bin-worker-6.novalocal,140178555524928,23746
read_img,252.78207683563232,254.0956928730011,bigbrain_1538_1206_2082.nii,bin-worker-6.novalocal,140178555524928,23757
read_img,253.98818850517273,255.61267495155334,bigbrain_1538_1206_2776.nii,bin-worker-6.novalocal,140178555524928,23755
read_img,685.529186964035,686.7749211788177,bigbrain_3076_201_2429.nii,bin-worker-4.novalocal,140099593164608,16227
read_img,256.3030846118927,257.79511880874634,bigbrain_1538_1206_3123.nii,bin-worker-6.novalocal,140178555524928,23761
read_img,686.0070357322693,687.4258024692535,bigbrain_3076_201_2776.nii,bin-worker-2.novalocal,140326538557248,4120
read_img,256.49684381484985,258.15608406066895,bigbrain_1538_1206_347.nii,bin-worker-6.novalocal,140178555524928,23767
read_img,258.4539315700531,259.37176990509033,bigbrain_1538_1206_694.nii,bin-worker-6.novalocal,140178555524928,23746
read_img,689.5251388549805,690.8290293216705,bigbrain_3076_201_3123.nii,bin-worker-5.novalocal,140363926964032,15251
read_img,689.8577160835266,691.8122038841248,bigbrain_3076_201_347.nii,bin-worker-5.novalocal,140363926964032,15248
read_img,690.8938801288605,692.3088493347168,bigbrain_3076_201_694.nii,bin-worker-5.novalocal,140363926964032,15257
read_img,692.2433576583862,693.3407266139984,bigbrain_3076_2211_0.nii,bin-worker-5.novalocal,140363926964032,15242
read_img,694.2689542770386,695.1971354484558,bigbrain_3076_2211_1041.nii,bin-worker-4.novalocal,140099593164608,16228
read_img,260.30167055130005,265.7285108566284,bigbrain_1538_1407_1041.nii,bin-worker-6.novalocal,140178555524928,23752
read_img,696.0465853214264,697.5624332427979,bigbrain_3076_2211_1388.nii,bin-worker-4.novalocal,140099593164608,16241
read_img,696.5495579242706,697.9601540565491,bigbrain_3076_2211_1735.nii,bin-worker-5.novalocal,140363926964032,15245
read_img,697.9705140590668,698.9456994533539,bigbrain_3076_2211_2082.nii,bin-worker-5.novalocal,140363926964032,15236
read_img,260.7284209728241,269.16391706466675,bigbrain_1538_1407_1735.nii,bin-worker-6.novalocal,140178555524928,23748
read_img,261.93850326538086,269.87475395202637,bigbrain_1538_1407_2082.nii,bin-worker-6.novalocal,140178555524928,23764
read_img,260.13029313087463,264.08303928375244,bigbrain_1538_1407_0.nii,bin-worker-8.novalocal,140004231698240,9808
read_img,700.1510331630707,701.9322292804718,bigbrain_3076_2211_2429.nii,bin-worker-8.novalocal,140004231698240,9820
read_img,700.5101299285889,702.4735980033875,bigbrain_3076_2211_2776.nii,bin-worker-3.novalocal,139897088001856,3718
read_img,260.43029713630676,271.66076612472534,bigbrain_1538_1407_1388.nii,bin-worker-8.novalocal,140004231698240,9820
read_img,262.12073254585266,272.06091833114624,bigbrain_1538_1407_2429.nii,bin-worker-1.novalocal,140703567460160,3835
read_img,263.13366532325745,272.59898376464844,bigbrain_1538_1608_0.nii,bin-worker-2.novalocal,140326538557248,4135
read_img,262.79931020736694,277.4506628513336,bigbrain_1538_1407_347.nii,bin-worker-1.novalocal,140703567460160,3841
read_img,703.8322098255157,708.2896819114685,bigbrain_3076_2412_2082.nii,bin-worker-3.novalocal,139897088001856,3712
read_img,702.4119868278503,708.4548072814941,bigbrain_3076_2211_694.nii,bin-worker-4.novalocal,140099593164608,16248
read_img,702.426614522934,708.6463158130646,bigbrain_3076_2412_1041.nii,bin-worker-4.novalocal,140099593164608,16233
read_img,704.5506017208099,708.666054725647,bigbrain_3076_2412_2776.nii,bin-worker-1.novalocal,140703567460160,3830
read_img,263.45037055015564,279.18319749832153,bigbrain_1538_1608_1388.nii,bin-worker-1.novalocal,140703567460160,3838
read_img,264.6597535610199,279.22848558425903,bigbrain_1538_1608_2429.nii,bin-worker-1.novalocal,140703567460160,3829
read_img,265.57978796958923,279.4692974090576,bigbrain_1538_1608_347.nii,bin-worker-1.novalocal,140703567460160,3844
read_img,264.52994751930237,279.6563136577606,bigbrain_1538_1608_1735.nii,bin-worker-2.novalocal,140326538557248,4120
read_img,264.9895439147949,280.0719361305237,bigbrain_1538_1608_2776.nii,bin-worker-2.novalocal,140326538557248,4129
read_img,265.4535610675812,280.13982915878296,bigbrain_1538_1608_3123.nii,bin-worker-2.novalocal,140326538557248,4116
read_img,266.6718554496765,280.20302963256836,bigbrain_1538_1608_694.nii,bin-worker-2.novalocal,140326538557248,4123
read_img,707.4063999652863,710.0671739578247,bigbrain_3076_2412_3123.nii,bin-worker-5.novalocal,140363926964032,15237
read_img,262.2288348674774,280.0601420402527,bigbrain_1538_1407_2776.nii,bin-worker-8.novalocal,140004231698240,9802
read_img,262.43893337249756,280.4096736907959,bigbrain_1538_1407_3123.nii,bin-worker-8.novalocal,140004231698240,9811
read_img,264.5255422592163,280.74131178855896,bigbrain_1538_1608_2082.nii,bin-worker-8.novalocal,140004231698240,9803
read_img,263.28710889816284,280.79060411453247,bigbrain_1538_1608_1041.nii,bin-worker-8.novalocal,140004231698240,9817
read_img,262.87166690826416,280.8063368797302,bigbrain_1538_1407_694.nii,bin-worker-8.novalocal,140004231698240,9823
read_img,274.0502030849457,279.80931305885315,bigbrain_1538_1809_0.nii,bin-worker-4.novalocal,140099593164608,16227
read_img,275.5586383342743,281.0632128715515,bigbrain_1538_1809_1041.nii,bin-worker-4.novalocal,140099593164608,16243
read_img,701.1129837036133,705.9751439094543,bigbrain_3076_2211_3123.nii,bin-worker-8.novalocal,140004231698240,9803
read_img,279.3782193660736,281.5602397918701,bigbrain_1538_1809_1388.nii,bin-worker-4.novalocal,140099593164608,16248
read_img,702.2796893119812,711.421019077301,bigbrain_3076_2211_347.nii,bin-worker-8.novalocal,140004231698240,9802
read_img,702.3943362236023,711.848846912384,bigbrain_3076_2412_0.nii,bin-worker-8.novalocal,140004231698240,9817
read_img,703.1028389930725,712.2761034965515,bigbrain_3076_2412_1388.nii,bin-worker-8.novalocal,140004231698240,9823
read_img,703.7767856121063,712.3483619689941,bigbrain_3076_2412_1735.nii,bin-worker-8.novalocal,140004231698240,9811
read_img,704.1595311164856,712.363762140274,bigbrain_3076_2412_2429.nii,bin-worker-8.novalocal,140004231698240,9814
read_img,282.02962589263916,284.63988733291626,bigbrain_1538_1809_2082.nii,bin-worker-4.novalocal,140099593164608,16236
read_img,714.0885055065155,715.0338366031647,bigbrain_3076_2412_347.nii,bin-worker-6.novalocal,140178555524928,23752
read_img,716.6236746311188,717.602071762085,bigbrain_3076_2412_694.nii,bin-worker-6.novalocal,140178555524928,23761
read_img,718.5866527557373,719.5102877616882,bigbrain_3076_2613_0.nii,bin-worker-4.novalocal,140099593164608,16236
read_img,282.90164160728455,292.1431448459625,bigbrain_1538_1809_3123.nii,bin-worker-4.novalocal,140099593164608,16241
read_img,721.0470204353333,722.8146750926971,bigbrain_3076_2613_1041.nii,bin-worker-3.novalocal,139897088001856,3721
read_img,283.20041394233704,294.01982831954956,bigbrain_1538_1809_694.nii,bin-worker-4.novalocal,140099593164608,16239
read_img,284.0882124900818,294.5545494556427,bigbrain_1538_2010_0.nii,bin-worker-4.novalocal,140099593164608,16233
read_img,721.3260409832001,724.1158111095428,bigbrain_3076_2613_1388.nii,bin-worker-6.novalocal,140178555524928,23755
read_img,284.6545960903168,294.57837533950806,bigbrain_1538_2010_2082.nii,bin-worker-4.novalocal,140099593164608,16228
read_img,722.0789880752563,725.4851729869843,bigbrain_3076_2613_1735.nii,bin-worker-1.novalocal,140703567460160,3844
read_img,722.8497087955475,726.7586538791656,bigbrain_3076_2613_2429.nii,bin-worker-3.novalocal,139897088001856,3702
read_img,722.3413922786713,727.5468392372131,bigbrain_3076_2613_2082.nii,bin-worker-4.novalocal,140099593164608,16239
read_img,282.1081805229187,291.3556363582611,bigbrain_1538_1809_1735.nii,bin-worker-7.novalocal,140331200227136,15336
read_img,723.4322094917297,728.5916044712067,bigbrain_3076_2613_2776.nii,bin-worker-4.novalocal,140099593164608,16243
read_img,724.779994726181,728.5704083442688,bigbrain_3076_2613_3123.nii,bin-worker-6.novalocal,140178555524928,23748
read_img,282.1368453502655,295.85340428352356,bigbrain_1538_1809_2429.nii,bin-worker-7.novalocal,140331200227136,15330
read_img,282.74672532081604,297.3762285709381,bigbrain_1538_1809_2776.nii,bin-worker-7.novalocal,140331200227136,15335
read_img,284.2370812892914,300.23089933395386,bigbrain_1538_2010_1041.nii,bin-worker-7.novalocal,140331200227136,15327
read_img,282.95069670677185,298.6541266441345,bigbrain_1538_1809_347.nii,bin-worker-7.novalocal,140331200227136,15332
read_img,284.4343674182892,300.7656807899475,bigbrain_1538_2010_1388.nii,bin-worker-7.novalocal,140331200227136,15322
read_img,284.7899398803711,300.78877305984497,bigbrain_1538_2010_1735.nii,bin-worker-7.novalocal,140331200227136,15321
read_img,284.8376958370209,300.82416701316833,bigbrain_1538_2010_2429.nii,bin-worker-7.novalocal,140331200227136,15341
read_img,728.1476547718048,731.1971793174744,bigbrain_3076_2814_0.nii,bin-worker-8.novalocal,140004231698240,9808
read_img,727.5845456123352,730.8485658168793,bigbrain_3076_2613_694.nii,bin-worker-6.novalocal,140178555524928,23764
read_img,299.7860748767853,302.015517950058,bigbrain_1538_201_2082.nii,bin-worker-8.novalocal,140004231698240,9814
read_img,284.9553608894348,296.1364619731903,bigbrain_1538_2010_2776.nii,bin-worker-5.novalocal,140363926964032,15251
read_img,725.395174741745,730.6493451595306,bigbrain_3076_2613_347.nii,bin-worker-3.novalocal,139897088001856,3706
read_img,285.02676939964294,299.1200897693634,bigbrain_1538_2010_3123.nii,bin-worker-5.novalocal,140363926964032,15254
read_img,285.82891154289246,301.9898114204407,bigbrain_1538_2010_347.nii,bin-worker-5.novalocal,140363926964032,15242
read_img,286.1238603591919,302.36582016944885,bigbrain_1538_2010_694.nii,bin-worker-5.novalocal,140363926964032,15237
read_img,286.64829540252686,302.5012845993042,bigbrain_1538_201_0.nii,bin-worker-5.novalocal,140363926964032,15245
read_img,287.5282447338104,302.5017693042755,bigbrain_1538_201_1735.nii,bin-worker-5.novalocal,140363926964032,15257
read_img,287.1324734687805,302.5130479335785,bigbrain_1538_201_1041.nii,bin-worker-5.novalocal,140363926964032,15236
read_img,287.3668451309204,302.54712414741516,bigbrain_1538_201_1388.nii,bin-worker-5.novalocal,140363926964032,15248
read_img,729.9865524768829,732.9256734848022,bigbrain_3076_2814_2082.nii,bin-worker-6.novalocal,140178555524928,23767
read_img,732.5703604221344,737.2789950370789,bigbrain_3076_2814_2776.nii,bin-worker-1.novalocal,140703567460160,3829
read_img,732.5303509235382,737.2592258453369,bigbrain_3076_2814_2429.nii,bin-worker-2.novalocal,140326538557248,4114
read_img,732.7408220767975,738.4519560337067,bigbrain_3076_2814_3123.nii,bin-worker-7.novalocal,140331200227136,15330
read_img,728.2175102233887,738.8408641815186,bigbrain_3076_2814_1041.nii,bin-worker-3.novalocal,139897088001856,3709
read_img,728.4794006347656,738.9937324523926,bigbrain_3076_2814_1388.nii,bin-worker-3.novalocal,139897088001856,3700
read_img,728.5406651496887,739.0141315460205,bigbrain_3076_2814_1735.nii,bin-worker-3.novalocal,139897088001856,3715
read_img,735.2141797542572,739.4875705242157,bigbrain_3076_2814_694.nii,bin-worker-5.novalocal,140363926964032,15254
read_img,733.9759564399719,739.4784998893738,bigbrain_3076_2814_347.nii,bin-worker-6.novalocal,140178555524928,23757
read_img,737.5592513084412,740.3471014499664,bigbrain_3076_402_1041.nii,bin-worker-2.novalocal,140326538557248,4126
read_img,735.7631568908691,740.5811636447906,bigbrain_3076_402_0.nii,bin-worker-6.novalocal,140178555524928,23746
read_img,310.27275037765503,311.27946877479553,bigbrain_1538_201_2429.nii,bin-worker-2.novalocal,140326538557248,4132
read_img,740.623318195343,741.6610577106476,bigbrain_3076_402_1388.nii,bin-worker-1.novalocal,140703567460160,3835
read_img,742.4309413433075,743.5138833522797,bigbrain_3076_402_1735.nii,bin-worker-1.novalocal,140703567460160,3838
read_img,743.2302830219269,744.327141046524,bigbrain_3076_402_2082.nii,bin-worker-1.novalocal,140703567460160,3841
read_img,314.1118412017822,315.2182240486145,bigbrain_1538_201_2776.nii,bin-worker-6.novalocal,140178555524928,23761
read_img,314.80882573127747,316.70371317863464,bigbrain_1538_201_3123.nii,bin-worker-6.novalocal,140178555524928,23757
read_img,315.27572536468506,317.03805232048035,bigbrain_1538_201_347.nii,bin-worker-6.novalocal,140178555524928,23755
read_img,316.65316796302795,318.245224237442,bigbrain_1538_201_694.nii,bin-worker-6.novalocal,140178555524928,23767
read_img,317.187353849411,318.754825592041,bigbrain_1538_2211_0.nii,bin-worker-6.novalocal,140178555524928,23746
read_img,747.1031692028046,748.8933591842651,bigbrain_3076_402_2429.nii,bin-worker-4.novalocal,140099593164608,16227
read_img,747.1336948871613,748.9544055461884,bigbrain_3076_402_2776.nii,bin-worker-2.novalocal,140326538557248,4132
read_img,749.84810090065,751.3207280635834,bigbrain_3076_402_3123.nii,bin-worker-7.novalocal,140331200227136,15332
read_img,750.8904273509979,752.3832528591156,bigbrain_3076_402_347.nii,bin-worker-7.novalocal,140331200227136,15327
read_img,751.9614346027374,753.0322103500366,bigbrain_3076_402_694.nii,bin-worker-5.novalocal,140363926964032,15257
read_img,753.6147196292877,754.9280638694763,bigbrain_3076_603_0.nii,bin-worker-5.novalocal,140363926964032,15251
read_img,754.3371376991272,757.5979905128479,bigbrain_3076_603_1041.nii,bin-worker-5.novalocal,140363926964032,15242
read_img,754.3698036670685,757.6811137199402,bigbrain_3076_603_1388.nii,bin-worker-5.novalocal,140363926964032,15248
read_img,327.40905380249023,328.34388518333435,bigbrain_1538_2211_1041.nii,bin-worker-6.novalocal,140178555524928,23748
read_img,755.6981837749481,758.6176052093506,bigbrain_3076_603_1735.nii,bin-worker-4.novalocal,140099593164608,16228
read_img,756.0531947612762,758.8656075000763,bigbrain_3076_603_2082.nii,bin-worker-8.novalocal,140004231698240,9820
read_img,756.9857983589172,759.2541766166687,bigbrain_3076_603_2429.nii,bin-worker-2.novalocal,140326538557248,4123
read_img,329.88510942459106,331.66318583488464,bigbrain_1538_2211_1388.nii,bin-worker-6.novalocal,140178555524928,23764
read_img,329.9804916381836,331.74254727363586,bigbrain_1538_2211_1735.nii,bin-worker-6.novalocal,140178555524928,23752
read_img,759.0747902393341,761.9992873668671,bigbrain_3076_603_3123.nii,bin-worker-2.novalocal,140326538557248,4116
read_img,759.2840843200684,762.0905425548553,bigbrain_3076_603_694.nii,bin-worker-5.novalocal,140363926964032,15245
read_img,332.53777861595154,333.89658641815186,bigbrain_1538_2211_2082.nii,bin-worker-1.novalocal,140703567460160,3847
read_img,332.99465131759644,334.4050636291504,bigbrain_1538_2211_2429.nii,bin-worker-1.novalocal,140703567460160,3850
read_img,762.2537798881531,766.2922375202179,bigbrain_3076_804_1041.nii,bin-worker-5.novalocal,140363926964032,15236
read_img,762.6195411682129,766.921136379242,bigbrain_3076_804_1388.nii,bin-worker-4.novalocal,140099593164608,16241
read_img,759.010719537735,765.0236904621124,bigbrain_3076_603_2776.nii,bin-worker-7.novalocal,140331200227136,15321
read_img,338.94893765449524,341.9926838874817,bigbrain_1538_2412_2082.nii,bin-worker-1.novalocal,140703567460160,3830
read_img,337.9999461174011,341.720223903656,bigbrain_1538_2412_1735.nii,bin-worker-2.novalocal,140326538557248,4126
read_img,339.51503348350525,343.04317927360535,bigbrain_1538_2412_2429.nii,bin-worker-2.novalocal,140326538557248,4114
read_img,335.2250967025757,337.34867787361145,bigbrain_1538_2211_2776.nii,bin-worker-8.novalocal,140004231698240,9820
read_img,762.9686613082886,770.8772983551025,bigbrain_3076_804_1735.nii,bin-worker-1.novalocal,140703567460160,3850
read_img,764.0990104675293,773.2550864219666,bigbrain_3076_804_3123.nii,bin-worker-1.novalocal,140703567460160,3847
read_img,335.49112582206726,343.6990575790405,bigbrain_1538_2211_347.nii,bin-worker-8.novalocal,140004231698240,9802
read_img,335.4810280799866,343.7071843147278,bigbrain_1538_2211_3123.nii,bin-worker-8.novalocal,140004231698240,9808
read_img,335.85039949417114,344.2770326137543,bigbrain_1538_2211_694.nii,bin-worker-8.novalocal,140004231698240,9803
read_img,335.95374155044556,344.5062234401703,bigbrain_1538_2412_0.nii,bin-worker-8.novalocal,140004231698240,9811
read_img,336.66682386398315,344.5088195800781,bigbrain_1538_2412_1041.nii,bin-worker-8.novalocal,140004231698240,9817
read_img,337.38738918304443,344.8268713951111,bigbrain_1538_2412_1388.nii,bin-worker-8.novalocal,140004231698240,9823
read_img,759.2337348461151,769.918536901474,bigbrain_3076_603_347.nii,bin-worker-7.novalocal,140331200227136,15341
read_img,347.5722532272339,348.57214999198914,bigbrain_1538_2412_2776.nii,bin-worker-3.novalocal,139897088001856,3712
read_img,771.7280669212341,778.2402763366699,bigbrain_769_1005_1041.nii,bin-worker-5.novalocal,140363926964032,15237
read_img,766.5066981315613,775.592223405838,bigbrain_769_0_1735.nii,bin-worker-6.novalocal,140178555524928,23752
read_img,348.5849006175995,349.61188530921936,bigbrain_1538_2412_3123.nii,bin-worker-3.novalocal,139897088001856,3718
read_img,766.2070775032043,776.232919216156,bigbrain_769_0_1041.nii,bin-worker-2.novalocal,140326538557248,4135
read_img,761.1177315711975,777.1615970134735,bigbrain_3076_804_0.nii,bin-worker-7.novalocal,140331200227136,15322
read_img,349.91318440437317,350.83502674102783,bigbrain_1538_2412_347.nii,bin-worker-4.novalocal,140099593164608,16227
read_img,767.8270931243896,779.7700595855713,bigbrain_769_0_2776.nii,bin-worker-6.novalocal,140178555524928,23761
read_img,769.3143446445465,779.4872608184814,bigbrain_769_0_694.nii,bin-worker-4.novalocal,140099593164608,16248
read_img,763.3611571788788,780.2518422603607,bigbrain_3076_804_2082.nii,bin-worker-7.novalocal,140331200227136,15336
read_img,774.9743783473969,781.1561343669891,bigbrain_769_1005_1388.nii,bin-worker-3.novalocal,139897088001856,3718
read_img,767.4564161300659,781.4748890399933,bigbrain_769_0_2082.nii,bin-worker-7.novalocal,140331200227136,15335
read_img,767.6660454273224,782.3148903846741,bigbrain_769_0_2429.nii,bin-worker-2.novalocal,140326538557248,4129
read_img,768.3393995761871,782.3642179965973,bigbrain_769_0_3123.nii,bin-worker-2.novalocal,140326538557248,4120
read_img,770.7156925201416,783.0420899391174,bigbrain_769_1005_0.nii,bin-worker-4.novalocal,140099593164608,16233
read_img,777.573139667511,785.5261828899384,bigbrain_769_1005_2082.nii,bin-worker-4.novalocal,140099593164608,16236
read_img,351.954957485199,355.4279851913452,bigbrain_1538_2412_694.nii,bin-worker-3.novalocal,139897088001856,3706
read_img,352.32500886917114,356.37683486938477,bigbrain_1538_2613_1041.nii,bin-worker-4.novalocal,140099593164608,16243
read_img,353.7786076068878,356.7442271709442,bigbrain_1538_2613_2082.nii,bin-worker-8.novalocal,140004231698240,9814
read_img,782.3327302932739,786.5505132675171,bigbrain_769_1005_2776.nii,bin-worker-3.novalocal,139897088001856,3712
read_img,352.82111954689026,357.3514187335968,bigbrain_1538_2613_1388.nii,bin-worker-4.novalocal,140099593164608,16248
read_img,775.1533825397491,784.1432816982269,bigbrain_769_1005_1735.nii,bin-worker-6.novalocal,140178555524928,23755
read_img,783.3802919387817,787.4152443408966,bigbrain_769_1005_694.nii,bin-worker-1.novalocal,140703567460160,3830
read_img,352.1275227069855,358.38889956474304,bigbrain_1538_2613_0.nii,bin-worker-3.novalocal,139897088001856,3721
read_img,353.2243926525116,359.89848136901855,bigbrain_1538_2613_1735.nii,bin-worker-3.novalocal,139897088001856,3715
read_img,354.18306064605713,360.29800724983215,bigbrain_1538_2613_2429.nii,bin-worker-3.novalocal,139897088001856,3702
read_img,354.94500494003296,360.36859226226807,bigbrain_1538_2613_2776.nii,bin-worker-3.novalocal,139897088001856,3709
read_img,355.3204274177551,360.3810293674469,bigbrain_1538_2613_3123.nii,bin-worker-3.novalocal,139897088001856,3700
read_img,360.28519320487976,361.2542243003845,bigbrain_1538_2613_347.nii,bin-worker-4.novalocal,140099593164608,16241
read_img,763.7122371196747,782.806056022644,bigbrain_3076_804_2429.nii,bin-worker-8.novalocal,140004231698240,9811
read_img,763.9063687324524,789.0789701938629,bigbrain_3076_804_2776.nii,bin-worker-8.novalocal,140004231698240,9817
read_img,781.2762668132782,790.3123304843903,bigbrain_769_1005_2429.nii,bin-worker-6.novalocal,140178555524928,23748
read_img,764.4233207702637,789.535721540451,bigbrain_3076_804_347.nii,bin-worker-8.novalocal,140004231698240,9803
read_img,765.9826333522797,791.3894391059875,bigbrain_3076_804_694.nii,bin-worker-8.novalocal,140004231698240,9802
read_img,768.7854528427124,792.4161162376404,bigbrain_769_0_347.nii,bin-worker-8.novalocal,140004231698240,9814
read_img,766.3977880477905,791.809606552124,bigbrain_769_0_1388.nii,bin-worker-8.novalocal,140004231698240,9823
read_img,782.5243849754333,793.058717250824,bigbrain_769_1005_3123.nii,bin-worker-8.novalocal,140004231698240,9808
read_img,362.5525598526001,363.653924703598,bigbrain_1538_2613_694.nii,bin-worker-4.novalocal,140099593164608,16236
read_img,788.2828557491302,793.0242960453033,bigbrain_769_1206_1041.nii,bin-worker-4.novalocal,140099593164608,16239
read_img,783.1131644248962,791.6875603199005,bigbrain_769_1005_347.nii,bin-worker-6.novalocal,140178555524928,23767
read_img,783.5584144592285,792.34858751297,bigbrain_769_1206_0.nii,bin-worker-6.novalocal,140178555524928,23764
read_img,788.5851745605469,793.4009299278259,bigbrain_769_1206_1388.nii,bin-worker-4.novalocal,140099593164608,16243
read_img,363.3540871143341,364.4498074054718,bigbrain_1538_2814_0.nii,bin-worker-4.novalocal,140099593164608,16228
read_img,791.0031232833862,794.5395731925964,bigbrain_769_1206_1735.nii,bin-worker-6.novalocal,140178555524928,23746
read_img,791.0396203994751,794.608585357666,bigbrain_769_1206_2082.nii,bin-worker-6.novalocal,140178555524928,23757
read_img,365.4314794540405,367.5779149532318,bigbrain_1538_2814_1388.nii,bin-worker-4.novalocal,140099593164608,16233
read_img,796.4679305553436,797.4843938350677,bigbrain_769_1206_2429.nii,bin-worker-3.novalocal,139897088001856,3721
read_img,366.3211226463318,369.98681378364563,bigbrain_1538_2814_2082.nii,bin-worker-4.novalocal,140099593164608,16239
read_img,798.631313085556,799.5928287506104,bigbrain_769_1206_2776.nii,bin-worker-5.novalocal,140363926964032,15254
read_img,802.2033603191376,803.1734750270844,bigbrain_769_1206_3123.nii,bin-worker-1.novalocal,140703567460160,3844
read_img,365.1329107284546,369.9733188152313,bigbrain_1538_2814_1041.nii,bin-worker-5.novalocal,140363926964032,15254
read_img,365.73036003112793,371.1597480773926,bigbrain_1538_2814_1735.nii,bin-worker-5.novalocal,140363926964032,15236
read_img,806.3940312862396,807.4220867156982,bigbrain_769_1206_347.nii,bin-worker-3.novalocal,139897088001856,3702
read_img,807.6227087974548,808.5697636604309,bigbrain_769_1206_694.nii,bin-worker-4.novalocal,140099593164608,16227
read_img,809.204521894455,810.1695058345795,bigbrain_769_1407_0.nii,bin-worker-5.novalocal,140363926964032,15257
read_img,367.6608798503876,375.79717564582825,bigbrain_1538_2814_347.nii,bin-worker-6.novalocal,140178555524928,23761
read_img,367.8869438171387,379.999472618103,bigbrain_1538_2814_694.nii,bin-worker-6.novalocal,140178555524928,23755
read_img,368.37285566329956,380.62207078933716,bigbrain_1538_402_0.nii,bin-worker-6.novalocal,140178555524928,23757
read_img,370.4988453388214,381.6041102409363,bigbrain_1538_402_1388.nii,bin-worker-6.novalocal,140178555524928,23746
read_img,369.0384328365326,381.3281948566437,bigbrain_1538_402_1041.nii,bin-worker-6.novalocal,140178555524928,23767
read_img,810.3812236785889,811.3036451339722,bigbrain_769_1407_1041.nii,bin-worker-8.novalocal,140004231698240,9820
read_img,366.69805431365967,380.65869545936584,bigbrain_1538_2814_2776.nii,bin-worker-5.novalocal,140363926964032,15245
read_img,366.6880633831024,378.90600657463074,bigbrain_1538_2814_2429.nii,bin-worker-5.novalocal,140363926964032,15248
read_img,373.9835283756256,378.83762192726135,bigbrain_1538_402_2776.nii,bin-worker-2.novalocal,140326538557248,4116
read_img,367.44278597831726,382.4424698352814,bigbrain_1538_2814_3123.nii,bin-worker-5.novalocal,140363926964032,15257
read_img,813.9296472072601,814.8595147132874,bigbrain_769_1407_1388.nii,bin-worker-5.novalocal,140363926964032,15248
read_img,371.11010360717773,385.0159513950348,bigbrain_1538_402_1735.nii,bin-worker-5.novalocal,140363926964032,15237
read_img,372.24040150642395,385.7064833641052,bigbrain_1538_402_2082.nii,bin-worker-5.novalocal,140363926964032,15242
read_img,372.4631338119507,385.81538128852844,bigbrain_1538_402_2429.nii,bin-worker-5.novalocal,140363926964032,15251
read_img,814.9683315753937,815.8972880840302,bigbrain_769_1407_1735.nii,bin-worker-2.novalocal,140326538557248,4114
read_img,377.08261251449585,386.38264870643616,bigbrain_1538_603_1041.nii,bin-worker-2.novalocal,140326538557248,4120
read_img,384.2670691013336,387.4251112937927,bigbrain_1538_603_2776.nii,bin-worker-6.novalocal,140178555524928,23748
read_img,377.21089243888855,387.3144166469574,bigbrain_1538_603_1388.nii,bin-worker-2.novalocal,140326538557248,4135
read_img,375.9194836616516,386.75074100494385,bigbrain_1538_402_3123.nii,bin-worker-1.novalocal,140703567460160,3844
read_img,379.8703496456146,389.2020447254181,bigbrain_1538_603_2082.nii,bin-worker-2.novalocal,140326538557248,4123
read_img,817.3837218284607,819.6079649925232,bigbrain_769_1407_2429.nii,bin-worker-4.novalocal,140099593164608,16228
read_img,375.9878182411194,389.9157147407532,bigbrain_1538_402_347.nii,bin-worker-1.novalocal,140703567460160,3841
read_img,376.2167422771454,390.36258339881897,bigbrain_1538_402_694.nii,bin-worker-1.novalocal,140703567460160,3838
read_img,376.3894383907318,390.4629955291748,bigbrain_1538_603_0.nii,bin-worker-1.novalocal,140703567460160,3829
read_img,378.6325526237488,390.5492844581604,bigbrain_1538_603_1735.nii,bin-worker-1.novalocal,140703567460160,3835
read_img,380.0683789253235,389.8496959209442,bigbrain_1538_603_2429.nii,bin-worker-2.novalocal,140326538557248,4129
read_img,817.3204231262207,820.5564641952515,bigbrain_769_1407_2082.nii,bin-worker-5.novalocal,140363926964032,15242
read_img,388.71190071105957,391.66440534591675,bigbrain_1538_603_347.nii,bin-worker-2.novalocal,140326538557248,4132
read_img,388.31080985069275,391.57265543937683,bigbrain_1538_603_3123.nii,bin-worker-6.novalocal,140178555524928,23752
read_img,389.6281681060791,392.1332497596741,bigbrain_1538_603_694.nii,bin-worker-6.novalocal,140178555524928,23764
read_img,818.8186650276184,822.7567443847656,bigbrain_769_1407_347.nii,bin-worker-2.novalocal,140326538557248,4126
read_img,818.1487369537354,823.0657119750977,bigbrain_769_1407_2776.nii,bin-worker-5.novalocal,140363926964032,15251
read_img,818.6733226776123,823.0382580757141,bigbrain_769_1407_3123.nii,bin-worker-1.novalocal,140703567460160,3829
read_img,820.9542288780212,825.8508067131042,bigbrain_769_1608_1041.nii,bin-worker-1.novalocal,140703567460160,3835
read_img,397.199125289917,398.13163900375366,bigbrain_1538_804_0.nii,bin-worker-8.novalocal,140004231698240,9808
read_img,825.0225958824158,830.2780396938324,bigbrain_769_1608_2776.nii,bin-worker-7.novalocal,140331200227136,15330
read_img,819.2065229415894,826.7450771331787,bigbrain_769_1407_694.nii,bin-worker-3.novalocal,139897088001856,3715
read_img,826.2275607585907,831.5713014602661,bigbrain_769_1608_694.nii,bin-worker-2.novalocal,140326538557248,4132
read_img,826.0337810516357,831.5734877586365,bigbrain_769_1608_347.nii,bin-worker-4.novalocal,140099593164608,16241
read_img,399.44802498817444,401.06948471069336,bigbrain_1538_804_1041.nii,bin-worker-8.novalocal,140004231698240,9811
read_img,399.49130296707153,401.7143747806549,bigbrain_1538_804_1388.nii,bin-worker-8.novalocal,140004231698240,9803
read_img,823.762882232666,832.5112392902374,bigbrain_769_1608_2082.nii,bin-worker-1.novalocal,140703567460160,3841
read_img,825.3519887924194,831.5356545448303,bigbrain_769_1608_3123.nii,bin-worker-5.novalocal,140363926964032,15245
read_img,823.9731419086456,832.6929838657379,bigbrain_769_1608_2429.nii,bin-worker-1.novalocal,140703567460160,3838
read_img,820.475709438324,832.6369907855988,bigbrain_769_1608_0.nii,bin-worker-3.novalocal,139897088001856,3700
read_img,821.2047169208527,832.9893991947174,bigbrain_769_1608_1388.nii,bin-worker-3.novalocal,139897088001856,3706
read_img,822.0209856033325,833.0366365909576,bigbrain_769_1608_1735.nii,bin-worker-3.novalocal,139897088001856,3709
read_img,829.2304248809814,833.1482355594635,bigbrain_769_1809_0.nii,bin-worker-5.novalocal,140363926964032,15236
read_img,400.9130172729492,404.0303170681,bigbrain_1538_804_2082.nii,bin-worker-8.novalocal,140004231698240,9802
read_img,400.85059928894043,404.0914809703827,bigbrain_1538_804_1735.nii,bin-worker-8.novalocal,140004231698240,9817
read_img,400.9374678134918,404.15362310409546,bigbrain_1538_804_2429.nii,bin-worker-8.novalocal,140004231698240,9820
read_img,833.3667705059052,834.3203508853912,bigbrain_769_1809_1041.nii,bin-worker-6.novalocal,140178555524928,23752
read_img,404.47948122024536,405.47691226005554,bigbrain_1538_804_2776.nii,bin-worker-8.novalocal,140004231698240,9823
read_img,835.3060352802277,836.5451979637146,bigbrain_769_1809_1388.nii,bin-worker-7.novalocal,140331200227136,15327
read_img,838.6082255840302,839.8408849239349,bigbrain_769_1809_1735.nii,bin-worker-6.novalocal,140178555524928,23761
read_img,839.1456503868103,840.504477262497,bigbrain_769_1809_2082.nii,bin-worker-2.novalocal,140326538557248,4116
read_img,412.01662516593933,412.95734167099,bigbrain_1538_804_3123.nii,bin-worker-8.novalocal,140004231698240,9814
read_img,842.3912928104401,843.9359529018402,bigbrain_769_1809_2776.nii,bin-worker-2.novalocal,140326538557248,4123
read_img,842.0731899738312,844.2888388633728,bigbrain_769_1809_2429.nii,bin-worker-7.novalocal,140331200227136,15332
read_img,413.8254475593567,415.5918982028961,bigbrain_1538_804_347.nii,bin-worker-7.novalocal,140331200227136,15336
read_img,415.22640585899353,416.5282247066498,bigbrain_1538_804_694.nii,bin-worker-7.novalocal,140331200227136,15327
read_img,844.5005872249603,845.8554720878601,bigbrain_769_1809_3123.nii,bin-worker-8.novalocal,140004231698240,9811
read_img,845.0738983154297,847.2453882694244,bigbrain_769_1809_347.nii,bin-worker-8.novalocal,140004231698240,9823
read_img,845.078696012497,847.3372008800507,bigbrain_769_1809_694.nii,bin-worker-8.novalocal,140004231698240,9817
read_img,417.7139778137207,419.234117269516,bigbrain_2307_0_0.nii,bin-worker-4.novalocal,140099593164608,16227
read_img,847.1273562908173,849.3795795440674,bigbrain_769_2010_0.nii,bin-worker-5.novalocal,140363926964032,15237
read_img,417.97912645339966,420.18867921829224,bigbrain_2307_0_1041.nii,bin-worker-7.novalocal,140331200227136,15330
read_img,847.759354352951,850.4360017776489,bigbrain_769_2010_1041.nii,bin-worker-6.novalocal,140178555524928,23764
read_img,418.66435146331787,421.88032269477844,bigbrain_769_0_0.nii,bin-worker-7.novalocal,140331200227136,15321
read_img,849.5752203464508,853.058963060379,bigbrain_769_2010_2429.nii,bin-worker-4.novalocal,140099593164608,16248
read_img,419.8976261615753,424.0824203491211,bigbrain_2307_0_1388.nii,bin-worker-7.novalocal,140331200227136,15322
read_img,419.93736577033997,424.6936912536621,bigbrain_2307_0_1735.nii,bin-worker-7.novalocal,140331200227136,15335
read_img,420.6805865764618,425.42025351524353,bigbrain_2307_0_2082.nii,bin-worker-7.novalocal,140331200227136,15332
read_img,420.8997914791107,425.6058769226074,bigbrain_2307_0_2429.nii,bin-worker-7.novalocal,140331200227136,15341
read_img,423.3427333831787,425.1351215839386,bigbrain_2307_0_2776.nii,bin-worker-4.novalocal,140099593164608,16241
read_img,851.0281727313995,855.7891180515289,bigbrain_769_2010_3123.nii,bin-worker-4.novalocal,140099593164608,16233
read_img,425.0737645626068,427.44367146492004,bigbrain_2307_0_347.nii,bin-worker-4.novalocal,140099593164608,16228
read_img,847.7715759277344,855.9248855113983,bigbrain_769_2010_1388.nii,bin-worker-8.novalocal,140004231698240,9802
read_img,424.96459102630615,427.6059396266937,bigbrain_2307_0_3123.nii,bin-worker-1.novalocal,140703567460160,3850
read_img,426.20790815353394,429.2814927101135,bigbrain_2307_0_694.nii,bin-worker-1.novalocal,140703567460160,3847
read_img,847.8302500247955,859.2378027439117,bigbrain_769_2010_1735.nii,bin-worker-8.novalocal,140004231698240,9808
read_img,848.3164732456207,859.8705475330353,bigbrain_769_2010_2082.nii,bin-worker-8.novalocal,140004231698240,9814
read_img,426.9633803367615,429.8531723022461,bigbrain_2307_1005_0.nii,bin-worker-4.novalocal,140099593164608,16248
read_img,852.6845655441284,859.493688583374,bigbrain_769_201_1041.nii,bin-worker-1.novalocal,140703567460160,3847
read_img,850.031240940094,860.0125072002411,bigbrain_769_2010_2776.nii,bin-worker-8.novalocal,140004231698240,9803
read_img,853.4533815383911,860.1627657413483,bigbrain_769_201_1388.nii,bin-worker-1.novalocal,140703567460160,3850
read_img,857.0447866916656,860.4608235359192,bigbrain_769_201_2429.nii,bin-worker-4.novalocal,140099593164608,16236
read_img,851.1452939510345,860.4688506126404,bigbrain_769_2010_347.nii,bin-worker-6.novalocal,140178555524928,23767
read_img,428.1452875137329,431.8867509365082,bigbrain_2307_1005_1041.nii,bin-worker-3.novalocal,139897088001856,3718
read_img,429.0317897796631,432.58272647857666,bigbrain_2307_1005_2082.nii,bin-worker-3.novalocal,139897088001856,3712
read_img,852.2798051834106,862.1058866977692,bigbrain_769_201_0.nii,bin-worker-6.novalocal,140178555524928,23755
read_img,851.6585037708282,861.771981716156,bigbrain_769_2010_694.nii,bin-worker-6.novalocal,140178555524928,23748
read_img,853.5311195850372,862.2304484844208,bigbrain_769_201_1735.nii,bin-worker-6.novalocal,140178555524928,23757
read_img,853.5604679584503,862.350487947464,bigbrain_769_201_2082.nii,bin-worker-6.novalocal,140178555524928,23746
read_img,431.6648533344269,435.11536049842834,bigbrain_2307_1005_2429.nii,bin-worker-1.novalocal,140703567460160,3830
read_img,428.88534021377563,434.12956404685974,bigbrain_2307_1005_1388.nii,bin-worker-4.novalocal,140099593164608,16243
read_img,864.4531376361847,865.3693196773529,bigbrain_769_201_2776.nii,bin-worker-4.novalocal,140099593164608,16243
read_img,865.6590330600739,866.5949747562408,bigbrain_769_201_3123.nii,bin-worker-4.novalocal,140099593164608,16239
read_img,428.8918478488922,436.77488946914673,bigbrain_2307_1005_1735.nii,bin-worker-4.novalocal,140099593164608,16239
read_img,433.5004196166992,436.8559935092926,bigbrain_2307_1206_1388.nii,bin-worker-2.novalocal,140326538557248,4114
